ISO-10303-21;
HEADER;
FILE_DESCRIPTION((''),'2;1');
FILE_NAME('009483086','2017-05-24T',('ghp'),(''),
'PRO/ENGINEER BY PARAMETRIC TECHNOLOGY CORPORATION, 2012310',
'PRO/ENGINEER BY PARAMETRIC TECHNOLOGY CORPORATION, 2012310','');
FILE_SCHEMA(('CONFIG_CONTROL_DESIGN'));
ENDSEC;
DATA;
#1=DIRECTION('',(0.E0,0.E0,1.E0));
#2=VECTOR('',#1,6.86E0);
#3=CARTESIAN_POINT('',(-1.57988E1,1.041E1,-9.4E0));
#4=LINE('',#3,#2);
#5=DIRECTION('',(0.E0,-1.E0,0.E0));
#6=VECTOR('',#5,1.47E0);
#7=CARTESIAN_POINT('',(-1.57988E1,1.188E1,-2.54E0));
#8=LINE('',#7,#6);
#9=DIRECTION('',(0.E0,5.009019441165E-1,-8.655040394939E-1));
#10=VECTOR('',#9,2.934706118166E0);
#11=CARTESIAN_POINT('',(-1.57988E1,1.041E1,0.E0));
#12=LINE('',#11,#10);
#13=DIRECTION('',(0.E0,-1.E0,0.E0));
#14=VECTOR('',#13,1.041E1);
#15=CARTESIAN_POINT('',(-1.57988E1,1.041E1,0.E0));
#16=LINE('',#15,#14);
#17=DIRECTION('',(0.E0,0.E0,-1.E0));
#18=VECTOR('',#17,5.168407239349E0);
#19=CARTESIAN_POINT('',(-1.57988E1,0.E0,0.E0));
#20=LINE('',#19,#18);
#21=CARTESIAN_POINT('',(-1.57988E1,-1.02E0,-2.03E0));
#22=DIRECTION('',(1.E0,0.E0,0.E0));
#23=DIRECTION('',(0.E0,3.090909090909E-1,-9.510324967725E-1));
#24=AXIS2_PLACEMENT_3D('',#21,#22,#23);
#26=DIRECTION('',(0.E0,1.E0,0.E0));
#27=VECTOR('',#26,1.78E0);
#28=CARTESIAN_POINT('',(-1.57988E1,2.28E0,-2.03E0));
#29=LINE('',#28,#27);
#30=DIRECTION('',(0.E0,0.E0,-1.E0));
#31=VECTOR('',#30,9.4E0);
#32=CARTESIAN_POINT('',(-1.57988E1,4.06E0,-2.03E0));
#33=LINE('',#32,#31);
#34=DIRECTION('',(0.E0,1.E0,0.E0));
#35=VECTOR('',#34,5.08E0);
#36=CARTESIAN_POINT('',(-1.57988E1,4.06E0,-1.143E1));
#37=LINE('',#36,#35);
#38=DIRECTION('',(0.E0,0.E0,1.E0));
#39=VECTOR('',#38,2.03E0);
#40=CARTESIAN_POINT('',(-1.57988E1,9.14E0,-1.143E1));
#41=LINE('',#40,#39);
#42=DIRECTION('',(0.E0,1.E0,0.E0));
#43=VECTOR('',#42,1.27E0);
#44=CARTESIAN_POINT('',(-1.57988E1,9.14E0,-9.4E0));
#45=LINE('',#44,#43);
#46=DIRECTION('',(0.E0,0.E0,-1.E0));
#47=VECTOR('',#46,2.54E0);
#48=CARTESIAN_POINT('',(3.914E0,1.041E1,0.E0));
#49=LINE('',#48,#47);
#50=DIRECTION('',(0.E0,0.E0,-1.E0));
#51=VECTOR('',#50,2.54E0);
#52=CARTESIAN_POINT('',(-3.914E0,1.041E1,0.E0));
#53=LINE('',#52,#51);
#54=DIRECTION('',(-1.E0,0.E0,0.E0));
#55=VECTOR('',#54,3.96E0);
#56=CARTESIAN_POINT('',(-3.914E0,1.041E1,-2.54E0));
#57=LINE('',#56,#55);
#58=DIRECTION('',(0.E0,0.E0,-1.E0));
#59=VECTOR('',#58,2.54E0);
#60=CARTESIAN_POINT('',(-7.874E0,1.041E1,0.E0));
#61=LINE('',#60,#59);
#62=DIRECTION('',(0.E0,0.E0,-1.E0));
#63=VECTOR('',#62,2.54E0);
#64=CARTESIAN_POINT('',(-1.18388E1,1.041E1,0.E0));
#65=LINE('',#64,#63);
#66=DIRECTION('',(1.E0,0.E0,0.E0));
#67=VECTOR('',#66,3.96E0);
#68=CARTESIAN_POINT('',(-1.57988E1,1.041E1,-2.54E0));
#69=LINE('',#68,#67);
#70=DIRECTION('',(1.E0,0.E0,0.E0));
#71=VECTOR('',#70,3.15976E1);
#72=CARTESIAN_POINT('',(-1.57988E1,1.041E1,-9.4E0));
#73=LINE('',#72,#71);
#74=DIRECTION('',(-1.E0,0.E0,0.E0));
#75=VECTOR('',#74,3.96E0);
#76=CARTESIAN_POINT('',(1.57988E1,1.041E1,-2.54E0));
#77=LINE('',#76,#75);
#78=DIRECTION('',(0.E0,0.E0,-1.E0));
#79=VECTOR('',#78,2.54E0);
#80=CARTESIAN_POINT('',(1.18388E1,1.041E1,0.E0));
#81=LINE('',#80,#79);
#82=DIRECTION('',(0.E0,0.E0,-1.E0));
#83=VECTOR('',#82,2.54E0);
#84=CARTESIAN_POINT('',(7.874E0,1.041E1,0.E0));
#85=LINE('',#84,#83);
#86=DIRECTION('',(1.E0,0.E0,0.E0));
#87=VECTOR('',#86,3.96E0);
#88=CARTESIAN_POINT('',(3.914E0,1.041E1,-2.54E0));
#89=LINE('',#88,#87);
#90=DIRECTION('',(0.E0,1.E0,0.E0));
#91=VECTOR('',#90,1.47E0);
#92=CARTESIAN_POINT('',(3.914E0,1.041E1,-2.54E0));
#93=LINE('',#92,#91);
#94=DIRECTION('',(0.E0,-5.009019441165E-1,8.655040394939E-1));
#95=VECTOR('',#94,2.934706118166E0);
#96=CARTESIAN_POINT('',(3.914E0,1.188E1,-2.54E0));
#97=LINE('',#96,#95);
#98=DIRECTION('',(0.E0,-5.009019441165E-1,8.655040394939E-1));
#99=VECTOR('',#98,2.934706118166E0);
#100=CARTESIAN_POINT('',(7.874E0,1.188E1,-2.54E0));
#101=LINE('',#100,#99);
#102=DIRECTION('',(0.E0,1.E0,0.E0));
#103=VECTOR('',#102,1.47E0);
#104=CARTESIAN_POINT('',(7.874E0,1.041E1,-2.54E0));
#105=LINE('',#104,#103);
#106=DIRECTION('',(1.E0,0.E0,0.E0));
#107=VECTOR('',#106,3.96E0);
#108=CARTESIAN_POINT('',(3.914E0,1.188E1,-2.54E0));
#109=LINE('',#108,#107);
#110=DIRECTION('',(0.E0,-1.E0,0.E0));
#111=VECTOR('',#110,3.02E0);
#112=CARTESIAN_POINT('',(-1.54584E1,1.019E1,0.E0));
#113=LINE('',#112,#111);
#114=DIRECTION('',(1.E0,0.E0,0.E0));
#115=VECTOR('',#114,3.18E0);
#116=CARTESIAN_POINT('',(-1.54584E1,7.17E0,0.E0));
#117=LINE('',#116,#115);
#118=DIRECTION('',(0.E0,1.E0,0.E0));
#119=VECTOR('',#118,3.02E0);
#120=CARTESIAN_POINT('',(-1.22784E1,7.17E0,0.E0));
#121=LINE('',#120,#119);
#122=DIRECTION('',(-1.E0,0.E0,0.E0));
#123=VECTOR('',#122,3.18E0);
#124=CARTESIAN_POINT('',(-1.22784E1,1.019E1,0.E0));
#125=LINE('',#124,#123);
#126=DIRECTION('',(0.E0,-1.E0,0.E0));
#127=VECTOR('',#126,3.02E0);
#128=CARTESIAN_POINT('',(-1.14984E1,1.019E1,0.E0));
#129=LINE('',#128,#127);
#130=DIRECTION('',(1.E0,0.E0,0.E0));
#131=VECTOR('',#130,3.18E0);
#132=CARTESIAN_POINT('',(-1.14984E1,7.17E0,0.E0));
#133=LINE('',#132,#131);
#134=DIRECTION('',(0.E0,1.E0,0.E0));
#135=VECTOR('',#134,3.02E0);
#136=CARTESIAN_POINT('',(-8.3184E0,7.17E0,0.E0));
#137=LINE('',#136,#135);
#138=DIRECTION('',(-1.E0,0.E0,0.E0));
#139=VECTOR('',#138,3.18E0);
#140=CARTESIAN_POINT('',(-8.3184E0,1.019E1,0.E0));
#141=LINE('',#140,#139);
#142=DIRECTION('',(0.E0,-1.E0,0.E0));
#143=VECTOR('',#142,3.02E0);
#144=CARTESIAN_POINT('',(-7.5384E0,1.019E1,0.E0));
#145=LINE('',#144,#143);
#146=DIRECTION('',(1.E0,0.E0,0.E0));
#147=VECTOR('',#146,3.18E0);
#148=CARTESIAN_POINT('',(-7.5384E0,7.17E0,0.E0));
#149=LINE('',#148,#147);
#150=DIRECTION('',(0.E0,1.E0,0.E0));
#151=VECTOR('',#150,3.02E0);
#152=CARTESIAN_POINT('',(-4.3584E0,7.17E0,0.E0));
#153=LINE('',#152,#151);
#154=DIRECTION('',(-1.E0,0.E0,0.E0));
#155=VECTOR('',#154,3.18E0);
#156=CARTESIAN_POINT('',(-4.3584E0,1.019E1,0.E0));
#157=LINE('',#156,#155);
#158=DIRECTION('',(0.E0,-1.E0,0.E0));
#159=VECTOR('',#158,3.02E0);
#160=CARTESIAN_POINT('',(-3.5784E0,1.019E1,0.E0));
#161=LINE('',#160,#159);
#162=DIRECTION('',(1.E0,0.E0,0.E0));
#163=VECTOR('',#162,3.18E0);
#164=CARTESIAN_POINT('',(-3.5784E0,7.17E0,0.E0));
#165=LINE('',#164,#163);
#166=DIRECTION('',(0.E0,1.E0,0.E0));
#167=VECTOR('',#166,3.02E0);
#168=CARTESIAN_POINT('',(-3.984E-1,7.17E0,0.E0));
#169=LINE('',#168,#167);
#170=DIRECTION('',(-1.E0,0.E0,0.E0));
#171=VECTOR('',#170,3.18E0);
#172=CARTESIAN_POINT('',(-3.984E-1,1.019E1,0.E0));
#173=LINE('',#172,#171);
#174=DIRECTION('',(0.E0,-1.E0,0.E0));
#175=VECTOR('',#174,3.02E0);
#176=CARTESIAN_POINT('',(3.816E-1,1.019E1,0.E0));
#177=LINE('',#176,#175);
#178=DIRECTION('',(1.E0,0.E0,0.E0));
#179=VECTOR('',#178,3.18E0);
#180=CARTESIAN_POINT('',(3.816E-1,7.17E0,0.E0));
#181=LINE('',#180,#179);
#182=DIRECTION('',(0.E0,1.E0,0.E0));
#183=VECTOR('',#182,3.02E0);
#184=CARTESIAN_POINT('',(3.5616E0,7.17E0,0.E0));
#185=LINE('',#184,#183);
#186=DIRECTION('',(-1.E0,0.E0,0.E0));
#187=VECTOR('',#186,3.18E0);
#188=CARTESIAN_POINT('',(3.5616E0,1.019E1,0.E0));
#189=LINE('',#188,#187);
#190=DIRECTION('',(0.E0,-1.E0,0.E0));
#191=VECTOR('',#190,3.02E0);
#192=CARTESIAN_POINT('',(4.3416E0,1.019E1,0.E0));
#193=LINE('',#192,#191);
#194=DIRECTION('',(1.E0,0.E0,0.E0));
#195=VECTOR('',#194,3.18E0);
#196=CARTESIAN_POINT('',(4.3416E0,7.17E0,0.E0));
#197=LINE('',#196,#195);
#198=DIRECTION('',(0.E0,1.E0,0.E0));
#199=VECTOR('',#198,3.02E0);
#200=CARTESIAN_POINT('',(7.5216E0,7.17E0,0.E0));
#201=LINE('',#200,#199);
#202=DIRECTION('',(-1.E0,0.E0,0.E0));
#203=VECTOR('',#202,3.18E0);
#204=CARTESIAN_POINT('',(7.5216E0,1.019E1,0.E0));
#205=LINE('',#204,#203);
#206=DIRECTION('',(0.E0,-1.E0,0.E0));
#207=VECTOR('',#206,3.02E0);
#208=CARTESIAN_POINT('',(8.3016E0,1.019E1,0.E0));
#209=LINE('',#208,#207);
#210=DIRECTION('',(1.E0,0.E0,0.E0));
#211=VECTOR('',#210,3.18E0);
#212=CARTESIAN_POINT('',(8.3016E0,7.17E0,0.E0));
#213=LINE('',#212,#211);
#214=DIRECTION('',(0.E0,1.E0,0.E0));
#215=VECTOR('',#214,3.02E0);
#216=CARTESIAN_POINT('',(1.14816E1,7.17E0,0.E0));
#217=LINE('',#216,#215);
#218=DIRECTION('',(-1.E0,0.E0,0.E0));
#219=VECTOR('',#218,3.18E0);
#220=CARTESIAN_POINT('',(1.14816E1,1.019E1,0.E0));
#221=LINE('',#220,#219);
#222=DIRECTION('',(0.E0,-1.E0,0.E0));
#223=VECTOR('',#222,3.02E0);
#224=CARTESIAN_POINT('',(1.22616E1,1.019E1,0.E0));
#225=LINE('',#224,#223);
#226=DIRECTION('',(1.E0,0.E0,0.E0));
#227=VECTOR('',#226,3.18E0);
#228=CARTESIAN_POINT('',(1.22616E1,7.17E0,0.E0));
#229=LINE('',#228,#227);
#230=DIRECTION('',(0.E0,1.E0,0.E0));
#231=VECTOR('',#230,3.02E0);
#232=CARTESIAN_POINT('',(1.54416E1,7.17E0,0.E0));
#233=LINE('',#232,#231);
#234=DIRECTION('',(-1.E0,0.E0,0.E0));
#235=VECTOR('',#234,3.18E0);
#236=CARTESIAN_POINT('',(1.54416E1,1.019E1,0.E0));
#237=LINE('',#236,#235);
#238=DIRECTION('',(1.E0,0.E0,0.E0));
#239=VECTOR('',#238,3.9648E0);
#240=CARTESIAN_POINT('',(7.874E0,1.041E1,0.E0));
#241=LINE('',#240,#239);
#242=DIRECTION('',(-1.E0,0.E0,0.E0));
#243=VECTOR('',#242,3.96E0);
#244=CARTESIAN_POINT('',(1.57988E1,1.041E1,0.E0));
#245=LINE('',#244,#243);
#246=DIRECTION('',(0.E0,1.E0,0.E0));
#247=VECTOR('',#246,4.06E0);
#248=CARTESIAN_POINT('',(1.46588E1,0.E0,0.E0));
#249=LINE('',#248,#247);
#250=DIRECTION('',(1.E0,0.E0,0.E0));
#251=VECTOR('',#250,2.499E-1);
#252=CARTESIAN_POINT('',(1.44089E1,4.06E0,0.E0));
#253=LINE('',#252,#251);
#254=DIRECTION('',(0.E0,1.E0,0.E0));
#255=VECTOR('',#254,2.032E0);
#256=CARTESIAN_POINT('',(1.44089E1,4.06E0,0.E0));
#257=LINE('',#256,#255);
#258=DIRECTION('',(1.E0,0.E0,0.E0));
#259=VECTOR('',#258,1.1176E0);
#260=CARTESIAN_POINT('',(1.32913E1,6.092E0,0.E0));
#261=LINE('',#260,#259);
#262=DIRECTION('',(0.E0,1.E0,0.E0));
#263=VECTOR('',#262,2.032E0);
#264=CARTESIAN_POINT('',(1.32913E1,4.06E0,0.E0));
#265=LINE('',#264,#263);
#266=DIRECTION('',(1.E0,0.E0,0.E0));
#267=VECTOR('',#266,2.8424E0);
#268=CARTESIAN_POINT('',(1.04489E1,4.06E0,0.E0));
#269=LINE('',#268,#267);
#270=DIRECTION('',(0.E0,1.E0,0.E0));
#271=VECTOR('',#270,2.032E0);
#272=CARTESIAN_POINT('',(1.04489E1,4.06E0,0.E0));
#273=LINE('',#272,#271);
#274=DIRECTION('',(1.E0,0.E0,0.E0));
#275=VECTOR('',#274,1.1176E0);
#276=CARTESIAN_POINT('',(9.3313E0,6.092E0,0.E0));
#277=LINE('',#276,#275);
#278=DIRECTION('',(0.E0,1.E0,0.E0));
#279=VECTOR('',#278,2.032E0);
#280=CARTESIAN_POINT('',(9.3313E0,4.06E0,0.E0));
#281=LINE('',#280,#279);
#282=DIRECTION('',(1.E0,0.E0,0.E0));
#283=VECTOR('',#282,2.8424E0);
#284=CARTESIAN_POINT('',(6.4889E0,4.06E0,0.E0));
#285=LINE('',#284,#283);
#286=DIRECTION('',(0.E0,1.E0,0.E0));
#287=VECTOR('',#286,2.032E0);
#288=CARTESIAN_POINT('',(6.4889E0,4.06E0,0.E0));
#289=LINE('',#288,#287);
#290=DIRECTION('',(1.E0,0.E0,0.E0));
#291=VECTOR('',#290,1.1176E0);
#292=CARTESIAN_POINT('',(5.3713E0,6.092E0,0.E0));
#293=LINE('',#292,#291);
#294=DIRECTION('',(0.E0,1.E0,0.E0));
#295=VECTOR('',#294,2.032E0);
#296=CARTESIAN_POINT('',(5.3713E0,4.06E0,0.E0));
#297=LINE('',#296,#295);
#298=DIRECTION('',(1.E0,0.E0,0.E0));
#299=VECTOR('',#298,2.8424E0);
#300=CARTESIAN_POINT('',(2.5289E0,4.06E0,0.E0));
#301=LINE('',#300,#299);
#302=DIRECTION('',(0.E0,1.E0,0.E0));
#303=VECTOR('',#302,2.032E0);
#304=CARTESIAN_POINT('',(2.5289E0,4.06E0,0.E0));
#305=LINE('',#304,#303);
#306=DIRECTION('',(1.E0,0.E0,0.E0));
#307=VECTOR('',#306,1.1176E0);
#308=CARTESIAN_POINT('',(1.4113E0,6.092E0,0.E0));
#309=LINE('',#308,#307);
#310=DIRECTION('',(0.E0,1.E0,0.E0));
#311=VECTOR('',#310,2.032E0);
#312=CARTESIAN_POINT('',(1.4113E0,4.06E0,0.E0));
#313=LINE('',#312,#311);
#314=DIRECTION('',(1.E0,0.E0,0.E0));
#315=VECTOR('',#314,8.413E-1);
#316=CARTESIAN_POINT('',(5.7E-1,4.06E0,0.E0));
#317=LINE('',#316,#315);
#318=DIRECTION('',(1.E0,0.E0,0.E0));
#319=VECTOR('',#318,8.611E-1);
#320=CARTESIAN_POINT('',(-1.4311E0,4.06E0,0.E0));
#321=LINE('',#320,#319);
#322=DIRECTION('',(0.E0,1.E0,0.E0));
#323=VECTOR('',#322,2.032E0);
#324=CARTESIAN_POINT('',(-1.4311E0,4.06E0,0.E0));
#325=LINE('',#324,#323);
#326=DIRECTION('',(1.E0,0.E0,0.E0));
#327=VECTOR('',#326,1.1176E0);
#328=CARTESIAN_POINT('',(-2.5487E0,6.092E0,0.E0));
#329=LINE('',#328,#327);
#330=DIRECTION('',(0.E0,1.E0,0.E0));
#331=VECTOR('',#330,2.032E0);
#332=CARTESIAN_POINT('',(-2.5487E0,4.06E0,0.E0));
#333=LINE('',#332,#331);
#334=DIRECTION('',(1.E0,0.E0,0.E0));
#335=VECTOR('',#334,2.8424E0);
#336=CARTESIAN_POINT('',(-5.3911E0,4.06E0,0.E0));
#337=LINE('',#336,#335);
#338=DIRECTION('',(0.E0,1.E0,0.E0));
#339=VECTOR('',#338,2.032E0);
#340=CARTESIAN_POINT('',(-5.3911E0,4.06E0,0.E0));
#341=LINE('',#340,#339);
#342=DIRECTION('',(1.E0,0.E0,0.E0));
#343=VECTOR('',#342,1.1176E0);
#344=CARTESIAN_POINT('',(-6.5087E0,6.092E0,0.E0));
#345=LINE('',#344,#343);
#346=DIRECTION('',(0.E0,1.E0,0.E0));
#347=VECTOR('',#346,2.032E0);
#348=CARTESIAN_POINT('',(-6.5087E0,4.06E0,0.E0));
#349=LINE('',#348,#347);
#350=DIRECTION('',(1.E0,0.E0,0.E0));
#351=VECTOR('',#350,2.8424E0);
#352=CARTESIAN_POINT('',(-9.3511E0,4.06E0,0.E0));
#353=LINE('',#352,#351);
#354=DIRECTION('',(0.E0,1.E0,0.E0));
#355=VECTOR('',#354,2.032E0);
#356=CARTESIAN_POINT('',(-9.3511E0,4.06E0,0.E0));
#357=LINE('',#356,#355);
#358=DIRECTION('',(1.E0,0.E0,0.E0));
#359=VECTOR('',#358,1.1176E0);
#360=CARTESIAN_POINT('',(-1.04687E1,6.092E0,0.E0));
#361=LINE('',#360,#359);
#362=DIRECTION('',(0.E0,1.E0,0.E0));
#363=VECTOR('',#362,2.032E0);
#364=CARTESIAN_POINT('',(-1.04687E1,4.06E0,0.E0));
#365=LINE('',#364,#363);
#366=DIRECTION('',(1.E0,0.E0,0.E0));
#367=VECTOR('',#366,2.8424E0);
#368=CARTESIAN_POINT('',(-1.33111E1,4.06E0,0.E0));
#369=LINE('',#368,#367);
#370=DIRECTION('',(0.E0,1.E0,0.E0));
#371=VECTOR('',#370,2.032E0);
#372=CARTESIAN_POINT('',(-1.33111E1,4.06E0,0.E0));
#373=LINE('',#372,#371);
#374=DIRECTION('',(1.E0,0.E0,0.E0));
#375=VECTOR('',#374,1.1176E0);
#376=CARTESIAN_POINT('',(-1.44287E1,6.092E0,0.E0));
#377=LINE('',#376,#375);
#378=DIRECTION('',(0.E0,1.E0,0.E0));
#379=VECTOR('',#378,2.032E0);
#380=CARTESIAN_POINT('',(-1.44287E1,4.06E0,0.E0));
#381=LINE('',#380,#379);
#382=DIRECTION('',(1.E0,0.E0,0.E0));
#383=VECTOR('',#382,2.301E-1);
#384=CARTESIAN_POINT('',(-1.46588E1,4.06E0,0.E0));
#385=LINE('',#384,#383);
#386=DIRECTION('',(0.E0,1.E0,0.E0));
#387=VECTOR('',#386,4.06E0);
#388=CARTESIAN_POINT('',(-1.46588E1,0.E0,0.E0));
#389=LINE('',#388,#387);
#390=DIRECTION('',(1.E0,0.E0,0.E0));
#391=VECTOR('',#390,3.96E0);
#392=CARTESIAN_POINT('',(-1.57988E1,1.041E1,0.E0));
#393=LINE('',#392,#391);
#394=DIRECTION('',(1.E0,0.E0,0.E0));
#395=VECTOR('',#394,3.9648E0);
#396=CARTESIAN_POINT('',(-1.18388E1,1.041E1,0.E0));
#397=LINE('',#396,#395);
#398=DIRECTION('',(-1.E0,0.E0,0.E0));
#399=VECTOR('',#398,3.96E0);
#400=CARTESIAN_POINT('',(-3.914E0,1.041E1,0.E0));
#401=LINE('',#400,#399);
#402=DIRECTION('',(1.E0,0.E0,0.E0));
#403=VECTOR('',#402,7.828E0);
#404=CARTESIAN_POINT('',(-3.914E0,1.041E1,0.E0));
#405=LINE('',#404,#403);
#406=DIRECTION('',(1.E0,0.E0,0.E0));
#407=VECTOR('',#406,3.96E0);
#408=CARTESIAN_POINT('',(3.914E0,1.041E1,0.E0));
#409=LINE('',#408,#407);
#410=DIRECTION('',(-5.192263450686E-1,5.367283567001E-1,6.650764419980E-1));
#411=VECTOR('',#410,1.714088679153E0);
#412=CARTESIAN_POINT('',(-1.45684E1,9.27E0,-1.14E0));
#413=LINE('',#412,#411);
#414=DIRECTION('',(0.E0,-1.E0,0.E0));
#415=VECTOR('',#414,1.18E0);
#416=CARTESIAN_POINT('',(-1.45684E1,9.27E0,-1.14E0));
#417=LINE('',#416,#415);
#418=DIRECTION('',(5.192263450686E-1,5.367283567001E-1,6.650764419980E-1));
#419=VECTOR('',#418,1.714088679153E0);
#420=CARTESIAN_POINT('',(-1.31684E1,9.27E0,-1.14E0));
#421=LINE('',#420,#419);
#422=DIRECTION('',(-1.E0,0.E0,0.E0));
#423=VECTOR('',#422,1.4E0);
#424=CARTESIAN_POINT('',(-1.31684E1,9.27E0,-1.14E0));
#425=LINE('',#424,#423);
#426=DIRECTION('',(5.192263450686E-1,-5.367283567001E-1,6.650764419980E-1));
#427=VECTOR('',#426,1.714088679153E0);
#428=CARTESIAN_POINT('',(-1.31684E1,8.09E0,-1.14E0));
#429=LINE('',#428,#427);
#430=DIRECTION('',(0.E0,1.E0,0.E0));
#431=VECTOR('',#430,1.18E0);
#432=CARTESIAN_POINT('',(-1.31684E1,8.09E0,-1.14E0));
#433=LINE('',#432,#431);
#434=DIRECTION('',(-5.192263450686E-1,-5.367283567001E-1,6.650764419980E-1));
#435=VECTOR('',#434,1.714088679153E0);
#436=CARTESIAN_POINT('',(-1.45684E1,8.09E0,-1.14E0));
#437=LINE('',#436,#435);
#438=DIRECTION('',(1.E0,0.E0,0.E0));
#439=VECTOR('',#438,1.4E0);
#440=CARTESIAN_POINT('',(-1.45684E1,8.09E0,-1.14E0));
#441=LINE('',#440,#439);
#442=DIRECTION('',(0.E0,0.E0,1.E0));
#443=VECTOR('',#442,7.6E-1);
#444=CARTESIAN_POINT('',(-1.45684E1,8.09E0,-1.9E0));
#445=LINE('',#444,#443);
#446=DIRECTION('',(0.E0,-1.E0,0.E0));
#447=VECTOR('',#446,1.18E0);
#448=CARTESIAN_POINT('',(-1.45684E1,9.27E0,-1.9E0));
#449=LINE('',#448,#447);
#450=DIRECTION('',(-1.E0,0.E0,0.E0));
#451=VECTOR('',#450,1.4E0);
#452=CARTESIAN_POINT('',(-1.31684E1,9.27E0,-1.9E0));
#453=LINE('',#452,#451);
#454=DIRECTION('',(0.E0,1.E0,0.E0));
#455=VECTOR('',#454,1.18E0);
#456=CARTESIAN_POINT('',(-1.31684E1,8.09E0,-1.9E0));
#457=LINE('',#456,#455);
#458=DIRECTION('',(1.E0,0.E0,0.E0));
#459=VECTOR('',#458,1.4E0);
#460=CARTESIAN_POINT('',(-1.45684E1,8.09E0,-1.9E0));
#461=LINE('',#460,#459);
#462=DIRECTION('',(0.E0,0.E0,1.E0));
#463=VECTOR('',#462,7.6E-1);
#464=CARTESIAN_POINT('',(-1.45684E1,9.27E0,-1.9E0));
#465=LINE('',#464,#463);
#466=DIRECTION('',(0.E0,0.E0,1.E0));
#467=VECTOR('',#466,7.6E-1);
#468=CARTESIAN_POINT('',(-1.31684E1,9.27E0,-1.9E0));
#469=LINE('',#468,#467);
#470=DIRECTION('',(0.E0,0.E0,1.E0));
#471=VECTOR('',#470,7.6E-1);
#472=CARTESIAN_POINT('',(-1.31684E1,8.09E0,-1.9E0));
#473=LINE('',#472,#471);
#474=DIRECTION('',(-5.192263450686E-1,5.367283567001E-1,6.650764419980E-1));
#475=VECTOR('',#474,1.714088679153E0);
#476=CARTESIAN_POINT('',(-1.06084E1,9.27E0,-1.14E0));
#477=LINE('',#476,#475);
#478=DIRECTION('',(0.E0,-1.E0,0.E0));
#479=VECTOR('',#478,1.18E0);
#480=CARTESIAN_POINT('',(-1.06084E1,9.27E0,-1.14E0));
#481=LINE('',#480,#479);
#482=DIRECTION('',(5.192263450686E-1,5.367283567001E-1,6.650764419980E-1));
#483=VECTOR('',#482,1.714088679153E0);
#484=CARTESIAN_POINT('',(-9.2084E0,9.27E0,-1.14E0));
#485=LINE('',#484,#483);
#486=DIRECTION('',(-1.E0,0.E0,0.E0));
#487=VECTOR('',#486,1.4E0);
#488=CARTESIAN_POINT('',(-9.2084E0,9.27E0,-1.14E0));
#489=LINE('',#488,#487);
#490=DIRECTION('',(5.192263450686E-1,-5.367283567001E-1,6.650764419980E-1));
#491=VECTOR('',#490,1.714088679153E0);
#492=CARTESIAN_POINT('',(-9.2084E0,8.09E0,-1.14E0));
#493=LINE('',#492,#491);
#494=DIRECTION('',(0.E0,1.E0,0.E0));
#495=VECTOR('',#494,1.18E0);
#496=CARTESIAN_POINT('',(-9.2084E0,8.09E0,-1.14E0));
#497=LINE('',#496,#495);
#498=DIRECTION('',(-5.192263450686E-1,-5.367283567001E-1,6.650764419980E-1));
#499=VECTOR('',#498,1.714088679153E0);
#500=CARTESIAN_POINT('',(-1.06084E1,8.09E0,-1.14E0));
#501=LINE('',#500,#499);
#502=DIRECTION('',(1.E0,0.E0,0.E0));
#503=VECTOR('',#502,1.4E0);
#504=CARTESIAN_POINT('',(-1.06084E1,8.09E0,-1.14E0));
#505=LINE('',#504,#503);
#506=DIRECTION('',(0.E0,0.E0,1.E0));
#507=VECTOR('',#506,7.6E-1);
#508=CARTESIAN_POINT('',(-1.06084E1,8.09E0,-1.9E0));
#509=LINE('',#508,#507);
#510=DIRECTION('',(0.E0,-1.E0,0.E0));
#511=VECTOR('',#510,1.18E0);
#512=CARTESIAN_POINT('',(-1.06084E1,9.27E0,-1.9E0));
#513=LINE('',#512,#511);
#514=DIRECTION('',(-1.E0,0.E0,0.E0));
#515=VECTOR('',#514,1.4E0);
#516=CARTESIAN_POINT('',(-9.2084E0,9.27E0,-1.9E0));
#517=LINE('',#516,#515);
#518=DIRECTION('',(0.E0,1.E0,0.E0));
#519=VECTOR('',#518,1.18E0);
#520=CARTESIAN_POINT('',(-9.2084E0,8.09E0,-1.9E0));
#521=LINE('',#520,#519);
#522=DIRECTION('',(1.E0,0.E0,0.E0));
#523=VECTOR('',#522,1.4E0);
#524=CARTESIAN_POINT('',(-1.06084E1,8.09E0,-1.9E0));
#525=LINE('',#524,#523);
#526=DIRECTION('',(0.E0,0.E0,1.E0));
#527=VECTOR('',#526,7.6E-1);
#528=CARTESIAN_POINT('',(-1.06084E1,9.27E0,-1.9E0));
#529=LINE('',#528,#527);
#530=DIRECTION('',(0.E0,0.E0,1.E0));
#531=VECTOR('',#530,7.6E-1);
#532=CARTESIAN_POINT('',(-9.2084E0,9.27E0,-1.9E0));
#533=LINE('',#532,#531);
#534=DIRECTION('',(0.E0,0.E0,1.E0));
#535=VECTOR('',#534,7.6E-1);
#536=CARTESIAN_POINT('',(-9.2084E0,8.09E0,-1.9E0));
#537=LINE('',#536,#535);
#538=DIRECTION('',(-5.192263450686E-1,5.367283567001E-1,6.650764419980E-1));
#539=VECTOR('',#538,1.714088679153E0);
#540=CARTESIAN_POINT('',(-6.6484E0,9.27E0,-1.14E0));
#541=LINE('',#540,#539);
#542=DIRECTION('',(0.E0,-1.E0,0.E0));
#543=VECTOR('',#542,1.18E0);
#544=CARTESIAN_POINT('',(-6.6484E0,9.27E0,-1.14E0));
#545=LINE('',#544,#543);
#546=DIRECTION('',(5.192263450686E-1,5.367283567001E-1,6.650764419980E-1));
#547=VECTOR('',#546,1.714088679153E0);
#548=CARTESIAN_POINT('',(-5.2484E0,9.27E0,-1.14E0));
#549=LINE('',#548,#547);
#550=DIRECTION('',(-1.E0,0.E0,0.E0));
#551=VECTOR('',#550,1.4E0);
#552=CARTESIAN_POINT('',(-5.2484E0,9.27E0,-1.14E0));
#553=LINE('',#552,#551);
#554=DIRECTION('',(5.192263450686E-1,-5.367283567001E-1,6.650764419980E-1));
#555=VECTOR('',#554,1.714088679153E0);
#556=CARTESIAN_POINT('',(-5.2484E0,8.09E0,-1.14E0));
#557=LINE('',#556,#555);
#558=DIRECTION('',(0.E0,1.E0,0.E0));
#559=VECTOR('',#558,1.18E0);
#560=CARTESIAN_POINT('',(-5.2484E0,8.09E0,-1.14E0));
#561=LINE('',#560,#559);
#562=DIRECTION('',(-5.192263450686E-1,-5.367283567001E-1,6.650764419980E-1));
#563=VECTOR('',#562,1.714088679153E0);
#564=CARTESIAN_POINT('',(-6.6484E0,8.09E0,-1.14E0));
#565=LINE('',#564,#563);
#566=DIRECTION('',(1.E0,0.E0,0.E0));
#567=VECTOR('',#566,1.4E0);
#568=CARTESIAN_POINT('',(-6.6484E0,8.09E0,-1.14E0));
#569=LINE('',#568,#567);
#570=DIRECTION('',(0.E0,0.E0,1.E0));
#571=VECTOR('',#570,7.6E-1);
#572=CARTESIAN_POINT('',(-6.6484E0,8.09E0,-1.9E0));
#573=LINE('',#572,#571);
#574=DIRECTION('',(0.E0,-1.E0,0.E0));
#575=VECTOR('',#574,1.18E0);
#576=CARTESIAN_POINT('',(-6.6484E0,9.27E0,-1.9E0));
#577=LINE('',#576,#575);
#578=DIRECTION('',(-1.E0,0.E0,0.E0));
#579=VECTOR('',#578,1.4E0);
#580=CARTESIAN_POINT('',(-5.2484E0,9.27E0,-1.9E0));
#581=LINE('',#580,#579);
#582=DIRECTION('',(0.E0,1.E0,0.E0));
#583=VECTOR('',#582,1.18E0);
#584=CARTESIAN_POINT('',(-5.2484E0,8.09E0,-1.9E0));
#585=LINE('',#584,#583);
#586=DIRECTION('',(1.E0,0.E0,0.E0));
#587=VECTOR('',#586,1.4E0);
#588=CARTESIAN_POINT('',(-6.6484E0,8.09E0,-1.9E0));
#589=LINE('',#588,#587);
#590=DIRECTION('',(0.E0,0.E0,1.E0));
#591=VECTOR('',#590,7.6E-1);
#592=CARTESIAN_POINT('',(-6.6484E0,9.27E0,-1.9E0));
#593=LINE('',#592,#591);
#594=DIRECTION('',(0.E0,0.E0,1.E0));
#595=VECTOR('',#594,7.6E-1);
#596=CARTESIAN_POINT('',(-5.2484E0,9.27E0,-1.9E0));
#597=LINE('',#596,#595);
#598=DIRECTION('',(0.E0,0.E0,1.E0));
#599=VECTOR('',#598,7.6E-1);
#600=CARTESIAN_POINT('',(-5.2484E0,8.09E0,-1.9E0));
#601=LINE('',#600,#599);
#602=DIRECTION('',(-5.192263450686E-1,5.367283567001E-1,6.650764419980E-1));
#603=VECTOR('',#602,1.714088679153E0);
#604=CARTESIAN_POINT('',(-2.6884E0,9.27E0,-1.14E0));
#605=LINE('',#604,#603);
#606=DIRECTION('',(0.E0,-1.E0,0.E0));
#607=VECTOR('',#606,1.18E0);
#608=CARTESIAN_POINT('',(-2.6884E0,9.27E0,-1.14E0));
#609=LINE('',#608,#607);
#610=DIRECTION('',(5.192263450686E-1,5.367283567001E-1,6.650764419980E-1));
#611=VECTOR('',#610,1.714088679153E0);
#612=CARTESIAN_POINT('',(-1.2884E0,9.27E0,-1.14E0));
#613=LINE('',#612,#611);
#614=DIRECTION('',(-1.E0,0.E0,0.E0));
#615=VECTOR('',#614,1.4E0);
#616=CARTESIAN_POINT('',(-1.2884E0,9.27E0,-1.14E0));
#617=LINE('',#616,#615);
#618=DIRECTION('',(5.192263450686E-1,-5.367283567001E-1,6.650764419980E-1));
#619=VECTOR('',#618,1.714088679153E0);
#620=CARTESIAN_POINT('',(-1.2884E0,8.09E0,-1.14E0));
#621=LINE('',#620,#619);
#622=DIRECTION('',(0.E0,1.E0,0.E0));
#623=VECTOR('',#622,1.18E0);
#624=CARTESIAN_POINT('',(-1.2884E0,8.09E0,-1.14E0));
#625=LINE('',#624,#623);
#626=DIRECTION('',(-5.192263450686E-1,-5.367283567001E-1,6.650764419980E-1));
#627=VECTOR('',#626,1.714088679153E0);
#628=CARTESIAN_POINT('',(-2.6884E0,8.09E0,-1.14E0));
#629=LINE('',#628,#627);
#630=DIRECTION('',(1.E0,0.E0,0.E0));
#631=VECTOR('',#630,1.4E0);
#632=CARTESIAN_POINT('',(-2.6884E0,8.09E0,-1.14E0));
#633=LINE('',#632,#631);
#634=DIRECTION('',(0.E0,0.E0,1.E0));
#635=VECTOR('',#634,7.6E-1);
#636=CARTESIAN_POINT('',(-2.6884E0,8.09E0,-1.9E0));
#637=LINE('',#636,#635);
#638=DIRECTION('',(0.E0,-1.E0,0.E0));
#639=VECTOR('',#638,1.18E0);
#640=CARTESIAN_POINT('',(-2.6884E0,9.27E0,-1.9E0));
#641=LINE('',#640,#639);
#642=DIRECTION('',(-1.E0,0.E0,0.E0));
#643=VECTOR('',#642,1.4E0);
#644=CARTESIAN_POINT('',(-1.2884E0,9.27E0,-1.9E0));
#645=LINE('',#644,#643);
#646=DIRECTION('',(0.E0,1.E0,0.E0));
#647=VECTOR('',#646,1.18E0);
#648=CARTESIAN_POINT('',(-1.2884E0,8.09E0,-1.9E0));
#649=LINE('',#648,#647);
#650=DIRECTION('',(1.E0,0.E0,0.E0));
#651=VECTOR('',#650,1.4E0);
#652=CARTESIAN_POINT('',(-2.6884E0,8.09E0,-1.9E0));
#653=LINE('',#652,#651);
#654=DIRECTION('',(0.E0,0.E0,1.E0));
#655=VECTOR('',#654,7.6E-1);
#656=CARTESIAN_POINT('',(-2.6884E0,9.27E0,-1.9E0));
#657=LINE('',#656,#655);
#658=DIRECTION('',(0.E0,0.E0,1.E0));
#659=VECTOR('',#658,7.6E-1);
#660=CARTESIAN_POINT('',(-1.2884E0,9.27E0,-1.9E0));
#661=LINE('',#660,#659);
#662=DIRECTION('',(0.E0,0.E0,1.E0));
#663=VECTOR('',#662,7.6E-1);
#664=CARTESIAN_POINT('',(-1.2884E0,8.09E0,-1.9E0));
#665=LINE('',#664,#663);
#666=DIRECTION('',(-5.192263450686E-1,5.367283567001E-1,6.650764419980E-1));
#667=VECTOR('',#666,1.714088679153E0);
#668=CARTESIAN_POINT('',(1.2716E0,9.27E0,-1.14E0));
#669=LINE('',#668,#667);
#670=DIRECTION('',(0.E0,-1.E0,0.E0));
#671=VECTOR('',#670,1.18E0);
#672=CARTESIAN_POINT('',(1.2716E0,9.27E0,-1.14E0));
#673=LINE('',#672,#671);
#674=DIRECTION('',(5.192263450686E-1,5.367283567001E-1,6.650764419980E-1));
#675=VECTOR('',#674,1.714088679153E0);
#676=CARTESIAN_POINT('',(2.6716E0,9.27E0,-1.14E0));
#677=LINE('',#676,#675);
#678=DIRECTION('',(-1.E0,0.E0,0.E0));
#679=VECTOR('',#678,1.4E0);
#680=CARTESIAN_POINT('',(2.6716E0,9.27E0,-1.14E0));
#681=LINE('',#680,#679);
#682=DIRECTION('',(5.192263450686E-1,-5.367283567001E-1,6.650764419980E-1));
#683=VECTOR('',#682,1.714088679153E0);
#684=CARTESIAN_POINT('',(2.6716E0,8.09E0,-1.14E0));
#685=LINE('',#684,#683);
#686=DIRECTION('',(0.E0,1.E0,0.E0));
#687=VECTOR('',#686,1.18E0);
#688=CARTESIAN_POINT('',(2.6716E0,8.09E0,-1.14E0));
#689=LINE('',#688,#687);
#690=DIRECTION('',(-5.192263450686E-1,-5.367283567001E-1,6.650764419980E-1));
#691=VECTOR('',#690,1.714088679153E0);
#692=CARTESIAN_POINT('',(1.2716E0,8.09E0,-1.14E0));
#693=LINE('',#692,#691);
#694=DIRECTION('',(1.E0,0.E0,0.E0));
#695=VECTOR('',#694,1.4E0);
#696=CARTESIAN_POINT('',(1.2716E0,8.09E0,-1.14E0));
#697=LINE('',#696,#695);
#698=DIRECTION('',(0.E0,0.E0,1.E0));
#699=VECTOR('',#698,7.6E-1);
#700=CARTESIAN_POINT('',(1.2716E0,8.09E0,-1.9E0));
#701=LINE('',#700,#699);
#702=DIRECTION('',(0.E0,-1.E0,0.E0));
#703=VECTOR('',#702,1.18E0);
#704=CARTESIAN_POINT('',(1.2716E0,9.27E0,-1.9E0));
#705=LINE('',#704,#703);
#706=DIRECTION('',(-1.E0,0.E0,0.E0));
#707=VECTOR('',#706,1.4E0);
#708=CARTESIAN_POINT('',(2.6716E0,9.27E0,-1.9E0));
#709=LINE('',#708,#707);
#710=DIRECTION('',(0.E0,1.E0,0.E0));
#711=VECTOR('',#710,1.18E0);
#712=CARTESIAN_POINT('',(2.6716E0,8.09E0,-1.9E0));
#713=LINE('',#712,#711);
#714=DIRECTION('',(1.E0,0.E0,0.E0));
#715=VECTOR('',#714,1.4E0);
#716=CARTESIAN_POINT('',(1.2716E0,8.09E0,-1.9E0));
#717=LINE('',#716,#715);
#718=DIRECTION('',(0.E0,0.E0,1.E0));
#719=VECTOR('',#718,7.6E-1);
#720=CARTESIAN_POINT('',(1.2716E0,9.27E0,-1.9E0));
#721=LINE('',#720,#719);
#722=DIRECTION('',(0.E0,0.E0,1.E0));
#723=VECTOR('',#722,7.6E-1);
#724=CARTESIAN_POINT('',(2.6716E0,9.27E0,-1.9E0));
#725=LINE('',#724,#723);
#726=DIRECTION('',(0.E0,0.E0,1.E0));
#727=VECTOR('',#726,7.6E-1);
#728=CARTESIAN_POINT('',(2.6716E0,8.09E0,-1.9E0));
#729=LINE('',#728,#727);
#730=DIRECTION('',(-5.192263450686E-1,5.367283567001E-1,6.650764419980E-1));
#731=VECTOR('',#730,1.714088679153E0);
#732=CARTESIAN_POINT('',(5.2316E0,9.27E0,-1.14E0));
#733=LINE('',#732,#731);
#734=DIRECTION('',(0.E0,-1.E0,0.E0));
#735=VECTOR('',#734,1.18E0);
#736=CARTESIAN_POINT('',(5.2316E0,9.27E0,-1.14E0));
#737=LINE('',#736,#735);
#738=DIRECTION('',(5.192263450686E-1,5.367283567001E-1,6.650764419980E-1));
#739=VECTOR('',#738,1.714088679153E0);
#740=CARTESIAN_POINT('',(6.6316E0,9.27E0,-1.14E0));
#741=LINE('',#740,#739);
#742=DIRECTION('',(-1.E0,0.E0,0.E0));
#743=VECTOR('',#742,1.4E0);
#744=CARTESIAN_POINT('',(6.6316E0,9.27E0,-1.14E0));
#745=LINE('',#744,#743);
#746=DIRECTION('',(5.192263450686E-1,-5.367283567001E-1,6.650764419980E-1));
#747=VECTOR('',#746,1.714088679153E0);
#748=CARTESIAN_POINT('',(6.6316E0,8.09E0,-1.14E0));
#749=LINE('',#748,#747);
#750=DIRECTION('',(0.E0,1.E0,0.E0));
#751=VECTOR('',#750,1.18E0);
#752=CARTESIAN_POINT('',(6.6316E0,8.09E0,-1.14E0));
#753=LINE('',#752,#751);
#754=DIRECTION('',(-5.192263450686E-1,-5.367283567001E-1,6.650764419980E-1));
#755=VECTOR('',#754,1.714088679153E0);
#756=CARTESIAN_POINT('',(5.2316E0,8.09E0,-1.14E0));
#757=LINE('',#756,#755);
#758=DIRECTION('',(1.E0,0.E0,0.E0));
#759=VECTOR('',#758,1.4E0);
#760=CARTESIAN_POINT('',(5.2316E0,8.09E0,-1.14E0));
#761=LINE('',#760,#759);
#762=DIRECTION('',(0.E0,0.E0,1.E0));
#763=VECTOR('',#762,7.6E-1);
#764=CARTESIAN_POINT('',(5.2316E0,8.09E0,-1.9E0));
#765=LINE('',#764,#763);
#766=DIRECTION('',(0.E0,-1.E0,0.E0));
#767=VECTOR('',#766,1.18E0);
#768=CARTESIAN_POINT('',(5.2316E0,9.27E0,-1.9E0));
#769=LINE('',#768,#767);
#770=DIRECTION('',(-1.E0,0.E0,0.E0));
#771=VECTOR('',#770,1.4E0);
#772=CARTESIAN_POINT('',(6.6316E0,9.27E0,-1.9E0));
#773=LINE('',#772,#771);
#774=DIRECTION('',(0.E0,1.E0,0.E0));
#775=VECTOR('',#774,1.18E0);
#776=CARTESIAN_POINT('',(6.6316E0,8.09E0,-1.9E0));
#777=LINE('',#776,#775);
#778=DIRECTION('',(1.E0,0.E0,0.E0));
#779=VECTOR('',#778,1.4E0);
#780=CARTESIAN_POINT('',(5.2316E0,8.09E0,-1.9E0));
#781=LINE('',#780,#779);
#782=DIRECTION('',(0.E0,0.E0,1.E0));
#783=VECTOR('',#782,7.6E-1);
#784=CARTESIAN_POINT('',(5.2316E0,9.27E0,-1.9E0));
#785=LINE('',#784,#783);
#786=DIRECTION('',(0.E0,0.E0,1.E0));
#787=VECTOR('',#786,7.6E-1);
#788=CARTESIAN_POINT('',(6.6316E0,9.27E0,-1.9E0));
#789=LINE('',#788,#787);
#790=DIRECTION('',(0.E0,0.E0,1.E0));
#791=VECTOR('',#790,7.6E-1);
#792=CARTESIAN_POINT('',(6.6316E0,8.09E0,-1.9E0));
#793=LINE('',#792,#791);
#794=DIRECTION('',(-5.192263450686E-1,5.367283567001E-1,6.650764419980E-1));
#795=VECTOR('',#794,1.714088679153E0);
#796=CARTESIAN_POINT('',(9.1916E0,9.27E0,-1.14E0));
#797=LINE('',#796,#795);
#798=DIRECTION('',(0.E0,-1.E0,0.E0));
#799=VECTOR('',#798,1.18E0);
#800=CARTESIAN_POINT('',(9.1916E0,9.27E0,-1.14E0));
#801=LINE('',#800,#799);
#802=DIRECTION('',(5.192263450686E-1,5.367283567001E-1,6.650764419980E-1));
#803=VECTOR('',#802,1.714088679153E0);
#804=CARTESIAN_POINT('',(1.05916E1,9.27E0,-1.14E0));
#805=LINE('',#804,#803);
#806=DIRECTION('',(-1.E0,0.E0,0.E0));
#807=VECTOR('',#806,1.4E0);
#808=CARTESIAN_POINT('',(1.05916E1,9.27E0,-1.14E0));
#809=LINE('',#808,#807);
#810=DIRECTION('',(5.192263450686E-1,-5.367283567001E-1,6.650764419980E-1));
#811=VECTOR('',#810,1.714088679153E0);
#812=CARTESIAN_POINT('',(1.05916E1,8.09E0,-1.14E0));
#813=LINE('',#812,#811);
#814=DIRECTION('',(0.E0,1.E0,0.E0));
#815=VECTOR('',#814,1.18E0);
#816=CARTESIAN_POINT('',(1.05916E1,8.09E0,-1.14E0));
#817=LINE('',#816,#815);
#818=DIRECTION('',(-5.192263450686E-1,-5.367283567001E-1,6.650764419980E-1));
#819=VECTOR('',#818,1.714088679153E0);
#820=CARTESIAN_POINT('',(9.1916E0,8.09E0,-1.14E0));
#821=LINE('',#820,#819);
#822=DIRECTION('',(1.E0,0.E0,0.E0));
#823=VECTOR('',#822,1.4E0);
#824=CARTESIAN_POINT('',(9.1916E0,8.09E0,-1.14E0));
#825=LINE('',#824,#823);
#826=DIRECTION('',(0.E0,0.E0,1.E0));
#827=VECTOR('',#826,7.6E-1);
#828=CARTESIAN_POINT('',(9.1916E0,8.09E0,-1.9E0));
#829=LINE('',#828,#827);
#830=DIRECTION('',(0.E0,-1.E0,0.E0));
#831=VECTOR('',#830,1.18E0);
#832=CARTESIAN_POINT('',(9.1916E0,9.27E0,-1.9E0));
#833=LINE('',#832,#831);
#834=DIRECTION('',(-1.E0,0.E0,0.E0));
#835=VECTOR('',#834,1.4E0);
#836=CARTESIAN_POINT('',(1.05916E1,9.27E0,-1.9E0));
#837=LINE('',#836,#835);
#838=DIRECTION('',(0.E0,1.E0,0.E0));
#839=VECTOR('',#838,1.18E0);
#840=CARTESIAN_POINT('',(1.05916E1,8.09E0,-1.9E0));
#841=LINE('',#840,#839);
#842=DIRECTION('',(1.E0,0.E0,0.E0));
#843=VECTOR('',#842,1.4E0);
#844=CARTESIAN_POINT('',(9.1916E0,8.09E0,-1.9E0));
#845=LINE('',#844,#843);
#846=DIRECTION('',(0.E0,0.E0,1.E0));
#847=VECTOR('',#846,7.6E-1);
#848=CARTESIAN_POINT('',(9.1916E0,9.27E0,-1.9E0));
#849=LINE('',#848,#847);
#850=DIRECTION('',(0.E0,0.E0,1.E0));
#851=VECTOR('',#850,7.6E-1);
#852=CARTESIAN_POINT('',(1.05916E1,9.27E0,-1.9E0));
#853=LINE('',#852,#851);
#854=DIRECTION('',(0.E0,0.E0,1.E0));
#855=VECTOR('',#854,7.6E-1);
#856=CARTESIAN_POINT('',(1.05916E1,8.09E0,-1.9E0));
#857=LINE('',#856,#855);
#858=DIRECTION('',(-5.192263450686E-1,5.367283567001E-1,6.650764419980E-1));
#859=VECTOR('',#858,1.714088679153E0);
#860=CARTESIAN_POINT('',(1.31516E1,9.27E0,-1.14E0));
#861=LINE('',#860,#859);
#862=DIRECTION('',(0.E0,-1.E0,0.E0));
#863=VECTOR('',#862,1.18E0);
#864=CARTESIAN_POINT('',(1.31516E1,9.27E0,-1.14E0));
#865=LINE('',#864,#863);
#866=DIRECTION('',(5.192263450686E-1,5.367283567001E-1,6.650764419980E-1));
#867=VECTOR('',#866,1.714088679153E0);
#868=CARTESIAN_POINT('',(1.45516E1,9.27E0,-1.14E0));
#869=LINE('',#868,#867);
#870=DIRECTION('',(-1.E0,0.E0,0.E0));
#871=VECTOR('',#870,1.4E0);
#872=CARTESIAN_POINT('',(1.45516E1,9.27E0,-1.14E0));
#873=LINE('',#872,#871);
#874=DIRECTION('',(5.192263450686E-1,-5.367283567001E-1,6.650764419980E-1));
#875=VECTOR('',#874,1.714088679153E0);
#876=CARTESIAN_POINT('',(1.45516E1,8.09E0,-1.14E0));
#877=LINE('',#876,#875);
#878=DIRECTION('',(0.E0,1.E0,0.E0));
#879=VECTOR('',#878,1.18E0);
#880=CARTESIAN_POINT('',(1.45516E1,8.09E0,-1.14E0));
#881=LINE('',#880,#879);
#882=DIRECTION('',(-5.192263450686E-1,-5.367283567001E-1,6.650764419980E-1));
#883=VECTOR('',#882,1.714088679153E0);
#884=CARTESIAN_POINT('',(1.31516E1,8.09E0,-1.14E0));
#885=LINE('',#884,#883);
#886=DIRECTION('',(1.E0,0.E0,0.E0));
#887=VECTOR('',#886,1.4E0);
#888=CARTESIAN_POINT('',(1.31516E1,8.09E0,-1.14E0));
#889=LINE('',#888,#887);
#890=DIRECTION('',(0.E0,0.E0,1.E0));
#891=VECTOR('',#890,7.6E-1);
#892=CARTESIAN_POINT('',(1.31516E1,8.09E0,-1.9E0));
#893=LINE('',#892,#891);
#894=DIRECTION('',(0.E0,-1.E0,0.E0));
#895=VECTOR('',#894,1.18E0);
#896=CARTESIAN_POINT('',(1.31516E1,9.27E0,-1.9E0));
#897=LINE('',#896,#895);
#898=DIRECTION('',(-1.E0,0.E0,0.E0));
#899=VECTOR('',#898,1.4E0);
#900=CARTESIAN_POINT('',(1.45516E1,9.27E0,-1.9E0));
#901=LINE('',#900,#899);
#902=DIRECTION('',(0.E0,1.E0,0.E0));
#903=VECTOR('',#902,1.18E0);
#904=CARTESIAN_POINT('',(1.45516E1,8.09E0,-1.9E0));
#905=LINE('',#904,#903);
#906=DIRECTION('',(1.E0,0.E0,0.E0));
#907=VECTOR('',#906,1.4E0);
#908=CARTESIAN_POINT('',(1.31516E1,8.09E0,-1.9E0));
#909=LINE('',#908,#907);
#910=DIRECTION('',(0.E0,0.E0,1.E0));
#911=VECTOR('',#910,7.6E-1);
#912=CARTESIAN_POINT('',(1.31516E1,9.27E0,-1.9E0));
#913=LINE('',#912,#911);
#914=DIRECTION('',(0.E0,0.E0,1.E0));
#915=VECTOR('',#914,7.6E-1);
#916=CARTESIAN_POINT('',(1.45516E1,9.27E0,-1.9E0));
#917=LINE('',#916,#915);
#918=DIRECTION('',(0.E0,0.E0,1.E0));
#919=VECTOR('',#918,7.6E-1);
#920=CARTESIAN_POINT('',(1.45516E1,8.09E0,-1.9E0));
#921=LINE('',#920,#919);
#922=DIRECTION('',(1.E0,0.E0,0.E0));
#923=VECTOR('',#922,3.96E0);
#924=CARTESIAN_POINT('',(1.18388E1,1.188E1,-2.54E0));
#925=LINE('',#924,#923);
#926=DIRECTION('',(0.E0,1.E0,0.E0));
#927=VECTOR('',#926,1.47E0);
#928=CARTESIAN_POINT('',(1.18388E1,1.041E1,-2.54E0));
#929=LINE('',#928,#927);
#930=DIRECTION('',(0.E0,-5.009019441165E-1,8.655040394939E-1));
#931=VECTOR('',#930,2.934706118166E0);
#932=CARTESIAN_POINT('',(1.18388E1,1.188E1,-2.54E0));
#933=LINE('',#932,#931);
#934=DIRECTION('',(0.E0,-1.E0,0.E0));
#935=VECTOR('',#934,1.041E1);
#936=CARTESIAN_POINT('',(1.57988E1,1.041E1,0.E0));
#937=LINE('',#936,#935);
#938=DIRECTION('',(0.E0,-5.009019441165E-1,8.655040394939E-1));
#939=VECTOR('',#938,2.934706118166E0);
#940=CARTESIAN_POINT('',(1.57988E1,1.188E1,-2.54E0));
#941=LINE('',#940,#939);
#942=DIRECTION('',(0.E0,1.E0,0.E0));
#943=VECTOR('',#942,1.47E0);
#944=CARTESIAN_POINT('',(1.57988E1,1.041E1,-2.54E0));
#945=LINE('',#944,#943);
#946=DIRECTION('',(0.E0,0.E0,1.E0));
#947=VECTOR('',#946,6.86E0);
#948=CARTESIAN_POINT('',(1.57988E1,1.041E1,-9.4E0));
#949=LINE('',#948,#947);
#950=DIRECTION('',(0.E0,1.E0,0.E0));
#951=VECTOR('',#950,1.27E0);
#952=CARTESIAN_POINT('',(1.57988E1,9.14E0,-9.4E0));
#953=LINE('',#952,#951);
#954=DIRECTION('',(0.E0,0.E0,1.E0));
#955=VECTOR('',#954,2.03E0);
#956=CARTESIAN_POINT('',(1.57988E1,9.14E0,-1.143E1));
#957=LINE('',#956,#955);
#958=DIRECTION('',(0.E0,1.E0,0.E0));
#959=VECTOR('',#958,5.08E0);
#960=CARTESIAN_POINT('',(1.57988E1,4.06E0,-1.143E1));
#961=LINE('',#960,#959);
#962=DIRECTION('',(0.E0,0.E0,-1.E0));
#963=VECTOR('',#962,9.4E0);
#964=CARTESIAN_POINT('',(1.57988E1,4.06E0,-2.03E0));
#965=LINE('',#964,#963);
#966=DIRECTION('',(0.E0,1.E0,0.E0));
#967=VECTOR('',#966,1.78E0);
#968=CARTESIAN_POINT('',(1.57988E1,2.28E0,-2.03E0));
#969=LINE('',#968,#967);
#970=CARTESIAN_POINT('',(1.57988E1,-1.02E0,-2.03E0));
#971=DIRECTION('',(1.E0,0.E0,0.E0));
#972=DIRECTION('',(0.E0,3.090909090909E-1,-9.510324967725E-1));
#973=AXIS2_PLACEMENT_3D('',#970,#971,#972);
#975=DIRECTION('',(0.E0,0.E0,-1.E0));
#976=VECTOR('',#975,5.168407239349E0);
#977=CARTESIAN_POINT('',(1.57988E1,0.E0,0.E0));
#978=LINE('',#977,#976);
#979=DIRECTION('',(0.E0,1.E0,0.E0));
#980=VECTOR('',#979,1.27E0);
#981=CARTESIAN_POINT('',(1.48566E1,4.06E0,-9.4E0));
#982=LINE('',#981,#980);
#983=DIRECTION('',(1.E0,0.E0,0.E0));
#984=VECTOR('',#983,7.6E-1);
#985=CARTESIAN_POINT('',(1.50388E1,9.14E0,-9.4E0));
#986=LINE('',#985,#984);
#987=DIRECTION('',(1.E0,0.E0,0.E0));
#988=VECTOR('',#987,7.6E-1);
#989=CARTESIAN_POINT('',(-1.57988E1,9.14E0,-9.4E0));
#990=LINE('',#989,#988);
#991=DIRECTION('',(0.E0,1.E0,0.E0));
#992=VECTOR('',#991,1.27E0);
#993=CARTESIAN_POINT('',(-1.28634E1,4.06E0,-9.4E0));
#994=LINE('',#993,#992);
#995=DIRECTION('',(0.E0,1.E0,0.E0));
#996=VECTOR('',#995,1.27E0);
#997=CARTESIAN_POINT('',(-8.9034E0,4.06E0,-9.4E0));
#998=LINE('',#997,#996);
#999=DIRECTION('',(0.E0,1.E0,0.E0));
#1000=VECTOR('',#999,1.27E0);
#1001=CARTESIAN_POINT('',(-4.9434E0,4.06E0,-9.4E0));
#1002=LINE('',#1001,#1000);
#1003=DIRECTION('',(0.E0,1.E0,0.E0));
#1004=VECTOR('',#1003,1.27E0);
#1005=CARTESIAN_POINT('',(-9.834E-1,4.06E0,-9.4E0));
#1006=LINE('',#1005,#1004);
#1007=DIRECTION('',(0.E0,1.E0,0.E0));
#1008=VECTOR('',#1007,1.27E0);
#1009=CARTESIAN_POINT('',(2.9766E0,4.06E0,-9.4E0));
#1010=LINE('',#1009,#1008);
#1011=DIRECTION('',(0.E0,1.E0,0.E0));
#1012=VECTOR('',#1011,1.27E0);
#1013=CARTESIAN_POINT('',(6.9366E0,4.06E0,-9.4E0));
#1014=LINE('',#1013,#1012);
#1015=DIRECTION('',(0.E0,1.E0,0.E0));
#1016=VECTOR('',#1015,1.27E0);
#1017=CARTESIAN_POINT('',(1.08966E1,4.06E0,-9.4E0));
#1018=LINE('',#1017,#1016);
#1019=DIRECTION('',(0.E0,1.E0,0.E0));
#1020=VECTOR('',#1019,5.1E-1);
#1021=CARTESIAN_POINT('',(-1.45049E1,5.255E0,-9.4E0));
#1022=LINE('',#1021,#1020);
#1023=DIRECTION('',(1.E0,0.E0,0.E0));
#1024=VECTOR('',#1023,1.27E0);
#1025=CARTESIAN_POINT('',(-1.45049E1,5.765E0,-9.4E0));
#1026=LINE('',#1025,#1024);
#1027=DIRECTION('',(0.E0,1.E0,0.E0));
#1028=VECTOR('',#1027,5.1E-1);
#1029=CARTESIAN_POINT('',(-1.32349E1,5.255E0,-9.4E0));
#1030=LINE('',#1029,#1028);
#1031=DIRECTION('',(1.E0,0.E0,0.E0));
#1032=VECTOR('',#1031,1.27E0);
#1033=CARTESIAN_POINT('',(-1.45049E1,5.255E0,-9.4E0));
#1034=LINE('',#1033,#1032);
#1035=DIRECTION('',(0.E0,1.E0,0.E0));
#1036=VECTOR('',#1035,5.1E-1);
#1037=CARTESIAN_POINT('',(-1.05449E1,5.255E0,-9.4E0));
#1038=LINE('',#1037,#1036);
#1039=DIRECTION('',(1.E0,0.E0,0.E0));
#1040=VECTOR('',#1039,1.27E0);
#1041=CARTESIAN_POINT('',(-1.05449E1,5.765E0,-9.4E0));
#1042=LINE('',#1041,#1040);
#1043=DIRECTION('',(0.E0,1.E0,0.E0));
#1044=VECTOR('',#1043,5.1E-1);
#1045=CARTESIAN_POINT('',(-9.2749E0,5.255E0,-9.4E0));
#1046=LINE('',#1045,#1044);
#1047=DIRECTION('',(1.E0,0.E0,0.E0));
#1048=VECTOR('',#1047,1.27E0);
#1049=CARTESIAN_POINT('',(-1.05449E1,5.255E0,-9.4E0));
#1050=LINE('',#1049,#1048);
#1051=DIRECTION('',(0.E0,1.E0,0.E0));
#1052=VECTOR('',#1051,5.1E-1);
#1053=CARTESIAN_POINT('',(-6.5849E0,5.255E0,-9.4E0));
#1054=LINE('',#1053,#1052);
#1055=DIRECTION('',(1.E0,0.E0,0.E0));
#1056=VECTOR('',#1055,1.27E0);
#1057=CARTESIAN_POINT('',(-6.5849E0,5.765E0,-9.4E0));
#1058=LINE('',#1057,#1056);
#1059=DIRECTION('',(0.E0,1.E0,0.E0));
#1060=VECTOR('',#1059,5.1E-1);
#1061=CARTESIAN_POINT('',(-5.3149E0,5.255E0,-9.4E0));
#1062=LINE('',#1061,#1060);
#1063=DIRECTION('',(1.E0,0.E0,0.E0));
#1064=VECTOR('',#1063,1.27E0);
#1065=CARTESIAN_POINT('',(-6.5849E0,5.255E0,-9.4E0));
#1066=LINE('',#1065,#1064);
#1067=DIRECTION('',(0.E0,1.E0,0.E0));
#1068=VECTOR('',#1067,5.1E-1);
#1069=CARTESIAN_POINT('',(-2.6249E0,5.255E0,-9.4E0));
#1070=LINE('',#1069,#1068);
#1071=DIRECTION('',(1.E0,0.E0,0.E0));
#1072=VECTOR('',#1071,1.27E0);
#1073=CARTESIAN_POINT('',(-2.6249E0,5.765E0,-9.4E0));
#1074=LINE('',#1073,#1072);
#1075=DIRECTION('',(0.E0,1.E0,0.E0));
#1076=VECTOR('',#1075,5.1E-1);
#1077=CARTESIAN_POINT('',(-1.3549E0,5.255E0,-9.4E0));
#1078=LINE('',#1077,#1076);
#1079=DIRECTION('',(1.E0,0.E0,0.E0));
#1080=VECTOR('',#1079,1.27E0);
#1081=CARTESIAN_POINT('',(-2.6249E0,5.255E0,-9.4E0));
#1082=LINE('',#1081,#1080);
#1083=DIRECTION('',(0.E0,1.E0,0.E0));
#1084=VECTOR('',#1083,5.1E-1);
#1085=CARTESIAN_POINT('',(1.3351E0,5.255E0,-9.4E0));
#1086=LINE('',#1085,#1084);
#1087=DIRECTION('',(1.E0,0.E0,0.E0));
#1088=VECTOR('',#1087,1.27E0);
#1089=CARTESIAN_POINT('',(1.3351E0,5.765E0,-9.4E0));
#1090=LINE('',#1089,#1088);
#1091=DIRECTION('',(0.E0,1.E0,0.E0));
#1092=VECTOR('',#1091,5.1E-1);
#1093=CARTESIAN_POINT('',(2.6051E0,5.255E0,-9.4E0));
#1094=LINE('',#1093,#1092);
#1095=DIRECTION('',(1.E0,0.E0,0.E0));
#1096=VECTOR('',#1095,1.27E0);
#1097=CARTESIAN_POINT('',(1.3351E0,5.255E0,-9.4E0));
#1098=LINE('',#1097,#1096);
#1099=DIRECTION('',(0.E0,1.E0,0.E0));
#1100=VECTOR('',#1099,5.1E-1);
#1101=CARTESIAN_POINT('',(5.2951E0,5.255E0,-9.4E0));
#1102=LINE('',#1101,#1100);
#1103=DIRECTION('',(1.E0,0.E0,0.E0));
#1104=VECTOR('',#1103,1.27E0);
#1105=CARTESIAN_POINT('',(5.2951E0,5.765E0,-9.4E0));
#1106=LINE('',#1105,#1104);
#1107=DIRECTION('',(0.E0,1.E0,0.E0));
#1108=VECTOR('',#1107,5.1E-1);
#1109=CARTESIAN_POINT('',(6.5651E0,5.255E0,-9.4E0));
#1110=LINE('',#1109,#1108);
#1111=DIRECTION('',(1.E0,0.E0,0.E0));
#1112=VECTOR('',#1111,1.27E0);
#1113=CARTESIAN_POINT('',(5.2951E0,5.255E0,-9.4E0));
#1114=LINE('',#1113,#1112);
#1115=DIRECTION('',(0.E0,1.E0,0.E0));
#1116=VECTOR('',#1115,5.1E-1);
#1117=CARTESIAN_POINT('',(9.2551E0,5.255E0,-9.4E0));
#1118=LINE('',#1117,#1116);
#1119=DIRECTION('',(1.E0,0.E0,0.E0));
#1120=VECTOR('',#1119,1.27E0);
#1121=CARTESIAN_POINT('',(9.2551E0,5.765E0,-9.4E0));
#1122=LINE('',#1121,#1120);
#1123=DIRECTION('',(0.E0,1.E0,0.E0));
#1124=VECTOR('',#1123,5.1E-1);
#1125=CARTESIAN_POINT('',(1.05251E1,5.255E0,-9.4E0));
#1126=LINE('',#1125,#1124);
#1127=DIRECTION('',(1.E0,0.E0,0.E0));
#1128=VECTOR('',#1127,1.27E0);
#1129=CARTESIAN_POINT('',(9.2551E0,5.255E0,-9.4E0));
#1130=LINE('',#1129,#1128);
#1131=DIRECTION('',(0.E0,1.E0,0.E0));
#1132=VECTOR('',#1131,5.1E-1);
#1133=CARTESIAN_POINT('',(1.32151E1,5.255E0,-9.4E0));
#1134=LINE('',#1133,#1132);
#1135=DIRECTION('',(1.E0,0.E0,0.E0));
#1136=VECTOR('',#1135,1.27E0);
#1137=CARTESIAN_POINT('',(1.32151E1,5.765E0,-9.4E0));
#1138=LINE('',#1137,#1136);
#1139=DIRECTION('',(0.E0,1.E0,0.E0));
#1140=VECTOR('',#1139,5.1E-1);
#1141=CARTESIAN_POINT('',(1.44851E1,5.255E0,-9.4E0));
#1142=LINE('',#1141,#1140);
#1143=DIRECTION('',(1.E0,0.E0,0.E0));
#1144=VECTOR('',#1143,1.27E0);
#1145=CARTESIAN_POINT('',(1.32151E1,5.255E0,-9.4E0));
#1146=LINE('',#1145,#1144);
#1147=DIRECTION('',(0.E0,0.E0,-1.E0));
#1148=VECTOR('',#1147,2.03E0);
#1149=CARTESIAN_POINT('',(-1.11934E1,5.33E0,-9.4E0));
#1150=LINE('',#1149,#1148);
#1151=DIRECTION('',(-1.E0,0.E0,0.E0));
#1152=VECTOR('',#1151,1.67E0);
#1153=CARTESIAN_POINT('',(-1.11934E1,5.33E0,-9.4E0));
#1154=LINE('',#1153,#1152);
#1155=DIRECTION('',(0.E0,0.E0,1.E0));
#1156=VECTOR('',#1155,2.03E0);
#1157=CARTESIAN_POINT('',(-1.28634E1,5.33E0,-1.143E1));
#1158=LINE('',#1157,#1156);
#1159=DIRECTION('',(0.E0,0.E0,-1.E0));
#1160=VECTOR('',#1159,2.03E0);
#1161=CARTESIAN_POINT('',(-7.2334E0,5.33E0,-9.4E0));
#1162=LINE('',#1161,#1160);
#1163=DIRECTION('',(-1.E0,0.E0,0.E0));
#1164=VECTOR('',#1163,1.67E0);
#1165=CARTESIAN_POINT('',(-7.2334E0,5.33E0,-9.4E0));
#1166=LINE('',#1165,#1164);
#1167=DIRECTION('',(0.E0,0.E0,1.E0));
#1168=VECTOR('',#1167,2.03E0);
#1169=CARTESIAN_POINT('',(-8.9034E0,5.33E0,-1.143E1));
#1170=LINE('',#1169,#1168);
#1171=DIRECTION('',(0.E0,0.E0,-1.E0));
#1172=VECTOR('',#1171,2.03E0);
#1173=CARTESIAN_POINT('',(-3.2734E0,5.33E0,-9.4E0));
#1174=LINE('',#1173,#1172);
#1175=DIRECTION('',(-1.E0,0.E0,0.E0));
#1176=VECTOR('',#1175,1.67E0);
#1177=CARTESIAN_POINT('',(-3.2734E0,5.33E0,-9.4E0));
#1178=LINE('',#1177,#1176);
#1179=DIRECTION('',(0.E0,0.E0,1.E0));
#1180=VECTOR('',#1179,2.03E0);
#1181=CARTESIAN_POINT('',(-4.9434E0,5.33E0,-1.143E1));
#1182=LINE('',#1181,#1180);
#1183=DIRECTION('',(0.E0,0.E0,-1.E0));
#1184=VECTOR('',#1183,2.03E0);
#1185=CARTESIAN_POINT('',(6.866E-1,5.33E0,-9.4E0));
#1186=LINE('',#1185,#1184);
#1187=DIRECTION('',(-1.E0,0.E0,0.E0));
#1188=VECTOR('',#1187,1.67E0);
#1189=CARTESIAN_POINT('',(6.866E-1,5.33E0,-9.4E0));
#1190=LINE('',#1189,#1188);
#1191=DIRECTION('',(0.E0,0.E0,1.E0));
#1192=VECTOR('',#1191,2.03E0);
#1193=CARTESIAN_POINT('',(-9.834E-1,5.33E0,-1.143E1));
#1194=LINE('',#1193,#1192);
#1195=DIRECTION('',(0.E0,0.E0,-1.E0));
#1196=VECTOR('',#1195,2.03E0);
#1197=CARTESIAN_POINT('',(4.6466E0,5.33E0,-9.4E0));
#1198=LINE('',#1197,#1196);
#1199=DIRECTION('',(-1.E0,0.E0,0.E0));
#1200=VECTOR('',#1199,1.67E0);
#1201=CARTESIAN_POINT('',(4.6466E0,5.33E0,-9.4E0));
#1202=LINE('',#1201,#1200);
#1203=DIRECTION('',(0.E0,0.E0,1.E0));
#1204=VECTOR('',#1203,2.03E0);
#1205=CARTESIAN_POINT('',(2.9766E0,5.33E0,-1.143E1));
#1206=LINE('',#1205,#1204);
#1207=DIRECTION('',(0.E0,0.E0,-1.E0));
#1208=VECTOR('',#1207,2.03E0);
#1209=CARTESIAN_POINT('',(8.6066E0,5.33E0,-9.4E0));
#1210=LINE('',#1209,#1208);
#1211=DIRECTION('',(-1.E0,0.E0,0.E0));
#1212=VECTOR('',#1211,1.67E0);
#1213=CARTESIAN_POINT('',(8.6066E0,5.33E0,-9.4E0));
#1214=LINE('',#1213,#1212);
#1215=DIRECTION('',(0.E0,0.E0,1.E0));
#1216=VECTOR('',#1215,2.03E0);
#1217=CARTESIAN_POINT('',(6.9366E0,5.33E0,-1.143E1));
#1218=LINE('',#1217,#1216);
#1219=DIRECTION('',(0.E0,0.E0,1.E0));
#1220=VECTOR('',#1219,2.03E0);
#1221=CARTESIAN_POINT('',(1.48566E1,5.33E0,-1.143E1));
#1222=LINE('',#1221,#1220);
#1223=DIRECTION('',(-1.E0,0.E0,0.E0));
#1224=VECTOR('',#1223,1.822E-1);
#1225=CARTESIAN_POINT('',(1.50388E1,5.33E0,-9.4E0));
#1226=LINE('',#1225,#1224);
#1227=DIRECTION('',(0.E0,0.E0,-1.E0));
#1228=VECTOR('',#1227,2.03E0);
#1229=CARTESIAN_POINT('',(1.25666E1,5.33E0,-9.4E0));
#1230=LINE('',#1229,#1228);
#1231=DIRECTION('',(-1.E0,0.E0,0.E0));
#1232=VECTOR('',#1231,1.67E0);
#1233=CARTESIAN_POINT('',(1.25666E1,5.33E0,-9.4E0));
#1234=LINE('',#1233,#1232);
#1235=DIRECTION('',(0.E0,0.E0,1.E0));
#1236=VECTOR('',#1235,2.03E0);
#1237=CARTESIAN_POINT('',(1.08966E1,5.33E0,-1.143E1));
#1238=LINE('',#1237,#1236);
#1239=DIRECTION('',(0.E0,1.E0,0.E0));
#1240=VECTOR('',#1239,1.27E0);
#1241=CARTESIAN_POINT('',(-1.11934E1,4.06E0,-9.4E0));
#1242=LINE('',#1241,#1240);
#1243=DIRECTION('',(0.E0,0.E0,-1.E0));
#1244=VECTOR('',#1243,3.18E0);
#1245=CARTESIAN_POINT('',(-1.44284E1,4.06E0,-4.69E0));
#1246=LINE('',#1245,#1244);
#1247=DIRECTION('',(1.E0,0.E0,0.E0));
#1248=VECTOR('',#1247,1.12E0);
#1249=CARTESIAN_POINT('',(-1.44284E1,4.06E0,-7.87E0));
#1250=LINE('',#1249,#1248);
#1251=DIRECTION('',(0.E0,0.E0,-1.E0));
#1252=VECTOR('',#1251,3.18E0);
#1253=CARTESIAN_POINT('',(-1.33084E1,4.06E0,-4.69E0));
#1254=LINE('',#1253,#1252);
#1255=DIRECTION('',(-1.E0,0.E0,0.E0));
#1256=VECTOR('',#1255,1.12E0);
#1257=CARTESIAN_POINT('',(-1.33084E1,4.06E0,-4.69E0));
#1258=LINE('',#1257,#1256);
#1259=DIRECTION('',(0.E0,0.E0,-1.E0));
#1260=VECTOR('',#1259,3.18E0);
#1261=CARTESIAN_POINT('',(-1.04684E1,4.06E0,-4.69E0));
#1262=LINE('',#1261,#1260);
#1263=DIRECTION('',(1.E0,0.E0,0.E0));
#1264=VECTOR('',#1263,1.12E0);
#1265=CARTESIAN_POINT('',(-1.04684E1,4.06E0,-7.87E0));
#1266=LINE('',#1265,#1264);
#1267=DIRECTION('',(0.E0,0.E0,1.E0));
#1268=VECTOR('',#1267,3.18E0);
#1269=CARTESIAN_POINT('',(-9.3484E0,4.06E0,-7.87E0));
#1270=LINE('',#1269,#1268);
#1271=DIRECTION('',(-1.E0,0.E0,0.E0));
#1272=VECTOR('',#1271,1.12E0);
#1273=CARTESIAN_POINT('',(-9.3484E0,4.06E0,-4.69E0));
#1274=LINE('',#1273,#1272);
#1275=DIRECTION('',(0.E0,0.E0,-1.E0));
#1276=VECTOR('',#1275,3.18E0);
#1277=CARTESIAN_POINT('',(-6.5084E0,4.06E0,-4.69E0));
#1278=LINE('',#1277,#1276);
#1279=DIRECTION('',(1.E0,0.E0,0.E0));
#1280=VECTOR('',#1279,1.12E0);
#1281=CARTESIAN_POINT('',(-6.5084E0,4.06E0,-7.87E0));
#1282=LINE('',#1281,#1280);
#1283=DIRECTION('',(0.E0,0.E0,1.E0));
#1284=VECTOR('',#1283,3.18E0);
#1285=CARTESIAN_POINT('',(-5.3884E0,4.06E0,-7.87E0));
#1286=LINE('',#1285,#1284);
#1287=DIRECTION('',(-1.E0,0.E0,0.E0));
#1288=VECTOR('',#1287,1.12E0);
#1289=CARTESIAN_POINT('',(-5.3884E0,4.06E0,-4.69E0));
#1290=LINE('',#1289,#1288);
#1291=DIRECTION('',(0.E0,0.E0,-1.E0));
#1292=VECTOR('',#1291,3.18E0);
#1293=CARTESIAN_POINT('',(-2.5484E0,4.06E0,-4.69E0));
#1294=LINE('',#1293,#1292);
#1295=DIRECTION('',(1.E0,0.E0,0.E0));
#1296=VECTOR('',#1295,1.12E0);
#1297=CARTESIAN_POINT('',(-2.5484E0,4.06E0,-7.87E0));
#1298=LINE('',#1297,#1296);
#1299=DIRECTION('',(0.E0,0.E0,1.E0));
#1300=VECTOR('',#1299,3.18E0);
#1301=CARTESIAN_POINT('',(-1.4284E0,4.06E0,-7.87E0));
#1302=LINE('',#1301,#1300);
#1303=DIRECTION('',(-1.E0,0.E0,0.E0));
#1304=VECTOR('',#1303,1.12E0);
#1305=CARTESIAN_POINT('',(-1.4284E0,4.06E0,-4.69E0));
#1306=LINE('',#1305,#1304);
#1307=DIRECTION('',(0.E0,0.E0,-1.E0));
#1308=VECTOR('',#1307,3.18E0);
#1309=CARTESIAN_POINT('',(1.4116E0,4.06E0,-4.69E0));
#1310=LINE('',#1309,#1308);
#1311=DIRECTION('',(1.E0,0.E0,0.E0));
#1312=VECTOR('',#1311,1.12E0);
#1313=CARTESIAN_POINT('',(1.4116E0,4.06E0,-7.87E0));
#1314=LINE('',#1313,#1312);
#1315=DIRECTION('',(0.E0,0.E0,1.E0));
#1316=VECTOR('',#1315,3.18E0);
#1317=CARTESIAN_POINT('',(2.5316E0,4.06E0,-7.87E0));
#1318=LINE('',#1317,#1316);
#1319=DIRECTION('',(-1.E0,0.E0,0.E0));
#1320=VECTOR('',#1319,1.12E0);
#1321=CARTESIAN_POINT('',(2.5316E0,4.06E0,-4.69E0));
#1322=LINE('',#1321,#1320);
#1323=DIRECTION('',(0.E0,0.E0,-1.E0));
#1324=VECTOR('',#1323,3.18E0);
#1325=CARTESIAN_POINT('',(5.3716E0,4.06E0,-4.69E0));
#1326=LINE('',#1325,#1324);
#1327=DIRECTION('',(1.E0,0.E0,0.E0));
#1328=VECTOR('',#1327,1.12E0);
#1329=CARTESIAN_POINT('',(5.3716E0,4.06E0,-7.87E0));
#1330=LINE('',#1329,#1328);
#1331=DIRECTION('',(0.E0,0.E0,1.E0));
#1332=VECTOR('',#1331,3.18E0);
#1333=CARTESIAN_POINT('',(6.4916E0,4.06E0,-7.87E0));
#1334=LINE('',#1333,#1332);
#1335=DIRECTION('',(-1.E0,0.E0,0.E0));
#1336=VECTOR('',#1335,1.12E0);
#1337=CARTESIAN_POINT('',(6.4916E0,4.06E0,-4.69E0));
#1338=LINE('',#1337,#1336);
#1339=DIRECTION('',(0.E0,0.E0,-1.E0));
#1340=VECTOR('',#1339,3.18E0);
#1341=CARTESIAN_POINT('',(9.3316E0,4.06E0,-4.69E0));
#1342=LINE('',#1341,#1340);
#1343=DIRECTION('',(1.E0,0.E0,0.E0));
#1344=VECTOR('',#1343,1.12E0);
#1345=CARTESIAN_POINT('',(9.3316E0,4.06E0,-7.87E0));
#1346=LINE('',#1345,#1344);
#1347=DIRECTION('',(0.E0,0.E0,1.E0));
#1348=VECTOR('',#1347,3.18E0);
#1349=CARTESIAN_POINT('',(1.04516E1,4.06E0,-7.87E0));
#1350=LINE('',#1349,#1348);
#1351=DIRECTION('',(-1.E0,0.E0,0.E0));
#1352=VECTOR('',#1351,1.12E0);
#1353=CARTESIAN_POINT('',(1.04516E1,4.06E0,-4.69E0));
#1354=LINE('',#1353,#1352);
#1355=DIRECTION('',(0.E0,0.E0,-1.E0));
#1356=VECTOR('',#1355,3.18E0);
#1357=CARTESIAN_POINT('',(1.32916E1,4.06E0,-4.69E0));
#1358=LINE('',#1357,#1356);
#1359=DIRECTION('',(1.E0,0.E0,0.E0));
#1360=VECTOR('',#1359,1.12E0);
#1361=CARTESIAN_POINT('',(1.32916E1,4.06E0,-7.87E0));
#1362=LINE('',#1361,#1360);
#1363=DIRECTION('',(0.E0,0.E0,1.E0));
#1364=VECTOR('',#1363,3.18E0);
#1365=CARTESIAN_POINT('',(1.44116E1,4.06E0,-7.87E0));
#1366=LINE('',#1365,#1364);
#1367=DIRECTION('',(-1.E0,0.E0,0.E0));
#1368=VECTOR('',#1367,1.12E0);
#1369=CARTESIAN_POINT('',(1.44116E1,4.06E0,-4.69E0));
#1370=LINE('',#1369,#1368);
#1371=DIRECTION('',(0.E0,0.E0,-1.E0));
#1372=VECTOR('',#1371,2.861757469933E-1);
#1373=CARTESIAN_POINT('',(-1.44287E1,4.06E0,-2.03E0));
#1374=LINE('',#1373,#1372);
#1375=DIRECTION('',(1.E0,0.E0,0.E0));
#1376=VECTOR('',#1375,1.1176E0);
#1377=CARTESIAN_POINT('',(-1.44287E1,4.06E0,-2.316175746993E0));
#1378=LINE('',#1377,#1376);
#1379=DIRECTION('',(0.E0,0.E0,-1.E0));
#1380=VECTOR('',#1379,2.316175746993E0);
#1381=CARTESIAN_POINT('',(-1.33111E1,4.06E0,0.E0));
#1382=LINE('',#1381,#1380);
#1383=DIRECTION('',(0.E0,0.E0,-1.E0));
#1384=VECTOR('',#1383,2.316175746993E0);
#1385=CARTESIAN_POINT('',(-1.04687E1,4.06E0,0.E0));
#1386=LINE('',#1385,#1384);
#1387=DIRECTION('',(1.E0,0.E0,0.E0));
#1388=VECTOR('',#1387,1.1176E0);
#1389=CARTESIAN_POINT('',(-1.04687E1,4.06E0,-2.316175746993E0));
#1390=LINE('',#1389,#1388);
#1391=DIRECTION('',(0.E0,0.E0,-1.E0));
#1392=VECTOR('',#1391,2.316175746993E0);
#1393=CARTESIAN_POINT('',(-9.3511E0,4.06E0,0.E0));
#1394=LINE('',#1393,#1392);
#1395=DIRECTION('',(0.E0,0.E0,-1.E0));
#1396=VECTOR('',#1395,2.316175746993E0);
#1397=CARTESIAN_POINT('',(-6.5087E0,4.06E0,0.E0));
#1398=LINE('',#1397,#1396);
#1399=DIRECTION('',(1.E0,0.E0,0.E0));
#1400=VECTOR('',#1399,1.1176E0);
#1401=CARTESIAN_POINT('',(-6.5087E0,4.06E0,-2.316175746993E0));
#1402=LINE('',#1401,#1400);
#1403=DIRECTION('',(0.E0,0.E0,-1.E0));
#1404=VECTOR('',#1403,2.316175746993E0);
#1405=CARTESIAN_POINT('',(-5.3911E0,4.06E0,0.E0));
#1406=LINE('',#1405,#1404);
#1407=DIRECTION('',(0.E0,0.E0,-1.E0));
#1408=VECTOR('',#1407,2.316175746993E0);
#1409=CARTESIAN_POINT('',(-2.5487E0,4.06E0,0.E0));
#1410=LINE('',#1409,#1408);
#1411=DIRECTION('',(1.E0,0.E0,0.E0));
#1412=VECTOR('',#1411,1.1176E0);
#1413=CARTESIAN_POINT('',(-2.5487E0,4.06E0,-2.316175746993E0));
#1414=LINE('',#1413,#1412);
#1415=DIRECTION('',(0.E0,0.E0,-1.E0));
#1416=VECTOR('',#1415,2.316175746993E0);
#1417=CARTESIAN_POINT('',(-1.4311E0,4.06E0,0.E0));
#1418=LINE('',#1417,#1416);
#1419=DIRECTION('',(0.E0,0.E0,-1.E0));
#1420=VECTOR('',#1419,2.03E0);
#1421=CARTESIAN_POINT('',(-5.7E-1,4.06E0,0.E0));
#1422=LINE('',#1421,#1420);
#1423=DIRECTION('',(1.E0,0.E0,0.E0));
#1424=VECTOR('',#1423,1.14E0);
#1425=CARTESIAN_POINT('',(-5.7E-1,4.06E0,-2.03E0));
#1426=LINE('',#1425,#1424);
#1427=DIRECTION('',(0.E0,0.E0,-1.E0));
#1428=VECTOR('',#1427,2.03E0);
#1429=CARTESIAN_POINT('',(5.7E-1,4.06E0,0.E0));
#1430=LINE('',#1429,#1428);
#1431=DIRECTION('',(0.E0,0.E0,-1.E0));
#1432=VECTOR('',#1431,2.316175746993E0);
#1433=CARTESIAN_POINT('',(1.4113E0,4.06E0,0.E0));
#1434=LINE('',#1433,#1432);
#1435=DIRECTION('',(1.E0,0.E0,0.E0));
#1436=VECTOR('',#1435,1.1176E0);
#1437=CARTESIAN_POINT('',(1.4113E0,4.06E0,-2.316175746993E0));
#1438=LINE('',#1437,#1436);
#1439=DIRECTION('',(0.E0,0.E0,-1.E0));
#1440=VECTOR('',#1439,2.316175746993E0);
#1441=CARTESIAN_POINT('',(2.5289E0,4.06E0,0.E0));
#1442=LINE('',#1441,#1440);
#1443=DIRECTION('',(0.E0,0.E0,-1.E0));
#1444=VECTOR('',#1443,2.316175746993E0);
#1445=CARTESIAN_POINT('',(5.3713E0,4.06E0,0.E0));
#1446=LINE('',#1445,#1444);
#1447=DIRECTION('',(1.E0,0.E0,0.E0));
#1448=VECTOR('',#1447,1.1176E0);
#1449=CARTESIAN_POINT('',(5.3713E0,4.06E0,-2.316175746993E0));
#1450=LINE('',#1449,#1448);
#1451=DIRECTION('',(0.E0,0.E0,-1.E0));
#1452=VECTOR('',#1451,2.316175746993E0);
#1453=CARTESIAN_POINT('',(6.4889E0,4.06E0,0.E0));
#1454=LINE('',#1453,#1452);
#1455=DIRECTION('',(0.E0,0.E0,-1.E0));
#1456=VECTOR('',#1455,2.316175746993E0);
#1457=CARTESIAN_POINT('',(9.3313E0,4.06E0,0.E0));
#1458=LINE('',#1457,#1456);
#1459=DIRECTION('',(1.E0,0.E0,0.E0));
#1460=VECTOR('',#1459,1.1176E0);
#1461=CARTESIAN_POINT('',(9.3313E0,4.06E0,-2.316175746993E0));
#1462=LINE('',#1461,#1460);
#1463=DIRECTION('',(0.E0,0.E0,-1.E0));
#1464=VECTOR('',#1463,2.316175746993E0);
#1465=CARTESIAN_POINT('',(1.04489E1,4.06E0,0.E0));
#1466=LINE('',#1465,#1464);
#1467=DIRECTION('',(0.E0,0.E0,-1.E0));
#1468=VECTOR('',#1467,2.316175746993E0);
#1469=CARTESIAN_POINT('',(1.32913E1,4.06E0,0.E0));
#1470=LINE('',#1469,#1468);
#1471=DIRECTION('',(1.E0,0.E0,0.E0));
#1472=VECTOR('',#1471,1.1176E0);
#1473=CARTESIAN_POINT('',(1.32913E1,4.06E0,-2.316175746993E0));
#1474=LINE('',#1473,#1472);
#1475=DIRECTION('',(0.E0,0.E0,-1.E0));
#1476=VECTOR('',#1475,2.861757469933E-1);
#1477=CARTESIAN_POINT('',(1.44089E1,4.06E0,-2.03E0));
#1478=LINE('',#1477,#1476);
#1479=DIRECTION('',(0.E0,0.E0,1.E0));
#1480=VECTOR('',#1479,2.03E0);
#1481=CARTESIAN_POINT('',(1.48566E1,4.06E0,-1.143E1));
#1482=LINE('',#1481,#1480);
#1483=DIRECTION('',(-1.E0,0.E0,0.E0));
#1484=VECTOR('',#1483,2.29E0);
#1485=CARTESIAN_POINT('',(1.48566E1,4.06E0,-9.4E0));
#1486=LINE('',#1485,#1484);
#1487=DIRECTION('',(0.E0,0.E0,-1.E0));
#1488=VECTOR('',#1487,2.03E0);
#1489=CARTESIAN_POINT('',(1.25666E1,4.06E0,-9.4E0));
#1490=LINE('',#1489,#1488);
#1491=DIRECTION('',(0.E0,0.E0,1.E0));
#1492=VECTOR('',#1491,2.03E0);
#1493=CARTESIAN_POINT('',(1.08966E1,4.06E0,-1.143E1));
#1494=LINE('',#1493,#1492);
#1495=DIRECTION('',(-1.E0,0.E0,0.E0));
#1496=VECTOR('',#1495,2.29E0);
#1497=CARTESIAN_POINT('',(1.08966E1,4.06E0,-9.4E0));
#1498=LINE('',#1497,#1496);
#1499=DIRECTION('',(0.E0,0.E0,-1.E0));
#1500=VECTOR('',#1499,2.03E0);
#1501=CARTESIAN_POINT('',(8.6066E0,4.06E0,-9.4E0));
#1502=LINE('',#1501,#1500);
#1503=DIRECTION('',(0.E0,0.E0,1.E0));
#1504=VECTOR('',#1503,2.03E0);
#1505=CARTESIAN_POINT('',(6.9366E0,4.06E0,-1.143E1));
#1506=LINE('',#1505,#1504);
#1507=DIRECTION('',(-1.E0,0.E0,0.E0));
#1508=VECTOR('',#1507,2.29E0);
#1509=CARTESIAN_POINT('',(6.9366E0,4.06E0,-9.4E0));
#1510=LINE('',#1509,#1508);
#1511=DIRECTION('',(0.E0,0.E0,-1.E0));
#1512=VECTOR('',#1511,2.03E0);
#1513=CARTESIAN_POINT('',(4.6466E0,4.06E0,-9.4E0));
#1514=LINE('',#1513,#1512);
#1515=DIRECTION('',(0.E0,0.E0,1.E0));
#1516=VECTOR('',#1515,2.03E0);
#1517=CARTESIAN_POINT('',(2.9766E0,4.06E0,-1.143E1));
#1518=LINE('',#1517,#1516);
#1519=DIRECTION('',(-1.E0,0.E0,0.E0));
#1520=VECTOR('',#1519,2.29E0);
#1521=CARTESIAN_POINT('',(2.9766E0,4.06E0,-9.4E0));
#1522=LINE('',#1521,#1520);
#1523=DIRECTION('',(0.E0,0.E0,-1.E0));
#1524=VECTOR('',#1523,2.03E0);
#1525=CARTESIAN_POINT('',(6.866E-1,4.06E0,-9.4E0));
#1526=LINE('',#1525,#1524);
#1527=DIRECTION('',(0.E0,0.E0,1.E0));
#1528=VECTOR('',#1527,2.03E0);
#1529=CARTESIAN_POINT('',(-9.834E-1,4.06E0,-1.143E1));
#1530=LINE('',#1529,#1528);
#1531=DIRECTION('',(-1.E0,0.E0,0.E0));
#1532=VECTOR('',#1531,2.29E0);
#1533=CARTESIAN_POINT('',(-9.834E-1,4.06E0,-9.4E0));
#1534=LINE('',#1533,#1532);
#1535=DIRECTION('',(0.E0,0.E0,-1.E0));
#1536=VECTOR('',#1535,2.03E0);
#1537=CARTESIAN_POINT('',(-3.2734E0,4.06E0,-9.4E0));
#1538=LINE('',#1537,#1536);
#1539=DIRECTION('',(0.E0,0.E0,1.E0));
#1540=VECTOR('',#1539,2.03E0);
#1541=CARTESIAN_POINT('',(-4.9434E0,4.06E0,-1.143E1));
#1542=LINE('',#1541,#1540);
#1543=DIRECTION('',(-1.E0,0.E0,0.E0));
#1544=VECTOR('',#1543,2.29E0);
#1545=CARTESIAN_POINT('',(-4.9434E0,4.06E0,-9.4E0));
#1546=LINE('',#1545,#1544);
#1547=DIRECTION('',(0.E0,0.E0,-1.E0));
#1548=VECTOR('',#1547,2.03E0);
#1549=CARTESIAN_POINT('',(-7.2334E0,4.06E0,-9.4E0));
#1550=LINE('',#1549,#1548);
#1551=DIRECTION('',(0.E0,0.E0,1.E0));
#1552=VECTOR('',#1551,2.03E0);
#1553=CARTESIAN_POINT('',(-8.9034E0,4.06E0,-1.143E1));
#1554=LINE('',#1553,#1552);
#1555=DIRECTION('',(-1.E0,0.E0,0.E0));
#1556=VECTOR('',#1555,2.29E0);
#1557=CARTESIAN_POINT('',(-8.9034E0,4.06E0,-9.4E0));
#1558=LINE('',#1557,#1556);
#1559=DIRECTION('',(0.E0,0.E0,-1.E0));
#1560=VECTOR('',#1559,2.03E0);
#1561=CARTESIAN_POINT('',(-1.11934E1,4.06E0,-9.4E0));
#1562=LINE('',#1561,#1560);
#1563=DIRECTION('',(0.E0,0.E0,1.E0));
#1564=VECTOR('',#1563,2.03E0);
#1565=CARTESIAN_POINT('',(-1.28634E1,4.06E0,-1.143E1));
#1566=LINE('',#1565,#1564);
#1567=DIRECTION('',(-1.E0,0.E0,0.E0));
#1568=VECTOR('',#1567,2.29E0);
#1569=CARTESIAN_POINT('',(-1.28634E1,4.06E0,-9.4E0));
#1570=LINE('',#1569,#1568);
#1571=DIRECTION('',(0.E0,0.E0,-1.E0));
#1572=VECTOR('',#1571,2.03E0);
#1573=CARTESIAN_POINT('',(-1.51534E1,4.06E0,-9.4E0));
#1574=LINE('',#1573,#1572);
#1575=DIRECTION('',(1.E0,0.E0,0.E0));
#1576=VECTOR('',#1575,2.301E-1);
#1577=CARTESIAN_POINT('',(-1.46588E1,4.06E0,-1.73E0));
#1578=LINE('',#1577,#1576);
#1579=DIRECTION('',(0.E0,0.E0,-1.E0));
#1580=VECTOR('',#1579,1.73E0);
#1581=CARTESIAN_POINT('',(-1.46588E1,4.06E0,0.E0));
#1582=LINE('',#1581,#1580);
#1583=DIRECTION('',(0.E0,0.E0,-1.E0));
#1584=VECTOR('',#1583,1.73E0);
#1585=CARTESIAN_POINT('',(-1.44287E1,4.06E0,0.E0));
#1586=LINE('',#1585,#1584);
#1587=DIRECTION('',(1.E0,0.E0,0.E0));
#1588=VECTOR('',#1587,2.499E-1);
#1589=CARTESIAN_POINT('',(1.44089E1,4.06E0,-1.73E0));
#1590=LINE('',#1589,#1588);
#1591=DIRECTION('',(0.E0,0.E0,-1.E0));
#1592=VECTOR('',#1591,1.73E0);
#1593=CARTESIAN_POINT('',(1.44089E1,4.06E0,0.E0));
#1594=LINE('',#1593,#1592);
#1595=DIRECTION('',(0.E0,1.E0,0.E0));
#1596=VECTOR('',#1595,5.08E-1);
#1597=CARTESIAN_POINT('',(-1.44284E1,4.06E0,-4.69E0));
#1598=LINE('',#1597,#1596);
#1599=DIRECTION('',(0.E0,1.E0,0.E0));
#1600=VECTOR('',#1599,5.08E-1);
#1601=CARTESIAN_POINT('',(-1.33084E1,4.06E0,-4.69E0));
#1602=LINE('',#1601,#1600);
#1603=DIRECTION('',(0.E0,1.E0,0.E0));
#1604=VECTOR('',#1603,5.08E-1);
#1605=CARTESIAN_POINT('',(-1.33084E1,4.06E0,-7.87E0));
#1606=LINE('',#1605,#1604);
#1607=DIRECTION('',(0.E0,1.E0,0.E0));
#1608=VECTOR('',#1607,5.08E-1);
#1609=CARTESIAN_POINT('',(-1.44284E1,4.06E0,-7.87E0));
#1610=LINE('',#1609,#1608);
#1611=DIRECTION('',(0.E0,0.E0,-1.E0));
#1612=VECTOR('',#1611,3.18E0);
#1613=CARTESIAN_POINT('',(-1.44284E1,4.568E0,-4.69E0));
#1614=LINE('',#1613,#1612);
#1615=DIRECTION('',(-1.E0,0.E0,0.E0));
#1616=VECTOR('',#1615,1.12E0);
#1617=CARTESIAN_POINT('',(-1.33084E1,4.568E0,-4.69E0));
#1618=LINE('',#1617,#1616);
#1619=DIRECTION('',(0.E0,0.E0,1.E0));
#1620=VECTOR('',#1619,3.18E0);
#1621=CARTESIAN_POINT('',(-1.33084E1,4.568E0,-7.87E0));
#1622=LINE('',#1621,#1620);
#1623=DIRECTION('',(1.E0,0.E0,0.E0));
#1624=VECTOR('',#1623,1.12E0);
#1625=CARTESIAN_POINT('',(-1.44284E1,4.568E0,-7.87E0));
#1626=LINE('',#1625,#1624);
#1627=DIRECTION('',(0.E0,1.E0,0.E0));
#1628=VECTOR('',#1627,5.08E-1);
#1629=CARTESIAN_POINT('',(-1.04684E1,4.06E0,-4.69E0));
#1630=LINE('',#1629,#1628);
#1631=DIRECTION('',(0.E0,1.E0,0.E0));
#1632=VECTOR('',#1631,5.08E-1);
#1633=CARTESIAN_POINT('',(-9.3484E0,4.06E0,-4.69E0));
#1634=LINE('',#1633,#1632);
#1635=DIRECTION('',(0.E0,1.E0,0.E0));
#1636=VECTOR('',#1635,5.08E-1);
#1637=CARTESIAN_POINT('',(-9.3484E0,4.06E0,-7.87E0));
#1638=LINE('',#1637,#1636);
#1639=DIRECTION('',(0.E0,1.E0,0.E0));
#1640=VECTOR('',#1639,5.08E-1);
#1641=CARTESIAN_POINT('',(-1.04684E1,4.06E0,-7.87E0));
#1642=LINE('',#1641,#1640);
#1643=DIRECTION('',(0.E0,0.E0,-1.E0));
#1644=VECTOR('',#1643,3.18E0);
#1645=CARTESIAN_POINT('',(-1.04684E1,4.568E0,-4.69E0));
#1646=LINE('',#1645,#1644);
#1647=DIRECTION('',(-1.E0,0.E0,0.E0));
#1648=VECTOR('',#1647,1.12E0);
#1649=CARTESIAN_POINT('',(-9.3484E0,4.568E0,-4.69E0));
#1650=LINE('',#1649,#1648);
#1651=DIRECTION('',(0.E0,0.E0,1.E0));
#1652=VECTOR('',#1651,3.18E0);
#1653=CARTESIAN_POINT('',(-9.3484E0,4.568E0,-7.87E0));
#1654=LINE('',#1653,#1652);
#1655=DIRECTION('',(1.E0,0.E0,0.E0));
#1656=VECTOR('',#1655,1.12E0);
#1657=CARTESIAN_POINT('',(-1.04684E1,4.568E0,-7.87E0));
#1658=LINE('',#1657,#1656);
#1659=DIRECTION('',(0.E0,1.E0,0.E0));
#1660=VECTOR('',#1659,5.08E-1);
#1661=CARTESIAN_POINT('',(-6.5084E0,4.06E0,-4.69E0));
#1662=LINE('',#1661,#1660);
#1663=DIRECTION('',(0.E0,1.E0,0.E0));
#1664=VECTOR('',#1663,5.08E-1);
#1665=CARTESIAN_POINT('',(-5.3884E0,4.06E0,-4.69E0));
#1666=LINE('',#1665,#1664);
#1667=DIRECTION('',(0.E0,1.E0,0.E0));
#1668=VECTOR('',#1667,5.08E-1);
#1669=CARTESIAN_POINT('',(-5.3884E0,4.06E0,-7.87E0));
#1670=LINE('',#1669,#1668);
#1671=DIRECTION('',(0.E0,1.E0,0.E0));
#1672=VECTOR('',#1671,5.08E-1);
#1673=CARTESIAN_POINT('',(-6.5084E0,4.06E0,-7.87E0));
#1674=LINE('',#1673,#1672);
#1675=DIRECTION('',(0.E0,0.E0,-1.E0));
#1676=VECTOR('',#1675,3.18E0);
#1677=CARTESIAN_POINT('',(-6.5084E0,4.568E0,-4.69E0));
#1678=LINE('',#1677,#1676);
#1679=DIRECTION('',(-1.E0,0.E0,0.E0));
#1680=VECTOR('',#1679,1.12E0);
#1681=CARTESIAN_POINT('',(-5.3884E0,4.568E0,-4.69E0));
#1682=LINE('',#1681,#1680);
#1683=DIRECTION('',(0.E0,0.E0,1.E0));
#1684=VECTOR('',#1683,3.18E0);
#1685=CARTESIAN_POINT('',(-5.3884E0,4.568E0,-7.87E0));
#1686=LINE('',#1685,#1684);
#1687=DIRECTION('',(1.E0,0.E0,0.E0));
#1688=VECTOR('',#1687,1.12E0);
#1689=CARTESIAN_POINT('',(-6.5084E0,4.568E0,-7.87E0));
#1690=LINE('',#1689,#1688);
#1691=DIRECTION('',(0.E0,1.E0,0.E0));
#1692=VECTOR('',#1691,5.08E-1);
#1693=CARTESIAN_POINT('',(-2.5484E0,4.06E0,-4.69E0));
#1694=LINE('',#1693,#1692);
#1695=DIRECTION('',(0.E0,1.E0,0.E0));
#1696=VECTOR('',#1695,5.08E-1);
#1697=CARTESIAN_POINT('',(-1.4284E0,4.06E0,-4.69E0));
#1698=LINE('',#1697,#1696);
#1699=DIRECTION('',(0.E0,1.E0,0.E0));
#1700=VECTOR('',#1699,5.08E-1);
#1701=CARTESIAN_POINT('',(-1.4284E0,4.06E0,-7.87E0));
#1702=LINE('',#1701,#1700);
#1703=DIRECTION('',(0.E0,1.E0,0.E0));
#1704=VECTOR('',#1703,5.08E-1);
#1705=CARTESIAN_POINT('',(-2.5484E0,4.06E0,-7.87E0));
#1706=LINE('',#1705,#1704);
#1707=DIRECTION('',(0.E0,0.E0,-1.E0));
#1708=VECTOR('',#1707,3.18E0);
#1709=CARTESIAN_POINT('',(-2.5484E0,4.568E0,-4.69E0));
#1710=LINE('',#1709,#1708);
#1711=DIRECTION('',(-1.E0,0.E0,0.E0));
#1712=VECTOR('',#1711,1.12E0);
#1713=CARTESIAN_POINT('',(-1.4284E0,4.568E0,-4.69E0));
#1714=LINE('',#1713,#1712);
#1715=DIRECTION('',(0.E0,0.E0,1.E0));
#1716=VECTOR('',#1715,3.18E0);
#1717=CARTESIAN_POINT('',(-1.4284E0,4.568E0,-7.87E0));
#1718=LINE('',#1717,#1716);
#1719=DIRECTION('',(1.E0,0.E0,0.E0));
#1720=VECTOR('',#1719,1.12E0);
#1721=CARTESIAN_POINT('',(-2.5484E0,4.568E0,-7.87E0));
#1722=LINE('',#1721,#1720);
#1723=DIRECTION('',(0.E0,1.E0,0.E0));
#1724=VECTOR('',#1723,5.08E-1);
#1725=CARTESIAN_POINT('',(1.4116E0,4.06E0,-4.69E0));
#1726=LINE('',#1725,#1724);
#1727=DIRECTION('',(0.E0,1.E0,0.E0));
#1728=VECTOR('',#1727,5.08E-1);
#1729=CARTESIAN_POINT('',(2.5316E0,4.06E0,-4.69E0));
#1730=LINE('',#1729,#1728);
#1731=DIRECTION('',(0.E0,1.E0,0.E0));
#1732=VECTOR('',#1731,5.08E-1);
#1733=CARTESIAN_POINT('',(2.5316E0,4.06E0,-7.87E0));
#1734=LINE('',#1733,#1732);
#1735=DIRECTION('',(0.E0,1.E0,0.E0));
#1736=VECTOR('',#1735,5.08E-1);
#1737=CARTESIAN_POINT('',(1.4116E0,4.06E0,-7.87E0));
#1738=LINE('',#1737,#1736);
#1739=DIRECTION('',(0.E0,0.E0,-1.E0));
#1740=VECTOR('',#1739,3.18E0);
#1741=CARTESIAN_POINT('',(1.4116E0,4.568E0,-4.69E0));
#1742=LINE('',#1741,#1740);
#1743=DIRECTION('',(-1.E0,0.E0,0.E0));
#1744=VECTOR('',#1743,1.12E0);
#1745=CARTESIAN_POINT('',(2.5316E0,4.568E0,-4.69E0));
#1746=LINE('',#1745,#1744);
#1747=DIRECTION('',(0.E0,0.E0,1.E0));
#1748=VECTOR('',#1747,3.18E0);
#1749=CARTESIAN_POINT('',(2.5316E0,4.568E0,-7.87E0));
#1750=LINE('',#1749,#1748);
#1751=DIRECTION('',(1.E0,0.E0,0.E0));
#1752=VECTOR('',#1751,1.12E0);
#1753=CARTESIAN_POINT('',(1.4116E0,4.568E0,-7.87E0));
#1754=LINE('',#1753,#1752);
#1755=DIRECTION('',(0.E0,1.E0,0.E0));
#1756=VECTOR('',#1755,5.08E-1);
#1757=CARTESIAN_POINT('',(5.3716E0,4.06E0,-4.69E0));
#1758=LINE('',#1757,#1756);
#1759=DIRECTION('',(0.E0,1.E0,0.E0));
#1760=VECTOR('',#1759,5.08E-1);
#1761=CARTESIAN_POINT('',(6.4916E0,4.06E0,-4.69E0));
#1762=LINE('',#1761,#1760);
#1763=DIRECTION('',(0.E0,1.E0,0.E0));
#1764=VECTOR('',#1763,5.08E-1);
#1765=CARTESIAN_POINT('',(6.4916E0,4.06E0,-7.87E0));
#1766=LINE('',#1765,#1764);
#1767=DIRECTION('',(0.E0,1.E0,0.E0));
#1768=VECTOR('',#1767,5.08E-1);
#1769=CARTESIAN_POINT('',(5.3716E0,4.06E0,-7.87E0));
#1770=LINE('',#1769,#1768);
#1771=DIRECTION('',(0.E0,0.E0,-1.E0));
#1772=VECTOR('',#1771,3.18E0);
#1773=CARTESIAN_POINT('',(5.3716E0,4.568E0,-4.69E0));
#1774=LINE('',#1773,#1772);
#1775=DIRECTION('',(-1.E0,0.E0,0.E0));
#1776=VECTOR('',#1775,1.12E0);
#1777=CARTESIAN_POINT('',(6.4916E0,4.568E0,-4.69E0));
#1778=LINE('',#1777,#1776);
#1779=DIRECTION('',(0.E0,0.E0,1.E0));
#1780=VECTOR('',#1779,3.18E0);
#1781=CARTESIAN_POINT('',(6.4916E0,4.568E0,-7.87E0));
#1782=LINE('',#1781,#1780);
#1783=DIRECTION('',(1.E0,0.E0,0.E0));
#1784=VECTOR('',#1783,1.12E0);
#1785=CARTESIAN_POINT('',(5.3716E0,4.568E0,-7.87E0));
#1786=LINE('',#1785,#1784);
#1787=DIRECTION('',(0.E0,1.E0,0.E0));
#1788=VECTOR('',#1787,5.08E-1);
#1789=CARTESIAN_POINT('',(9.3316E0,4.06E0,-4.69E0));
#1790=LINE('',#1789,#1788);
#1791=DIRECTION('',(0.E0,1.E0,0.E0));
#1792=VECTOR('',#1791,5.08E-1);
#1793=CARTESIAN_POINT('',(1.04516E1,4.06E0,-4.69E0));
#1794=LINE('',#1793,#1792);
#1795=DIRECTION('',(0.E0,1.E0,0.E0));
#1796=VECTOR('',#1795,5.08E-1);
#1797=CARTESIAN_POINT('',(1.04516E1,4.06E0,-7.87E0));
#1798=LINE('',#1797,#1796);
#1799=DIRECTION('',(0.E0,1.E0,0.E0));
#1800=VECTOR('',#1799,5.08E-1);
#1801=CARTESIAN_POINT('',(9.3316E0,4.06E0,-7.87E0));
#1802=LINE('',#1801,#1800);
#1803=DIRECTION('',(0.E0,0.E0,-1.E0));
#1804=VECTOR('',#1803,3.18E0);
#1805=CARTESIAN_POINT('',(9.3316E0,4.568E0,-4.69E0));
#1806=LINE('',#1805,#1804);
#1807=DIRECTION('',(-1.E0,0.E0,0.E0));
#1808=VECTOR('',#1807,1.12E0);
#1809=CARTESIAN_POINT('',(1.04516E1,4.568E0,-4.69E0));
#1810=LINE('',#1809,#1808);
#1811=DIRECTION('',(0.E0,0.E0,1.E0));
#1812=VECTOR('',#1811,3.18E0);
#1813=CARTESIAN_POINT('',(1.04516E1,4.568E0,-7.87E0));
#1814=LINE('',#1813,#1812);
#1815=DIRECTION('',(1.E0,0.E0,0.E0));
#1816=VECTOR('',#1815,1.12E0);
#1817=CARTESIAN_POINT('',(9.3316E0,4.568E0,-7.87E0));
#1818=LINE('',#1817,#1816);
#1819=DIRECTION('',(0.E0,1.E0,0.E0));
#1820=VECTOR('',#1819,5.08E-1);
#1821=CARTESIAN_POINT('',(1.32916E1,4.06E0,-4.69E0));
#1822=LINE('',#1821,#1820);
#1823=DIRECTION('',(0.E0,1.E0,0.E0));
#1824=VECTOR('',#1823,5.08E-1);
#1825=CARTESIAN_POINT('',(1.44116E1,4.06E0,-4.69E0));
#1826=LINE('',#1825,#1824);
#1827=DIRECTION('',(0.E0,1.E0,0.E0));
#1828=VECTOR('',#1827,5.08E-1);
#1829=CARTESIAN_POINT('',(1.44116E1,4.06E0,-7.87E0));
#1830=LINE('',#1829,#1828);
#1831=DIRECTION('',(0.E0,1.E0,0.E0));
#1832=VECTOR('',#1831,5.08E-1);
#1833=CARTESIAN_POINT('',(1.32916E1,4.06E0,-7.87E0));
#1834=LINE('',#1833,#1832);
#1835=DIRECTION('',(0.E0,0.E0,-1.E0));
#1836=VECTOR('',#1835,3.18E0);
#1837=CARTESIAN_POINT('',(1.32916E1,4.568E0,-4.69E0));
#1838=LINE('',#1837,#1836);
#1839=DIRECTION('',(-1.E0,0.E0,0.E0));
#1840=VECTOR('',#1839,1.12E0);
#1841=CARTESIAN_POINT('',(1.44116E1,4.568E0,-4.69E0));
#1842=LINE('',#1841,#1840);
#1843=DIRECTION('',(0.E0,0.E0,1.E0));
#1844=VECTOR('',#1843,3.18E0);
#1845=CARTESIAN_POINT('',(1.44116E1,4.568E0,-7.87E0));
#1846=LINE('',#1845,#1844);
#1847=DIRECTION('',(1.E0,0.E0,0.E0));
#1848=VECTOR('',#1847,1.12E0);
#1849=CARTESIAN_POINT('',(1.32916E1,4.568E0,-7.87E0));
#1850=LINE('',#1849,#1848);
#1851=DIRECTION('',(-1.E0,0.E0,0.E0));
#1852=VECTOR('',#1851,1.3899E0);
#1853=CARTESIAN_POINT('',(1.57988E1,4.06E0,-2.03E0));
#1854=LINE('',#1853,#1852);
#1855=DIRECTION('',(-7.071067811865E-1,7.071067811865E-1,0.E0));
#1856=VECTOR('',#1855,1.933937046545E0);
#1857=CARTESIAN_POINT('',(1.46588E1,2.79E0,-2.03E0));
#1858=LINE('',#1857,#1856);
#1859=DIRECTION('',(0.E0,1.E0,0.E0));
#1860=VECTOR('',#1859,5.1E-1);
#1861=CARTESIAN_POINT('',(1.46588E1,2.28E0,-2.03E0));
#1862=LINE('',#1861,#1860);
#1863=DIRECTION('',(1.E0,0.E0,0.E0));
#1864=VECTOR('',#1863,1.14E0);
#1865=CARTESIAN_POINT('',(1.46588E1,2.28E0,-2.03E0));
#1866=LINE('',#1865,#1864);
#1867=DIRECTION('',(0.E0,1.E0,0.E0));
#1868=VECTOR('',#1867,5.1E-1);
#1869=CARTESIAN_POINT('',(-1.46588E1,2.28E0,-2.03E0));
#1870=LINE('',#1869,#1868);
#1871=DIRECTION('',(-7.071067811865E-1,-7.071067811865E-1,0.E0));
#1872=VECTOR('',#1871,1.905935618010E0);
#1873=CARTESIAN_POINT('',(-1.33111E1,4.1377E0,-2.03E0));
#1874=LINE('',#1873,#1872);
#1875=DIRECTION('',(-1.E0,0.E0,0.E0));
#1876=VECTOR('',#1875,1.3701E0);
#1877=CARTESIAN_POINT('',(-1.44287E1,4.06E0,-2.03E0));
#1878=LINE('',#1877,#1876);
#1879=DIRECTION('',(1.E0,0.E0,0.E0));
#1880=VECTOR('',#1879,1.14E0);
#1881=CARTESIAN_POINT('',(-1.57988E1,2.28E0,-2.03E0));
#1882=LINE('',#1881,#1880);
#1883=DIRECTION('',(0.E0,1.E0,0.E0));
#1884=VECTOR('',#1883,4.956709336864E-1);
#1885=CARTESIAN_POINT('',(1.44089E1,4.06E0,-2.03E0));
#1886=LINE('',#1885,#1884);
#1887=DIRECTION('',(0.E0,8.660254037844E-1,5.E-1));
#1888=VECTOR('',#1887,5.723514939866E-1);
#1889=CARTESIAN_POINT('',(1.44089E1,4.06E0,-2.316175746993E0));
#1890=LINE('',#1889,#1888);
#1891=DIRECTION('',(0.E0,1.E0,0.E0));
#1892=VECTOR('',#1891,1.015286175957E0);
#1893=CARTESIAN_POINT('',(1.44089E1,4.06E0,-1.73E0));
#1894=LINE('',#1893,#1892);
#1895=DIRECTION('',(0.E0,8.660254037844E-1,5.E-1));
#1896=VECTOR('',#1895,2.601927723797E-1);
#1897=CARTESIAN_POINT('',(1.44089E1,5.075286175957E0,-1.73E0));
#1898=LINE('',#1897,#1896);
#1899=CARTESIAN_POINT('',(1.44089E1,5.810327295514E0,-1.820327295514E0));
#1900=DIRECTION('',(1.E0,0.E0,0.E0));
#1901=DIRECTION('',(0.E0,1.151776204102E-1,9.933449127854E-1));
#1902=AXIS2_PLACEMENT_3D('',#1899,#1900,#1901);
#1904=DIRECTION('',(0.E0,8.660254037844E-1,5.E-1));
#1905=VECTOR('',#1904,2.513915031686E-1);
#1906=CARTESIAN_POINT('',(1.44089E1,5.874288571960E0,-1.268695751584E0));
#1907=LINE('',#1906,#1905);
#1908=DIRECTION('',(0.E0,0.E0,1.E0));
#1909=VECTOR('',#1908,1.143E0);
#1910=CARTESIAN_POINT('',(1.44089E1,6.092E0,-1.143E0));
#1911=LINE('',#1910,#1909);
#1912=DIRECTION('',(1.E0,0.E0,0.E0));
#1913=VECTOR('',#1912,1.1176E0);
#1914=CARTESIAN_POINT('',(1.32913E1,5.874288571960E0,-1.268695751584E0));
#1915=LINE('',#1914,#1913);
#1916=DIRECTION('',(1.E0,0.E0,0.E0));
#1917=VECTOR('',#1916,1.1176E0);
#1918=CARTESIAN_POINT('',(1.32913E1,4.555670933686E0,-2.03E0));
#1919=LINE('',#1918,#1917);
#1920=DIRECTION('',(1.E0,0.E0,0.E0));
#1921=VECTOR('',#1920,1.1176E0);
#1922=CARTESIAN_POINT('',(1.32913E1,5.075286175957E0,-1.73E0));
#1923=LINE('',#1922,#1921);
#1924=DIRECTION('',(1.E0,0.E0,0.E0));
#1925=VECTOR('',#1924,1.1176E0);
#1926=CARTESIAN_POINT('',(1.32913E1,5.300619726719E0,-1.599903613810E0));
#1927=LINE('',#1926,#1925);
#1928=DIRECTION('',(0.E0,1.E0,0.E0));
#1929=VECTOR('',#1928,3.981709336864E-1);
#1930=CARTESIAN_POINT('',(1.32913E1,4.1575E0,-2.03E0));
#1931=LINE('',#1930,#1929);
#1932=DIRECTION('',(0.E0,8.660254037844E-1,5.E-1));
#1933=VECTOR('',#1932,5.723514939866E-1);
#1934=CARTESIAN_POINT('',(1.32913E1,4.06E0,-2.316175746993E0));
#1935=LINE('',#1934,#1933);
#1936=DIRECTION('',(0.E0,0.E0,1.E0));
#1937=VECTOR('',#1936,1.143E0);
#1938=CARTESIAN_POINT('',(1.32913E1,6.092E0,-1.143E0));
#1939=LINE('',#1938,#1937);
#1940=DIRECTION('',(0.E0,8.660254037844E-1,5.E-1));
#1941=VECTOR('',#1940,2.513915031686E-1);
#1942=CARTESIAN_POINT('',(1.32913E1,5.874288571960E0,-1.268695751584E0));
#1943=LINE('',#1942,#1941);
#1944=CARTESIAN_POINT('',(1.32913E1,5.810327295514E0,-1.820327295514E0));
#1945=DIRECTION('',(1.E0,0.E0,0.E0));
#1946=DIRECTION('',(0.E0,1.151776204102E-1,9.933449127854E-1));
#1947=AXIS2_PLACEMENT_3D('',#1944,#1945,#1946);
#1949=DIRECTION('',(0.E0,8.660254037844E-1,5.E-1));
#1950=VECTOR('',#1949,2.601927723797E-1);
#1951=CARTESIAN_POINT('',(1.32913E1,5.075286175957E0,-1.73E0));
#1952=LINE('',#1951,#1950);
#1953=DIRECTION('',(0.E0,1.E0,0.E0));
#1954=VECTOR('',#1953,9.177861759571E-1);
#1955=CARTESIAN_POINT('',(1.32913E1,4.1575E0,-1.73E0));
#1956=LINE('',#1955,#1954);
#1957=DIRECTION('',(0.E0,0.E0,-1.E0));
#1958=VECTOR('',#1957,3.E-1);
#1959=CARTESIAN_POINT('',(1.32913E1,4.1575E0,-1.73E0));
#1960=LINE('',#1959,#1958);
#1961=DIRECTION('',(-1.E0,0.E0,0.E0));
#1962=VECTOR('',#1961,1.1176E0);
#1963=CARTESIAN_POINT('',(1.44089E1,6.092E0,-1.143E0));
#1964=LINE('',#1963,#1962);
#1965=DIRECTION('',(-7.071067811865E-1,-7.071067811865E-1,0.E0));
#1966=VECTOR('',#1965,1.905935618010E0);
#1967=CARTESIAN_POINT('',(-1.33111E1,4.1377E0,-1.73E0));
#1968=LINE('',#1967,#1966);
#1969=DIRECTION('',(-7.071067811865E-1,7.071067811865E-1,0.E0));
#1970=VECTOR('',#1969,1.933937046545E0);
#1971=CARTESIAN_POINT('',(1.46588E1,2.79E0,-1.73E0));
#1972=LINE('',#1971,#1970);
#1973=DIRECTION('',(0.E0,1.E0,0.E0));
#1974=VECTOR('',#1973,4.956709336864E-1);
#1975=CARTESIAN_POINT('',(-1.44287E1,4.06E0,-2.03E0));
#1976=LINE('',#1975,#1974);
#1977=DIRECTION('',(0.E0,8.660254037844E-1,5.E-1));
#1978=VECTOR('',#1977,5.723514939866E-1);
#1979=CARTESIAN_POINT('',(-1.44287E1,4.06E0,-2.316175746993E0));
#1980=LINE('',#1979,#1978);
#1981=DIRECTION('',(0.E0,1.E0,0.E0));
#1982=VECTOR('',#1981,1.015286175957E0);
#1983=CARTESIAN_POINT('',(-1.44287E1,4.06E0,-1.73E0));
#1984=LINE('',#1983,#1982);
#1985=DIRECTION('',(0.E0,0.E0,1.E0));
#1986=VECTOR('',#1985,1.143E0);
#1987=CARTESIAN_POINT('',(-1.44287E1,6.092E0,-1.143E0));
#1988=LINE('',#1987,#1986);
#1989=DIRECTION('',(0.E0,8.660254037844E-1,5.E-1));
#1990=VECTOR('',#1989,2.513915031686E-1);
#1991=CARTESIAN_POINT('',(-1.44287E1,5.874288571960E0,-1.268695751584E0));
#1992=LINE('',#1991,#1990);
#1993=CARTESIAN_POINT('',(-1.44287E1,5.810327295514E0,-1.820327295514E0));
#1994=DIRECTION('',(1.E0,0.E0,0.E0));
#1995=DIRECTION('',(0.E0,1.151776204102E-1,9.933449127854E-1));
#1996=AXIS2_PLACEMENT_3D('',#1993,#1994,#1995);
#1998=DIRECTION('',(0.E0,8.660254037844E-1,5.E-1));
#1999=VECTOR('',#1998,2.601927723797E-1);
#2000=CARTESIAN_POINT('',(-1.44287E1,5.075286175957E0,-1.73E0));
#2001=LINE('',#2000,#1999);
#2002=DIRECTION('',(1.E0,0.E0,0.E0));
#2003=VECTOR('',#2002,1.1176E0);
#2004=CARTESIAN_POINT('',(-1.44287E1,5.874288571960E0,-1.268695751584E0));
#2005=LINE('',#2004,#2003);
#2006=DIRECTION('',(1.E0,0.E0,0.E0));
#2007=VECTOR('',#2006,1.1176E0);
#2008=CARTESIAN_POINT('',(-1.44287E1,4.555670933686E0,-2.03E0));
#2009=LINE('',#2008,#2007);
#2010=DIRECTION('',(1.E0,0.E0,0.E0));
#2011=VECTOR('',#2010,1.1176E0);
#2012=CARTESIAN_POINT('',(-1.44287E1,5.075286175957E0,-1.73E0));
#2013=LINE('',#2012,#2011);
#2014=DIRECTION('',(1.E0,0.E0,0.E0));
#2015=VECTOR('',#2014,1.1176E0);
#2016=CARTESIAN_POINT('',(-1.44287E1,5.300619726719E0,-1.599903613810E0));
#2017=LINE('',#2016,#2015);
#2018=DIRECTION('',(0.E0,1.E0,0.E0));
#2019=VECTOR('',#2018,4.179709336864E-1);
#2020=CARTESIAN_POINT('',(-1.33111E1,4.1377E0,-2.03E0));
#2021=LINE('',#2020,#2019);
#2022=DIRECTION('',(0.E0,0.E0,-1.E0));
#2023=VECTOR('',#2022,3.E-1);
#2024=CARTESIAN_POINT('',(-1.33111E1,4.1377E0,-1.73E0));
#2025=LINE('',#2024,#2023);
#2026=DIRECTION('',(0.E0,1.E0,0.E0));
#2027=VECTOR('',#2026,9.375861759571E-1);
#2028=CARTESIAN_POINT('',(-1.33111E1,4.1377E0,-1.73E0));
#2029=LINE('',#2028,#2027);
#2030=DIRECTION('',(0.E0,8.660254037844E-1,5.E-1));
#2031=VECTOR('',#2030,2.601927723797E-1);
#2032=CARTESIAN_POINT('',(-1.33111E1,5.075286175957E0,-1.73E0));
#2033=LINE('',#2032,#2031);
#2034=CARTESIAN_POINT('',(-1.33111E1,5.810327295514E0,-1.820327295514E0));
#2035=DIRECTION('',(1.E0,0.E0,0.E0));
#2036=DIRECTION('',(0.E0,1.151776204102E-1,9.933449127854E-1));
#2037=AXIS2_PLACEMENT_3D('',#2034,#2035,#2036);
#2039=DIRECTION('',(0.E0,8.660254037844E-1,5.E-1));
#2040=VECTOR('',#2039,2.513915031686E-1);
#2041=CARTESIAN_POINT('',(-1.33111E1,5.874288571960E0,-1.268695751584E0));
#2042=LINE('',#2041,#2040);
#2043=DIRECTION('',(0.E0,0.E0,1.E0));
#2044=VECTOR('',#2043,1.143E0);
#2045=CARTESIAN_POINT('',(-1.33111E1,6.092E0,-1.143E0));
#2046=LINE('',#2045,#2044);
#2047=DIRECTION('',(0.E0,8.660254037844E-1,5.E-1));
#2048=VECTOR('',#2047,5.723514939866E-1);
#2049=CARTESIAN_POINT('',(-1.33111E1,4.06E0,-2.316175746993E0));
#2050=LINE('',#2049,#2048);
#2051=DIRECTION('',(0.E0,-1.E0,0.E0));
#2052=VECTOR('',#2051,1.27E0);
#2053=CARTESIAN_POINT('',(-1.46588E1,4.06E0,-1.73E0));
#2054=LINE('',#2053,#2052);
#2055=DIRECTION('',(-1.184237892934E-14,0.E0,-1.E0));
#2056=VECTOR('',#2055,3.E-1);
#2057=CARTESIAN_POINT('',(-1.46588E1,2.79E0,-1.73E0));
#2058=LINE('',#2057,#2056);
#2059=CARTESIAN_POINT('',(-1.46588E1,-1.02E0,-2.03E0));
#2060=DIRECTION('',(1.E0,0.E0,0.E0));
#2061=DIRECTION('',(0.E0,3.090909090909E-1,-9.510324967725E-1));
#2062=AXIS2_PLACEMENT_3D('',#2059,#2060,#2061);
#2064=DIRECTION('',(1.E0,0.E0,0.E0));
#2065=VECTOR('',#2064,1.14E0);
#2066=CARTESIAN_POINT('',(1.46588E1,0.E0,-5.168407239349E0));
#2067=LINE('',#2066,#2065);
#2068=DIRECTION('',(1.E0,0.E0,0.E0));
#2069=VECTOR('',#2068,1.14E0);
#2070=CARTESIAN_POINT('',(-1.57988E1,0.E0,-5.168407239349E0));
#2071=LINE('',#2070,#2069);
#2072=DIRECTION('',(0.E0,-1.E0,0.E0));
#2073=VECTOR('',#2072,1.27E0);
#2074=CARTESIAN_POINT('',(1.46588E1,4.06E0,-1.73E0));
#2075=LINE('',#2074,#2073);
#2076=DIRECTION('',(0.E0,0.E0,-1.E0));
#2077=VECTOR('',#2076,1.73E0);
#2078=CARTESIAN_POINT('',(1.46588E1,4.06E0,0.E0));
#2079=LINE('',#2078,#2077);
#2080=CARTESIAN_POINT('',(1.46588E1,-1.02E0,-2.03E0));
#2081=DIRECTION('',(1.E0,0.E0,0.E0));
#2082=DIRECTION('',(0.E0,3.090909090909E-1,-9.510324967725E-1));
#2083=AXIS2_PLACEMENT_3D('',#2080,#2081,#2082);
#2085=DIRECTION('',(0.E0,0.E0,-1.E0));
#2086=VECTOR('',#2085,3.E-1);
#2087=CARTESIAN_POINT('',(1.46588E1,2.79E0,-1.73E0));
#2088=LINE('',#2087,#2086);
#2089=DIRECTION('',(0.E0,0.E0,-1.E0));
#2090=VECTOR('',#2089,5.168407239349E0);
#2091=CARTESIAN_POINT('',(1.46588E1,0.E0,0.E0));
#2092=LINE('',#2091,#2090);
#2093=DIRECTION('',(1.E0,0.E0,0.E0));
#2094=VECTOR('',#2093,1.14E0);
#2095=CARTESIAN_POINT('',(1.46588E1,0.E0,0.E0));
#2096=LINE('',#2095,#2094);
#2097=DIRECTION('',(0.E0,0.E0,-1.E0));
#2098=VECTOR('',#2097,5.168407239349E0);
#2099=CARTESIAN_POINT('',(-1.46588E1,0.E0,0.E0));
#2100=LINE('',#2099,#2098);
#2101=DIRECTION('',(1.E0,0.E0,0.E0));
#2102=VECTOR('',#2101,1.14E0);
#2103=CARTESIAN_POINT('',(-1.57988E1,0.E0,0.E0));
#2104=LINE('',#2103,#2102);
#2105=DIRECTION('',(-1.E0,0.E0,0.E0));
#2106=VECTOR('',#2105,1.1176E0);
#2107=CARTESIAN_POINT('',(-1.33111E1,6.092E0,-1.143E0));
#2108=LINE('',#2107,#2106);
#2109=CARTESIAN_POINT('',(-1.04687E1,5.810327295514E0,-1.820327295514E0));
#2110=DIRECTION('',(1.E0,0.E0,0.E0));
#2111=DIRECTION('',(0.E0,1.151776204102E-1,9.933449127854E-1));
#2112=AXIS2_PLACEMENT_3D('',#2109,#2110,#2111);
#2114=DIRECTION('',(0.E0,8.660254037844E-1,5.E-1));
#2115=VECTOR('',#2114,1.432544266366E0);
#2116=CARTESIAN_POINT('',(-1.04687E1,4.06E0,-2.316175746993E0));
#2117=LINE('',#2116,#2115);
#2118=DIRECTION('',(0.E0,0.E0,1.E0));
#2119=VECTOR('',#2118,1.143E0);
#2120=CARTESIAN_POINT('',(-1.04687E1,6.092E0,-1.143E0));
#2121=LINE('',#2120,#2119);
#2122=DIRECTION('',(0.E0,8.660254037844E-1,5.E-1));
#2123=VECTOR('',#2122,2.513915031686E-1);
#2124=CARTESIAN_POINT('',(-1.04687E1,5.874288571960E0,-1.268695751584E0));
#2125=LINE('',#2124,#2123);
#2126=CARTESIAN_POINT('',(-9.3511E0,5.810327295514E0,-1.820327295514E0));
#2127=DIRECTION('',(1.E0,0.E0,0.E0));
#2128=DIRECTION('',(0.E0,1.151776204102E-1,9.933449127854E-1));
#2129=AXIS2_PLACEMENT_3D('',#2126,#2127,#2128);
#2131=DIRECTION('',(0.E0,8.660254037844E-1,5.E-1));
#2132=VECTOR('',#2131,2.513915031686E-1);
#2133=CARTESIAN_POINT('',(-9.3511E0,5.874288571960E0,-1.268695751584E0));
#2134=LINE('',#2133,#2132);
#2135=DIRECTION('',(0.E0,0.E0,1.E0));
#2136=VECTOR('',#2135,1.143E0);
#2137=CARTESIAN_POINT('',(-9.3511E0,6.092E0,-1.143E0));
#2138=LINE('',#2137,#2136);
#2139=DIRECTION('',(0.E0,8.660254037844E-1,5.E-1));
#2140=VECTOR('',#2139,1.432544266366E0);
#2141=CARTESIAN_POINT('',(-9.3511E0,4.06E0,-2.316175746993E0));
#2142=LINE('',#2141,#2140);
#2143=DIRECTION('',(1.E0,0.E0,0.E0));
#2144=VECTOR('',#2143,1.1176E0);
#2145=CARTESIAN_POINT('',(-1.04687E1,5.874288571960E0,-1.268695751584E0));
#2146=LINE('',#2145,#2144);
#2147=DIRECTION('',(1.E0,0.E0,0.E0));
#2148=VECTOR('',#2147,1.1176E0);
#2149=CARTESIAN_POINT('',(-1.04687E1,5.300619726719E0,-1.599903613810E0));
#2150=LINE('',#2149,#2148);
#2151=DIRECTION('',(-1.E0,0.E0,0.E0));
#2152=VECTOR('',#2151,1.1176E0);
#2153=CARTESIAN_POINT('',(-9.3511E0,6.092E0,-1.143E0));
#2154=LINE('',#2153,#2152);
#2155=CARTESIAN_POINT('',(-6.5087E0,5.810327295514E0,-1.820327295514E0));
#2156=DIRECTION('',(1.E0,0.E0,0.E0));
#2157=DIRECTION('',(0.E0,1.151776204102E-1,9.933449127854E-1));
#2158=AXIS2_PLACEMENT_3D('',#2155,#2156,#2157);
#2160=DIRECTION('',(0.E0,8.660254037844E-1,5.E-1));
#2161=VECTOR('',#2160,1.432544266366E0);
#2162=CARTESIAN_POINT('',(-6.5087E0,4.06E0,-2.316175746993E0));
#2163=LINE('',#2162,#2161);
#2164=DIRECTION('',(0.E0,0.E0,1.E0));
#2165=VECTOR('',#2164,1.143E0);
#2166=CARTESIAN_POINT('',(-6.5087E0,6.092E0,-1.143E0));
#2167=LINE('',#2166,#2165);
#2168=DIRECTION('',(0.E0,8.660254037844E-1,5.E-1));
#2169=VECTOR('',#2168,2.513915031686E-1);
#2170=CARTESIAN_POINT('',(-6.5087E0,5.874288571960E0,-1.268695751584E0));
#2171=LINE('',#2170,#2169);
#2172=CARTESIAN_POINT('',(-5.3911E0,5.810327295514E0,-1.820327295514E0));
#2173=DIRECTION('',(1.E0,0.E0,0.E0));
#2174=DIRECTION('',(0.E0,1.151776204102E-1,9.933449127854E-1));
#2175=AXIS2_PLACEMENT_3D('',#2172,#2173,#2174);
#2177=DIRECTION('',(0.E0,8.660254037844E-1,5.E-1));
#2178=VECTOR('',#2177,2.513915031686E-1);
#2179=CARTESIAN_POINT('',(-5.3911E0,5.874288571960E0,-1.268695751584E0));
#2180=LINE('',#2179,#2178);
#2181=DIRECTION('',(0.E0,0.E0,1.E0));
#2182=VECTOR('',#2181,1.143E0);
#2183=CARTESIAN_POINT('',(-5.3911E0,6.092E0,-1.143E0));
#2184=LINE('',#2183,#2182);
#2185=DIRECTION('',(0.E0,8.660254037844E-1,5.E-1));
#2186=VECTOR('',#2185,1.432544266366E0);
#2187=CARTESIAN_POINT('',(-5.3911E0,4.06E0,-2.316175746993E0));
#2188=LINE('',#2187,#2186);
#2189=DIRECTION('',(1.E0,0.E0,0.E0));
#2190=VECTOR('',#2189,1.1176E0);
#2191=CARTESIAN_POINT('',(-6.5087E0,5.874288571960E0,-1.268695751584E0));
#2192=LINE('',#2191,#2190);
#2193=DIRECTION('',(1.E0,0.E0,0.E0));
#2194=VECTOR('',#2193,1.1176E0);
#2195=CARTESIAN_POINT('',(-6.5087E0,5.300619726719E0,-1.599903613810E0));
#2196=LINE('',#2195,#2194);
#2197=DIRECTION('',(-1.E0,0.E0,0.E0));
#2198=VECTOR('',#2197,1.1176E0);
#2199=CARTESIAN_POINT('',(-5.3911E0,6.092E0,-1.143E0));
#2200=LINE('',#2199,#2198);
#2201=CARTESIAN_POINT('',(-2.5487E0,5.810327295514E0,-1.820327295514E0));
#2202=DIRECTION('',(1.E0,0.E0,0.E0));
#2203=DIRECTION('',(0.E0,1.151776204102E-1,9.933449127854E-1));
#2204=AXIS2_PLACEMENT_3D('',#2201,#2202,#2203);
#2206=DIRECTION('',(0.E0,8.660254037844E-1,5.E-1));
#2207=VECTOR('',#2206,1.432544266366E0);
#2208=CARTESIAN_POINT('',(-2.5487E0,4.06E0,-2.316175746993E0));
#2209=LINE('',#2208,#2207);
#2210=DIRECTION('',(0.E0,0.E0,1.E0));
#2211=VECTOR('',#2210,1.143E0);
#2212=CARTESIAN_POINT('',(-2.5487E0,6.092E0,-1.143E0));
#2213=LINE('',#2212,#2211);
#2214=DIRECTION('',(0.E0,8.660254037844E-1,5.E-1));
#2215=VECTOR('',#2214,2.513915031686E-1);
#2216=CARTESIAN_POINT('',(-2.5487E0,5.874288571960E0,-1.268695751584E0));
#2217=LINE('',#2216,#2215);
#2218=CARTESIAN_POINT('',(-1.4311E0,5.810327295514E0,-1.820327295514E0));
#2219=DIRECTION('',(1.E0,0.E0,0.E0));
#2220=DIRECTION('',(0.E0,1.151776204102E-1,9.933449127854E-1));
#2221=AXIS2_PLACEMENT_3D('',#2218,#2219,#2220);
#2223=DIRECTION('',(0.E0,8.660254037844E-1,5.E-1));
#2224=VECTOR('',#2223,2.513915031686E-1);
#2225=CARTESIAN_POINT('',(-1.4311E0,5.874288571960E0,-1.268695751584E0));
#2226=LINE('',#2225,#2224);
#2227=DIRECTION('',(0.E0,0.E0,1.E0));
#2228=VECTOR('',#2227,1.143E0);
#2229=CARTESIAN_POINT('',(-1.4311E0,6.092E0,-1.143E0));
#2230=LINE('',#2229,#2228);
#2231=DIRECTION('',(0.E0,8.660254037844E-1,5.E-1));
#2232=VECTOR('',#2231,1.432544266366E0);
#2233=CARTESIAN_POINT('',(-1.4311E0,4.06E0,-2.316175746993E0));
#2234=LINE('',#2233,#2232);
#2235=DIRECTION('',(1.E0,0.E0,0.E0));
#2236=VECTOR('',#2235,1.1176E0);
#2237=CARTESIAN_POINT('',(-2.5487E0,5.874288571960E0,-1.268695751584E0));
#2238=LINE('',#2237,#2236);
#2239=DIRECTION('',(1.E0,0.E0,0.E0));
#2240=VECTOR('',#2239,1.1176E0);
#2241=CARTESIAN_POINT('',(-2.5487E0,5.300619726719E0,-1.599903613810E0));
#2242=LINE('',#2241,#2240);
#2243=DIRECTION('',(-1.E0,0.E0,0.E0));
#2244=VECTOR('',#2243,1.1176E0);
#2245=CARTESIAN_POINT('',(-1.4311E0,6.092E0,-1.143E0));
#2246=LINE('',#2245,#2244);
#2247=DIRECTION('',(0.E0,-1.E0,0.E0));
#2248=VECTOR('',#2247,4.06E0);
#2249=CARTESIAN_POINT('',(-5.7E-1,4.06E0,0.E0));
#2250=LINE('',#2249,#2248);
#2251=DIRECTION('',(0.E0,0.E0,-1.E0));
#2252=VECTOR('',#2251,5.168407239349E0);
#2253=CARTESIAN_POINT('',(-5.7E-1,0.E0,0.E0));
#2254=LINE('',#2253,#2252);
#2255=CARTESIAN_POINT('',(-5.7E-1,-1.02E0,-2.03E0));
#2256=DIRECTION('',(1.E0,0.E0,0.E0));
#2257=DIRECTION('',(0.E0,3.090909090909E-1,-9.510324967725E-1));
#2258=AXIS2_PLACEMENT_3D('',#2255,#2256,#2257);
#2260=DIRECTION('',(0.E0,1.E0,0.E0));
#2261=VECTOR('',#2260,1.78E0);
#2262=CARTESIAN_POINT('',(-5.7E-1,2.28E0,-2.03E0));
#2263=LINE('',#2262,#2261);
#2264=DIRECTION('',(1.E0,0.E0,0.E0));
#2265=VECTOR('',#2264,1.14E0);
#2266=CARTESIAN_POINT('',(-5.7E-1,0.E0,0.E0));
#2267=LINE('',#2266,#2265);
#2268=DIRECTION('',(0.E0,1.E0,0.E0));
#2269=VECTOR('',#2268,1.78E0);
#2270=CARTESIAN_POINT('',(5.7E-1,2.28E0,-2.03E0));
#2271=LINE('',#2270,#2269);
#2272=CARTESIAN_POINT('',(5.7E-1,-1.02E0,-2.03E0));
#2273=DIRECTION('',(1.E0,0.E0,0.E0));
#2274=DIRECTION('',(0.E0,3.090909090909E-1,-9.510324967725E-1));
#2275=AXIS2_PLACEMENT_3D('',#2272,#2273,#2274);
#2277=DIRECTION('',(0.E0,0.E0,-1.E0));
#2278=VECTOR('',#2277,5.168407239349E0);
#2279=CARTESIAN_POINT('',(5.7E-1,0.E0,0.E0));
#2280=LINE('',#2279,#2278);
#2281=DIRECTION('',(0.E0,-1.E0,0.E0));
#2282=VECTOR('',#2281,4.06E0);
#2283=CARTESIAN_POINT('',(5.7E-1,4.06E0,0.E0));
#2284=LINE('',#2283,#2282);
#2285=DIRECTION('',(1.E0,0.E0,0.E0));
#2286=VECTOR('',#2285,1.14E0);
#2287=CARTESIAN_POINT('',(-5.7E-1,2.28E0,-2.03E0));
#2288=LINE('',#2287,#2286);
#2289=DIRECTION('',(1.E0,0.E0,0.E0));
#2290=VECTOR('',#2289,1.14E0);
#2291=CARTESIAN_POINT('',(-5.7E-1,0.E0,-5.168407239349E0));
#2292=LINE('',#2291,#2290);
#2293=CARTESIAN_POINT('',(1.4113E0,5.810327295514E0,-1.820327295514E0));
#2294=DIRECTION('',(1.E0,0.E0,0.E0));
#2295=DIRECTION('',(0.E0,1.151776204102E-1,9.933449127854E-1));
#2296=AXIS2_PLACEMENT_3D('',#2293,#2294,#2295);
#2298=DIRECTION('',(0.E0,8.660254037844E-1,5.E-1));
#2299=VECTOR('',#2298,1.432544266366E0);
#2300=CARTESIAN_POINT('',(1.4113E0,4.06E0,-2.316175746993E0));
#2301=LINE('',#2300,#2299);
#2302=DIRECTION('',(0.E0,0.E0,1.E0));
#2303=VECTOR('',#2302,1.143E0);
#2304=CARTESIAN_POINT('',(1.4113E0,6.092E0,-1.143E0));
#2305=LINE('',#2304,#2303);
#2306=DIRECTION('',(0.E0,8.660254037844E-1,5.E-1));
#2307=VECTOR('',#2306,2.513915031686E-1);
#2308=CARTESIAN_POINT('',(1.4113E0,5.874288571960E0,-1.268695751584E0));
#2309=LINE('',#2308,#2307);
#2310=CARTESIAN_POINT('',(2.5289E0,5.810327295514E0,-1.820327295514E0));
#2311=DIRECTION('',(1.E0,0.E0,0.E0));
#2312=DIRECTION('',(0.E0,1.151776204102E-1,9.933449127854E-1));
#2313=AXIS2_PLACEMENT_3D('',#2310,#2311,#2312);
#2315=DIRECTION('',(0.E0,8.660254037844E-1,5.E-1));
#2316=VECTOR('',#2315,2.513915031686E-1);
#2317=CARTESIAN_POINT('',(2.5289E0,5.874288571960E0,-1.268695751584E0));
#2318=LINE('',#2317,#2316);
#2319=DIRECTION('',(0.E0,0.E0,1.E0));
#2320=VECTOR('',#2319,1.143E0);
#2321=CARTESIAN_POINT('',(2.5289E0,6.092E0,-1.143E0));
#2322=LINE('',#2321,#2320);
#2323=DIRECTION('',(0.E0,8.660254037844E-1,5.E-1));
#2324=VECTOR('',#2323,1.432544266366E0);
#2325=CARTESIAN_POINT('',(2.5289E0,4.06E0,-2.316175746993E0));
#2326=LINE('',#2325,#2324);
#2327=DIRECTION('',(1.E0,0.E0,0.E0));
#2328=VECTOR('',#2327,1.1176E0);
#2329=CARTESIAN_POINT('',(1.4113E0,5.874288571960E0,-1.268695751584E0));
#2330=LINE('',#2329,#2328);
#2331=DIRECTION('',(1.E0,0.E0,0.E0));
#2332=VECTOR('',#2331,1.1176E0);
#2333=CARTESIAN_POINT('',(1.4113E0,5.300619726719E0,-1.599903613810E0));
#2334=LINE('',#2333,#2332);
#2335=DIRECTION('',(-1.E0,0.E0,0.E0));
#2336=VECTOR('',#2335,1.1176E0);
#2337=CARTESIAN_POINT('',(2.5289E0,6.092E0,-1.143E0));
#2338=LINE('',#2337,#2336);
#2339=CARTESIAN_POINT('',(5.3713E0,5.810327295514E0,-1.820327295514E0));
#2340=DIRECTION('',(1.E0,0.E0,0.E0));
#2341=DIRECTION('',(0.E0,1.151776204103E-1,9.933449127854E-1));
#2342=AXIS2_PLACEMENT_3D('',#2339,#2340,#2341);
#2344=DIRECTION('',(0.E0,8.660254037844E-1,5.E-1));
#2345=VECTOR('',#2344,1.432544266366E0);
#2346=CARTESIAN_POINT('',(5.3713E0,4.06E0,-2.316175746993E0));
#2347=LINE('',#2346,#2345);
#2348=DIRECTION('',(0.E0,0.E0,1.E0));
#2349=VECTOR('',#2348,1.143E0);
#2350=CARTESIAN_POINT('',(5.3713E0,6.092E0,-1.143E0));
#2351=LINE('',#2350,#2349);
#2352=DIRECTION('',(0.E0,8.660254037844E-1,5.E-1));
#2353=VECTOR('',#2352,2.513915031686E-1);
#2354=CARTESIAN_POINT('',(5.3713E0,5.874288571961E0,-1.268695751584E0));
#2355=LINE('',#2354,#2353);
#2356=CARTESIAN_POINT('',(6.4889E0,5.810327295514E0,-1.820327295514E0));
#2357=DIRECTION('',(1.E0,0.E0,0.E0));
#2358=DIRECTION('',(0.E0,1.151776204103E-1,9.933449127854E-1));
#2359=AXIS2_PLACEMENT_3D('',#2356,#2357,#2358);
#2361=DIRECTION('',(0.E0,8.660254037844E-1,5.E-1));
#2362=VECTOR('',#2361,2.513915031686E-1);
#2363=CARTESIAN_POINT('',(6.4889E0,5.874288571961E0,-1.268695751584E0));
#2364=LINE('',#2363,#2362);
#2365=DIRECTION('',(0.E0,0.E0,1.E0));
#2366=VECTOR('',#2365,1.143E0);
#2367=CARTESIAN_POINT('',(6.4889E0,6.092E0,-1.143E0));
#2368=LINE('',#2367,#2366);
#2369=DIRECTION('',(0.E0,8.660254037844E-1,5.E-1));
#2370=VECTOR('',#2369,1.432544266366E0);
#2371=CARTESIAN_POINT('',(6.4889E0,4.06E0,-2.316175746993E0));
#2372=LINE('',#2371,#2370);
#2373=DIRECTION('',(1.E0,0.E0,0.E0));
#2374=VECTOR('',#2373,1.1176E0);
#2375=CARTESIAN_POINT('',(5.3713E0,5.874288571961E0,-1.268695751584E0));
#2376=LINE('',#2375,#2374);
#2377=DIRECTION('',(1.E0,0.E0,0.E0));
#2378=VECTOR('',#2377,1.1176E0);
#2379=CARTESIAN_POINT('',(5.3713E0,5.300619726719E0,-1.599903613810E0));
#2380=LINE('',#2379,#2378);
#2381=DIRECTION('',(-1.E0,0.E0,0.E0));
#2382=VECTOR('',#2381,1.1176E0);
#2383=CARTESIAN_POINT('',(6.4889E0,6.092E0,-1.143E0));
#2384=LINE('',#2383,#2382);
#2385=CARTESIAN_POINT('',(9.3313E0,5.810327295514E0,-1.820327295514E0));
#2386=DIRECTION('',(1.E0,0.E0,0.E0));
#2387=DIRECTION('',(0.E0,1.151776204102E-1,9.933449127854E-1));
#2388=AXIS2_PLACEMENT_3D('',#2385,#2386,#2387);
#2390=DIRECTION('',(0.E0,8.660254037844E-1,5.E-1));
#2391=VECTOR('',#2390,1.432544266366E0);
#2392=CARTESIAN_POINT('',(9.3313E0,4.06E0,-2.316175746993E0));
#2393=LINE('',#2392,#2391);
#2394=DIRECTION('',(0.E0,0.E0,1.E0));
#2395=VECTOR('',#2394,1.143E0);
#2396=CARTESIAN_POINT('',(9.3313E0,6.092E0,-1.143E0));
#2397=LINE('',#2396,#2395);
#2398=DIRECTION('',(0.E0,8.660254037844E-1,5.E-1));
#2399=VECTOR('',#2398,2.513915031686E-1);
#2400=CARTESIAN_POINT('',(9.3313E0,5.874288571960E0,-1.268695751584E0));
#2401=LINE('',#2400,#2399);
#2402=CARTESIAN_POINT('',(1.04489E1,5.810327295514E0,-1.820327295514E0));
#2403=DIRECTION('',(1.E0,0.E0,0.E0));
#2404=DIRECTION('',(0.E0,1.151776204102E-1,9.933449127854E-1));
#2405=AXIS2_PLACEMENT_3D('',#2402,#2403,#2404);
#2407=DIRECTION('',(0.E0,8.660254037844E-1,5.E-1));
#2408=VECTOR('',#2407,2.513915031686E-1);
#2409=CARTESIAN_POINT('',(1.04489E1,5.874288571960E0,-1.268695751584E0));
#2410=LINE('',#2409,#2408);
#2411=DIRECTION('',(0.E0,0.E0,1.E0));
#2412=VECTOR('',#2411,1.143E0);
#2413=CARTESIAN_POINT('',(1.04489E1,6.092E0,-1.143E0));
#2414=LINE('',#2413,#2412);
#2415=DIRECTION('',(0.E0,8.660254037844E-1,5.E-1));
#2416=VECTOR('',#2415,1.432544266366E0);
#2417=CARTESIAN_POINT('',(1.04489E1,4.06E0,-2.316175746993E0));
#2418=LINE('',#2417,#2416);
#2419=DIRECTION('',(1.E0,0.E0,0.E0));
#2420=VECTOR('',#2419,1.1176E0);
#2421=CARTESIAN_POINT('',(9.3313E0,5.874288571960E0,-1.268695751584E0));
#2422=LINE('',#2421,#2420);
#2423=DIRECTION('',(1.E0,0.E0,0.E0));
#2424=VECTOR('',#2423,1.1176E0);
#2425=CARTESIAN_POINT('',(9.3313E0,5.300619726719E0,-1.599903613810E0));
#2426=LINE('',#2425,#2424);
#2427=DIRECTION('',(-1.E0,0.E0,0.E0));
#2428=VECTOR('',#2427,1.1176E0);
#2429=CARTESIAN_POINT('',(1.04489E1,6.092E0,-1.143E0));
#2430=LINE('',#2429,#2428);
#2431=DIRECTION('',(1.E0,0.E0,0.E0));
#2432=VECTOR('',#2431,1.146E-1);
#2433=CARTESIAN_POINT('',(-1.51534E1,5.33E0,-1.143E1));
#2434=LINE('',#2433,#2432);
#2435=DIRECTION('',(0.E0,-1.E0,0.E0));
#2436=VECTOR('',#2435,3.81E0);
#2437=CARTESIAN_POINT('',(-1.50388E1,9.14E0,-1.143E1));
#2438=LINE('',#2437,#2436);
#2439=DIRECTION('',(1.E0,0.E0,0.E0));
#2440=VECTOR('',#2439,6.454E-1);
#2441=CARTESIAN_POINT('',(-1.57988E1,4.06E0,-1.143E1));
#2442=LINE('',#2441,#2440);
#2443=DIRECTION('',(0.E0,1.E0,0.E0));
#2444=VECTOR('',#2443,1.27E0);
#2445=CARTESIAN_POINT('',(-1.51534E1,4.06E0,-1.143E1));
#2446=LINE('',#2445,#2444);
#2447=DIRECTION('',(1.E0,0.E0,0.E0));
#2448=VECTOR('',#2447,1.67E0);
#2449=CARTESIAN_POINT('',(-1.28634E1,4.06E0,-1.143E1));
#2450=LINE('',#2449,#2448);
#2451=DIRECTION('',(0.E0,1.E0,0.E0));
#2452=VECTOR('',#2451,1.27E0);
#2453=CARTESIAN_POINT('',(-1.11934E1,4.06E0,-1.143E1));
#2454=LINE('',#2453,#2452);
#2455=DIRECTION('',(1.E0,0.E0,0.E0));
#2456=VECTOR('',#2455,1.67E0);
#2457=CARTESIAN_POINT('',(-1.28634E1,5.33E0,-1.143E1));
#2458=LINE('',#2457,#2456);
#2459=DIRECTION('',(0.E0,1.E0,0.E0));
#2460=VECTOR('',#2459,1.27E0);
#2461=CARTESIAN_POINT('',(-1.28634E1,4.06E0,-1.143E1));
#2462=LINE('',#2461,#2460);
#2463=DIRECTION('',(1.E0,0.E0,0.E0));
#2464=VECTOR('',#2463,1.67E0);
#2465=CARTESIAN_POINT('',(-8.9034E0,4.06E0,-1.143E1));
#2466=LINE('',#2465,#2464);
#2467=DIRECTION('',(0.E0,1.E0,0.E0));
#2468=VECTOR('',#2467,1.27E0);
#2469=CARTESIAN_POINT('',(-7.2334E0,4.06E0,-1.143E1));
#2470=LINE('',#2469,#2468);
#2471=DIRECTION('',(1.E0,0.E0,0.E0));
#2472=VECTOR('',#2471,1.67E0);
#2473=CARTESIAN_POINT('',(-8.9034E0,5.33E0,-1.143E1));
#2474=LINE('',#2473,#2472);
#2475=DIRECTION('',(0.E0,1.E0,0.E0));
#2476=VECTOR('',#2475,1.27E0);
#2477=CARTESIAN_POINT('',(-8.9034E0,4.06E0,-1.143E1));
#2478=LINE('',#2477,#2476);
#2479=DIRECTION('',(1.E0,0.E0,0.E0));
#2480=VECTOR('',#2479,1.67E0);
#2481=CARTESIAN_POINT('',(-4.9434E0,4.06E0,-1.143E1));
#2482=LINE('',#2481,#2480);
#2483=DIRECTION('',(0.E0,1.E0,0.E0));
#2484=VECTOR('',#2483,1.27E0);
#2485=CARTESIAN_POINT('',(-3.2734E0,4.06E0,-1.143E1));
#2486=LINE('',#2485,#2484);
#2487=DIRECTION('',(1.E0,0.E0,0.E0));
#2488=VECTOR('',#2487,1.67E0);
#2489=CARTESIAN_POINT('',(-4.9434E0,5.33E0,-1.143E1));
#2490=LINE('',#2489,#2488);
#2491=DIRECTION('',(0.E0,1.E0,0.E0));
#2492=VECTOR('',#2491,1.27E0);
#2493=CARTESIAN_POINT('',(-4.9434E0,4.06E0,-1.143E1));
#2494=LINE('',#2493,#2492);
#2495=DIRECTION('',(1.E0,0.E0,0.E0));
#2496=VECTOR('',#2495,1.67E0);
#2497=CARTESIAN_POINT('',(-9.834E-1,4.06E0,-1.143E1));
#2498=LINE('',#2497,#2496);
#2499=DIRECTION('',(0.E0,1.E0,0.E0));
#2500=VECTOR('',#2499,1.27E0);
#2501=CARTESIAN_POINT('',(6.866E-1,4.06E0,-1.143E1));
#2502=LINE('',#2501,#2500);
#2503=DIRECTION('',(1.E0,0.E0,0.E0));
#2504=VECTOR('',#2503,1.67E0);
#2505=CARTESIAN_POINT('',(-9.834E-1,5.33E0,-1.143E1));
#2506=LINE('',#2505,#2504);
#2507=DIRECTION('',(0.E0,1.E0,0.E0));
#2508=VECTOR('',#2507,1.27E0);
#2509=CARTESIAN_POINT('',(-9.834E-1,4.06E0,-1.143E1));
#2510=LINE('',#2509,#2508);
#2511=DIRECTION('',(1.E0,0.E0,0.E0));
#2512=VECTOR('',#2511,1.67E0);
#2513=CARTESIAN_POINT('',(2.9766E0,4.06E0,-1.143E1));
#2514=LINE('',#2513,#2512);
#2515=DIRECTION('',(0.E0,1.E0,0.E0));
#2516=VECTOR('',#2515,1.27E0);
#2517=CARTESIAN_POINT('',(4.6466E0,4.06E0,-1.143E1));
#2518=LINE('',#2517,#2516);
#2519=DIRECTION('',(1.E0,0.E0,0.E0));
#2520=VECTOR('',#2519,1.67E0);
#2521=CARTESIAN_POINT('',(2.9766E0,5.33E0,-1.143E1));
#2522=LINE('',#2521,#2520);
#2523=DIRECTION('',(0.E0,1.E0,0.E0));
#2524=VECTOR('',#2523,1.27E0);
#2525=CARTESIAN_POINT('',(2.9766E0,4.06E0,-1.143E1));
#2526=LINE('',#2525,#2524);
#2527=DIRECTION('',(1.E0,0.E0,0.E0));
#2528=VECTOR('',#2527,1.67E0);
#2529=CARTESIAN_POINT('',(6.9366E0,4.06E0,-1.143E1));
#2530=LINE('',#2529,#2528);
#2531=DIRECTION('',(0.E0,1.E0,0.E0));
#2532=VECTOR('',#2531,1.27E0);
#2533=CARTESIAN_POINT('',(8.6066E0,4.06E0,-1.143E1));
#2534=LINE('',#2533,#2532);
#2535=DIRECTION('',(1.E0,0.E0,0.E0));
#2536=VECTOR('',#2535,1.67E0);
#2537=CARTESIAN_POINT('',(6.9366E0,5.33E0,-1.143E1));
#2538=LINE('',#2537,#2536);
#2539=DIRECTION('',(0.E0,1.E0,0.E0));
#2540=VECTOR('',#2539,1.27E0);
#2541=CARTESIAN_POINT('',(6.9366E0,4.06E0,-1.143E1));
#2542=LINE('',#2541,#2540);
#2543=DIRECTION('',(1.E0,0.E0,0.E0));
#2544=VECTOR('',#2543,1.67E0);
#2545=CARTESIAN_POINT('',(1.08966E1,4.06E0,-1.143E1));
#2546=LINE('',#2545,#2544);
#2547=DIRECTION('',(0.E0,1.E0,0.E0));
#2548=VECTOR('',#2547,1.27E0);
#2549=CARTESIAN_POINT('',(1.25666E1,4.06E0,-1.143E1));
#2550=LINE('',#2549,#2548);
#2551=DIRECTION('',(1.E0,0.E0,0.E0));
#2552=VECTOR('',#2551,1.67E0);
#2553=CARTESIAN_POINT('',(1.08966E1,5.33E0,-1.143E1));
#2554=LINE('',#2553,#2552);
#2555=DIRECTION('',(0.E0,1.E0,0.E0));
#2556=VECTOR('',#2555,1.27E0);
#2557=CARTESIAN_POINT('',(1.08966E1,4.06E0,-1.143E1));
#2558=LINE('',#2557,#2556);
#2559=DIRECTION('',(1.E0,0.E0,0.E0));
#2560=VECTOR('',#2559,9.422E-1);
#2561=CARTESIAN_POINT('',(1.48566E1,4.06E0,-1.143E1));
#2562=LINE('',#2561,#2560);
#2563=DIRECTION('',(0.E0,-1.E0,0.E0));
#2564=VECTOR('',#2563,3.81E0);
#2565=CARTESIAN_POINT('',(1.50388E1,9.14E0,-1.143E1));
#2566=LINE('',#2565,#2564);
#2567=DIRECTION('',(1.E0,0.E0,0.E0));
#2568=VECTOR('',#2567,1.822E-1);
#2569=CARTESIAN_POINT('',(1.48566E1,5.33E0,-1.143E1));
#2570=LINE('',#2569,#2568);
#2571=DIRECTION('',(0.E0,1.E0,0.E0));
#2572=VECTOR('',#2571,1.27E0);
#2573=CARTESIAN_POINT('',(1.48566E1,4.06E0,-1.143E1));
#2574=LINE('',#2573,#2572);
#2575=DIRECTION('',(0.E0,0.E0,-1.E0));
#2576=VECTOR('',#2575,2.03E0);
#2577=CARTESIAN_POINT('',(-1.51534E1,5.33E0,-9.4E0));
#2578=LINE('',#2577,#2576);
#2579=DIRECTION('',(-1.E0,0.E0,0.E0));
#2580=VECTOR('',#2579,1.146E-1);
#2581=CARTESIAN_POINT('',(-1.50388E1,5.33E0,-9.4E0));
#2582=LINE('',#2581,#2580);
#2583=DIRECTION('',(0.E0,1.E0,0.E0));
#2584=VECTOR('',#2583,1.27E0);
#2585=CARTESIAN_POINT('',(-1.51534E1,4.06E0,-9.4E0));
#2586=LINE('',#2585,#2584);
#2587=DIRECTION('',(0.E0,0.E0,1.E0));
#2588=VECTOR('',#2587,2.03E0);
#2589=CARTESIAN_POINT('',(-1.50388E1,5.33E0,-1.143E1));
#2590=LINE('',#2589,#2588);
#2591=DIRECTION('',(0.E0,-1.E0,0.E0));
#2592=VECTOR('',#2591,3.81E0);
#2593=CARTESIAN_POINT('',(-1.50388E1,9.14E0,-9.4E0));
#2594=LINE('',#2593,#2592);
#2595=DIRECTION('',(1.E0,0.E0,0.E0));
#2596=VECTOR('',#2595,7.6E-1);
#2597=CARTESIAN_POINT('',(-1.57988E1,9.14E0,-1.143E1));
#2598=LINE('',#2597,#2596);
#2599=DIRECTION('',(0.E0,0.E0,1.E0));
#2600=VECTOR('',#2599,2.03E0);
#2601=CARTESIAN_POINT('',(-1.50388E1,9.14E0,-1.143E1));
#2602=LINE('',#2601,#2600);
#2603=DIRECTION('',(1.E0,0.E0,0.E0));
#2604=VECTOR('',#2603,7.6E-1);
#2605=CARTESIAN_POINT('',(1.50388E1,9.14E0,-1.143E1));
#2606=LINE('',#2605,#2604);
#2607=DIRECTION('',(0.E0,0.E0,1.E0));
#2608=VECTOR('',#2607,2.03E0);
#2609=CARTESIAN_POINT('',(1.50388E1,9.14E0,-1.143E1));
#2610=LINE('',#2609,#2608);
#2611=DIRECTION('',(0.E0,0.E0,-1.E0));
#2612=VECTOR('',#2611,2.03E0);
#2613=CARTESIAN_POINT('',(1.50388E1,5.33E0,-9.4E0));
#2614=LINE('',#2613,#2612);
#2615=DIRECTION('',(0.E0,-1.E0,0.E0));
#2616=VECTOR('',#2615,3.81E0);
#2617=CARTESIAN_POINT('',(1.50388E1,9.14E0,-9.4E0));
#2618=LINE('',#2617,#2616);
#2619=DIRECTION('',(0.E0,1.E0,0.E0));
#2620=VECTOR('',#2619,1.27E0);
#2621=CARTESIAN_POINT('',(-7.2334E0,4.06E0,-9.4E0));
#2622=LINE('',#2621,#2620);
#2623=DIRECTION('',(0.E0,1.E0,0.E0));
#2624=VECTOR('',#2623,1.27E0);
#2625=CARTESIAN_POINT('',(-3.2734E0,4.06E0,-9.4E0));
#2626=LINE('',#2625,#2624);
#2627=DIRECTION('',(0.E0,1.E0,0.E0));
#2628=VECTOR('',#2627,1.27E0);
#2629=CARTESIAN_POINT('',(6.866E-1,4.06E0,-9.4E0));
#2630=LINE('',#2629,#2628);
#2631=DIRECTION('',(0.E0,1.E0,0.E0));
#2632=VECTOR('',#2631,1.27E0);
#2633=CARTESIAN_POINT('',(4.6466E0,4.06E0,-9.4E0));
#2634=LINE('',#2633,#2632);
#2635=DIRECTION('',(0.E0,1.E0,0.E0));
#2636=VECTOR('',#2635,1.27E0);
#2637=CARTESIAN_POINT('',(8.6066E0,4.06E0,-9.4E0));
#2638=LINE('',#2637,#2636);
#2639=DIRECTION('',(0.E0,1.E0,0.E0));
#2640=VECTOR('',#2639,1.27E0);
#2641=CARTESIAN_POINT('',(1.25666E1,4.06E0,-9.4E0));
#2642=LINE('',#2641,#2640);
#2643=DIRECTION('',(0.E0,1.E0,0.E0));
#2644=VECTOR('',#2643,5.1E-1);
#2645=CARTESIAN_POINT('',(-1.45049E1,5.255E0,-1.3718E1));
#2646=LINE('',#2645,#2644);
#2647=DIRECTION('',(0.E0,0.E0,1.E0));
#2648=VECTOR('',#2647,4.318E0);
#2649=CARTESIAN_POINT('',(-1.45049E1,5.765E0,-1.3718E1));
#2650=LINE('',#2649,#2648);
#2651=DIRECTION('',(0.E0,0.E0,-1.E0));
#2652=VECTOR('',#2651,4.318E0);
#2653=CARTESIAN_POINT('',(-1.45049E1,5.255E0,-9.4E0));
#2654=LINE('',#2653,#2652);
#2655=DIRECTION('',(4.472135955E-1,0.E0,8.944271909999E-1));
#2656=VECTOR('',#2655,8.497058314499E-1);
#2657=CARTESIAN_POINT('',(-1.36149E1,5.255E0,-1.4478E1));
#2658=LINE('',#2657,#2656);
#2659=DIRECTION('',(4.472135955E-1,0.E0,-8.944271909999E-1));
#2660=VECTOR('',#2659,8.497058314499E-1);
#2661=CARTESIAN_POINT('',(-1.45049E1,5.255E0,-1.3718E1));
#2662=LINE('',#2661,#2660);
#2663=DIRECTION('',(0.E0,1.E0,0.E0));
#2664=VECTOR('',#2663,5.1E-1);
#2665=CARTESIAN_POINT('',(-1.32349E1,5.255E0,-1.3718E1));
#2666=LINE('',#2665,#2664);
#2667=DIRECTION('',(0.E0,0.E0,-1.E0));
#2668=VECTOR('',#2667,4.318E0);
#2669=CARTESIAN_POINT('',(-1.32349E1,5.255E0,-9.4E0));
#2670=LINE('',#2669,#2668);
#2671=DIRECTION('',(0.E0,0.E0,1.E0));
#2672=VECTOR('',#2671,4.318E0);
#2673=CARTESIAN_POINT('',(-1.32349E1,5.765E0,-1.3718E1));
#2674=LINE('',#2673,#2672);
#2675=DIRECTION('',(4.472135955E-1,0.E0,8.944271909999E-1));
#2676=VECTOR('',#2675,8.497058314499E-1);
#2677=CARTESIAN_POINT('',(-1.36149E1,5.765E0,-1.4478E1));
#2678=LINE('',#2677,#2676);
#2679=DIRECTION('',(4.472135955E-1,0.E0,-8.944271909999E-1));
#2680=VECTOR('',#2679,8.497058314499E-1);
#2681=CARTESIAN_POINT('',(-1.45049E1,5.765E0,-1.3718E1));
#2682=LINE('',#2681,#2680);
#2683=DIRECTION('',(1.E0,0.E0,0.E0));
#2684=VECTOR('',#2683,5.1E-1);
#2685=CARTESIAN_POINT('',(-1.41249E1,5.765E0,-1.4478E1));
#2686=LINE('',#2685,#2684);
#2687=DIRECTION('',(0.E0,1.E0,0.E0));
#2688=VECTOR('',#2687,5.1E-1);
#2689=CARTESIAN_POINT('',(-1.36149E1,5.255E0,-1.4478E1));
#2690=LINE('',#2689,#2688);
#2691=DIRECTION('',(0.E0,1.E0,0.E0));
#2692=VECTOR('',#2691,5.1E-1);
#2693=CARTESIAN_POINT('',(-1.41249E1,5.255E0,-1.4478E1));
#2694=LINE('',#2693,#2692);
#2695=DIRECTION('',(1.E0,0.E0,0.E0));
#2696=VECTOR('',#2695,5.1E-1);
#2697=CARTESIAN_POINT('',(-1.41249E1,5.255E0,-1.4478E1));
#2698=LINE('',#2697,#2696);
#2699=DIRECTION('',(0.E0,1.E0,0.E0));
#2700=VECTOR('',#2699,5.1E-1);
#2701=CARTESIAN_POINT('',(-1.05449E1,5.255E0,-1.3718E1));
#2702=LINE('',#2701,#2700);
#2703=DIRECTION('',(0.E0,0.E0,1.E0));
#2704=VECTOR('',#2703,4.318E0);
#2705=CARTESIAN_POINT('',(-1.05449E1,5.765E0,-1.3718E1));
#2706=LINE('',#2705,#2704);
#2707=DIRECTION('',(0.E0,0.E0,-1.E0));
#2708=VECTOR('',#2707,4.318E0);
#2709=CARTESIAN_POINT('',(-1.05449E1,5.255E0,-9.4E0));
#2710=LINE('',#2709,#2708);
#2711=DIRECTION('',(4.472135955E-1,0.E0,8.944271909999E-1));
#2712=VECTOR('',#2711,8.497058314499E-1);
#2713=CARTESIAN_POINT('',(-9.6549E0,5.255E0,-1.4478E1));
#2714=LINE('',#2713,#2712);
#2715=DIRECTION('',(4.472135955E-1,0.E0,-8.944271909999E-1));
#2716=VECTOR('',#2715,8.497058314499E-1);
#2717=CARTESIAN_POINT('',(-1.05449E1,5.255E0,-1.3718E1));
#2718=LINE('',#2717,#2716);
#2719=DIRECTION('',(0.E0,1.E0,0.E0));
#2720=VECTOR('',#2719,5.1E-1);
#2721=CARTESIAN_POINT('',(-9.2749E0,5.255E0,-1.3718E1));
#2722=LINE('',#2721,#2720);
#2723=DIRECTION('',(0.E0,0.E0,-1.E0));
#2724=VECTOR('',#2723,4.318E0);
#2725=CARTESIAN_POINT('',(-9.2749E0,5.255E0,-9.4E0));
#2726=LINE('',#2725,#2724);
#2727=DIRECTION('',(0.E0,0.E0,1.E0));
#2728=VECTOR('',#2727,4.318E0);
#2729=CARTESIAN_POINT('',(-9.2749E0,5.765E0,-1.3718E1));
#2730=LINE('',#2729,#2728);
#2731=DIRECTION('',(4.472135955E-1,0.E0,8.944271909999E-1));
#2732=VECTOR('',#2731,8.497058314499E-1);
#2733=CARTESIAN_POINT('',(-9.6549E0,5.765E0,-1.4478E1));
#2734=LINE('',#2733,#2732);
#2735=DIRECTION('',(4.472135955E-1,0.E0,-8.944271909999E-1));
#2736=VECTOR('',#2735,8.497058314499E-1);
#2737=CARTESIAN_POINT('',(-1.05449E1,5.765E0,-1.3718E1));
#2738=LINE('',#2737,#2736);
#2739=DIRECTION('',(1.E0,0.E0,0.E0));
#2740=VECTOR('',#2739,5.1E-1);
#2741=CARTESIAN_POINT('',(-1.01649E1,5.765E0,-1.4478E1));
#2742=LINE('',#2741,#2740);
#2743=DIRECTION('',(0.E0,1.E0,0.E0));
#2744=VECTOR('',#2743,5.1E-1);
#2745=CARTESIAN_POINT('',(-9.6549E0,5.255E0,-1.4478E1));
#2746=LINE('',#2745,#2744);
#2747=DIRECTION('',(0.E0,1.E0,0.E0));
#2748=VECTOR('',#2747,5.1E-1);
#2749=CARTESIAN_POINT('',(-1.01649E1,5.255E0,-1.4478E1));
#2750=LINE('',#2749,#2748);
#2751=DIRECTION('',(1.E0,0.E0,0.E0));
#2752=VECTOR('',#2751,5.1E-1);
#2753=CARTESIAN_POINT('',(-1.01649E1,5.255E0,-1.4478E1));
#2754=LINE('',#2753,#2752);
#2755=DIRECTION('',(0.E0,1.E0,0.E0));
#2756=VECTOR('',#2755,5.1E-1);
#2757=CARTESIAN_POINT('',(-6.5849E0,5.255E0,-1.3718E1));
#2758=LINE('',#2757,#2756);
#2759=DIRECTION('',(0.E0,0.E0,1.E0));
#2760=VECTOR('',#2759,4.318E0);
#2761=CARTESIAN_POINT('',(-6.5849E0,5.765E0,-1.3718E1));
#2762=LINE('',#2761,#2760);
#2763=DIRECTION('',(0.E0,0.E0,-1.E0));
#2764=VECTOR('',#2763,4.318E0);
#2765=CARTESIAN_POINT('',(-6.5849E0,5.255E0,-9.4E0));
#2766=LINE('',#2765,#2764);
#2767=DIRECTION('',(4.472135955E-1,0.E0,8.944271909999E-1));
#2768=VECTOR('',#2767,8.497058314499E-1);
#2769=CARTESIAN_POINT('',(-5.6949E0,5.255E0,-1.4478E1));
#2770=LINE('',#2769,#2768);
#2771=DIRECTION('',(4.472135955E-1,0.E0,-8.944271909999E-1));
#2772=VECTOR('',#2771,8.497058314499E-1);
#2773=CARTESIAN_POINT('',(-6.5849E0,5.255E0,-1.3718E1));
#2774=LINE('',#2773,#2772);
#2775=DIRECTION('',(0.E0,1.E0,0.E0));
#2776=VECTOR('',#2775,5.1E-1);
#2777=CARTESIAN_POINT('',(-5.3149E0,5.255E0,-1.3718E1));
#2778=LINE('',#2777,#2776);
#2779=DIRECTION('',(0.E0,0.E0,-1.E0));
#2780=VECTOR('',#2779,4.318E0);
#2781=CARTESIAN_POINT('',(-5.3149E0,5.255E0,-9.4E0));
#2782=LINE('',#2781,#2780);
#2783=DIRECTION('',(0.E0,0.E0,1.E0));
#2784=VECTOR('',#2783,4.318E0);
#2785=CARTESIAN_POINT('',(-5.3149E0,5.765E0,-1.3718E1));
#2786=LINE('',#2785,#2784);
#2787=DIRECTION('',(4.472135955E-1,0.E0,8.944271909999E-1));
#2788=VECTOR('',#2787,8.497058314499E-1);
#2789=CARTESIAN_POINT('',(-5.6949E0,5.765E0,-1.4478E1));
#2790=LINE('',#2789,#2788);
#2791=DIRECTION('',(4.472135955E-1,0.E0,-8.944271909999E-1));
#2792=VECTOR('',#2791,8.497058314499E-1);
#2793=CARTESIAN_POINT('',(-6.5849E0,5.765E0,-1.3718E1));
#2794=LINE('',#2793,#2792);
#2795=DIRECTION('',(1.E0,0.E0,0.E0));
#2796=VECTOR('',#2795,5.1E-1);
#2797=CARTESIAN_POINT('',(-6.2049E0,5.765E0,-1.4478E1));
#2798=LINE('',#2797,#2796);
#2799=DIRECTION('',(0.E0,1.E0,0.E0));
#2800=VECTOR('',#2799,5.1E-1);
#2801=CARTESIAN_POINT('',(-5.6949E0,5.255E0,-1.4478E1));
#2802=LINE('',#2801,#2800);
#2803=DIRECTION('',(0.E0,1.E0,0.E0));
#2804=VECTOR('',#2803,5.1E-1);
#2805=CARTESIAN_POINT('',(-6.2049E0,5.255E0,-1.4478E1));
#2806=LINE('',#2805,#2804);
#2807=DIRECTION('',(1.E0,0.E0,0.E0));
#2808=VECTOR('',#2807,5.1E-1);
#2809=CARTESIAN_POINT('',(-6.2049E0,5.255E0,-1.4478E1));
#2810=LINE('',#2809,#2808);
#2811=DIRECTION('',(0.E0,1.E0,0.E0));
#2812=VECTOR('',#2811,5.1E-1);
#2813=CARTESIAN_POINT('',(-2.6249E0,5.255E0,-1.3718E1));
#2814=LINE('',#2813,#2812);
#2815=DIRECTION('',(0.E0,0.E0,1.E0));
#2816=VECTOR('',#2815,4.318E0);
#2817=CARTESIAN_POINT('',(-2.6249E0,5.765E0,-1.3718E1));
#2818=LINE('',#2817,#2816);
#2819=DIRECTION('',(0.E0,0.E0,-1.E0));
#2820=VECTOR('',#2819,4.318E0);
#2821=CARTESIAN_POINT('',(-2.6249E0,5.255E0,-9.4E0));
#2822=LINE('',#2821,#2820);
#2823=DIRECTION('',(4.472135955E-1,0.E0,8.944271909999E-1));
#2824=VECTOR('',#2823,8.497058314499E-1);
#2825=CARTESIAN_POINT('',(-1.7349E0,5.255E0,-1.4478E1));
#2826=LINE('',#2825,#2824);
#2827=DIRECTION('',(4.472135955E-1,0.E0,-8.944271909999E-1));
#2828=VECTOR('',#2827,8.497058314499E-1);
#2829=CARTESIAN_POINT('',(-2.6249E0,5.255E0,-1.3718E1));
#2830=LINE('',#2829,#2828);
#2831=DIRECTION('',(0.E0,1.E0,0.E0));
#2832=VECTOR('',#2831,5.1E-1);
#2833=CARTESIAN_POINT('',(-1.3549E0,5.255E0,-1.3718E1));
#2834=LINE('',#2833,#2832);
#2835=DIRECTION('',(0.E0,0.E0,-1.E0));
#2836=VECTOR('',#2835,4.318E0);
#2837=CARTESIAN_POINT('',(-1.3549E0,5.255E0,-9.4E0));
#2838=LINE('',#2837,#2836);
#2839=DIRECTION('',(0.E0,0.E0,1.E0));
#2840=VECTOR('',#2839,4.318E0);
#2841=CARTESIAN_POINT('',(-1.3549E0,5.765E0,-1.3718E1));
#2842=LINE('',#2841,#2840);
#2843=DIRECTION('',(4.472135955E-1,0.E0,8.944271909999E-1));
#2844=VECTOR('',#2843,8.497058314499E-1);
#2845=CARTESIAN_POINT('',(-1.7349E0,5.765E0,-1.4478E1));
#2846=LINE('',#2845,#2844);
#2847=DIRECTION('',(4.472135955E-1,0.E0,-8.944271909999E-1));
#2848=VECTOR('',#2847,8.497058314499E-1);
#2849=CARTESIAN_POINT('',(-2.6249E0,5.765E0,-1.3718E1));
#2850=LINE('',#2849,#2848);
#2851=DIRECTION('',(1.E0,0.E0,0.E0));
#2852=VECTOR('',#2851,5.1E-1);
#2853=CARTESIAN_POINT('',(-2.2449E0,5.765E0,-1.4478E1));
#2854=LINE('',#2853,#2852);
#2855=DIRECTION('',(0.E0,1.E0,0.E0));
#2856=VECTOR('',#2855,5.1E-1);
#2857=CARTESIAN_POINT('',(-1.7349E0,5.255E0,-1.4478E1));
#2858=LINE('',#2857,#2856);
#2859=DIRECTION('',(0.E0,1.E0,0.E0));
#2860=VECTOR('',#2859,5.1E-1);
#2861=CARTESIAN_POINT('',(-2.2449E0,5.255E0,-1.4478E1));
#2862=LINE('',#2861,#2860);
#2863=DIRECTION('',(1.E0,0.E0,0.E0));
#2864=VECTOR('',#2863,5.1E-1);
#2865=CARTESIAN_POINT('',(-2.2449E0,5.255E0,-1.4478E1));
#2866=LINE('',#2865,#2864);
#2867=DIRECTION('',(0.E0,1.E0,0.E0));
#2868=VECTOR('',#2867,5.1E-1);
#2869=CARTESIAN_POINT('',(1.3351E0,5.255E0,-1.3718E1));
#2870=LINE('',#2869,#2868);
#2871=DIRECTION('',(0.E0,0.E0,1.E0));
#2872=VECTOR('',#2871,4.318E0);
#2873=CARTESIAN_POINT('',(1.3351E0,5.765E0,-1.3718E1));
#2874=LINE('',#2873,#2872);
#2875=DIRECTION('',(0.E0,0.E0,-1.E0));
#2876=VECTOR('',#2875,4.318E0);
#2877=CARTESIAN_POINT('',(1.3351E0,5.255E0,-9.4E0));
#2878=LINE('',#2877,#2876);
#2879=DIRECTION('',(4.472135955E-1,0.E0,8.944271909999E-1));
#2880=VECTOR('',#2879,8.497058314499E-1);
#2881=CARTESIAN_POINT('',(2.2251E0,5.255E0,-1.4478E1));
#2882=LINE('',#2881,#2880);
#2883=DIRECTION('',(4.472135955E-1,0.E0,-8.944271909999E-1));
#2884=VECTOR('',#2883,8.497058314499E-1);
#2885=CARTESIAN_POINT('',(1.3351E0,5.255E0,-1.3718E1));
#2886=LINE('',#2885,#2884);
#2887=DIRECTION('',(0.E0,1.E0,0.E0));
#2888=VECTOR('',#2887,5.1E-1);
#2889=CARTESIAN_POINT('',(2.6051E0,5.255E0,-1.3718E1));
#2890=LINE('',#2889,#2888);
#2891=DIRECTION('',(0.E0,0.E0,-1.E0));
#2892=VECTOR('',#2891,4.318E0);
#2893=CARTESIAN_POINT('',(2.6051E0,5.255E0,-9.4E0));
#2894=LINE('',#2893,#2892);
#2895=DIRECTION('',(0.E0,0.E0,1.E0));
#2896=VECTOR('',#2895,4.318E0);
#2897=CARTESIAN_POINT('',(2.6051E0,5.765E0,-1.3718E1));
#2898=LINE('',#2897,#2896);
#2899=DIRECTION('',(4.472135955E-1,0.E0,8.944271909999E-1));
#2900=VECTOR('',#2899,8.497058314499E-1);
#2901=CARTESIAN_POINT('',(2.2251E0,5.765E0,-1.4478E1));
#2902=LINE('',#2901,#2900);
#2903=DIRECTION('',(4.472135955E-1,0.E0,-8.944271909999E-1));
#2904=VECTOR('',#2903,8.497058314499E-1);
#2905=CARTESIAN_POINT('',(1.3351E0,5.765E0,-1.3718E1));
#2906=LINE('',#2905,#2904);
#2907=DIRECTION('',(1.E0,0.E0,0.E0));
#2908=VECTOR('',#2907,5.1E-1);
#2909=CARTESIAN_POINT('',(1.7151E0,5.765E0,-1.4478E1));
#2910=LINE('',#2909,#2908);
#2911=DIRECTION('',(0.E0,1.E0,0.E0));
#2912=VECTOR('',#2911,5.1E-1);
#2913=CARTESIAN_POINT('',(2.2251E0,5.255E0,-1.4478E1));
#2914=LINE('',#2913,#2912);
#2915=DIRECTION('',(0.E0,1.E0,0.E0));
#2916=VECTOR('',#2915,5.1E-1);
#2917=CARTESIAN_POINT('',(1.7151E0,5.255E0,-1.4478E1));
#2918=LINE('',#2917,#2916);
#2919=DIRECTION('',(1.E0,0.E0,0.E0));
#2920=VECTOR('',#2919,5.1E-1);
#2921=CARTESIAN_POINT('',(1.7151E0,5.255E0,-1.4478E1));
#2922=LINE('',#2921,#2920);
#2923=DIRECTION('',(0.E0,1.E0,0.E0));
#2924=VECTOR('',#2923,5.1E-1);
#2925=CARTESIAN_POINT('',(5.2951E0,5.255E0,-1.3718E1));
#2926=LINE('',#2925,#2924);
#2927=DIRECTION('',(0.E0,0.E0,1.E0));
#2928=VECTOR('',#2927,4.318E0);
#2929=CARTESIAN_POINT('',(5.2951E0,5.765E0,-1.3718E1));
#2930=LINE('',#2929,#2928);
#2931=DIRECTION('',(0.E0,0.E0,-1.E0));
#2932=VECTOR('',#2931,4.318E0);
#2933=CARTESIAN_POINT('',(5.2951E0,5.255E0,-9.4E0));
#2934=LINE('',#2933,#2932);
#2935=DIRECTION('',(4.472135955E-1,0.E0,8.944271909999E-1));
#2936=VECTOR('',#2935,8.497058314499E-1);
#2937=CARTESIAN_POINT('',(6.1851E0,5.255E0,-1.4478E1));
#2938=LINE('',#2937,#2936);
#2939=DIRECTION('',(4.472135955E-1,0.E0,-8.944271909999E-1));
#2940=VECTOR('',#2939,8.497058314499E-1);
#2941=CARTESIAN_POINT('',(5.2951E0,5.255E0,-1.3718E1));
#2942=LINE('',#2941,#2940);
#2943=DIRECTION('',(0.E0,1.E0,0.E0));
#2944=VECTOR('',#2943,5.1E-1);
#2945=CARTESIAN_POINT('',(6.5651E0,5.255E0,-1.3718E1));
#2946=LINE('',#2945,#2944);
#2947=DIRECTION('',(0.E0,0.E0,-1.E0));
#2948=VECTOR('',#2947,4.318E0);
#2949=CARTESIAN_POINT('',(6.5651E0,5.255E0,-9.4E0));
#2950=LINE('',#2949,#2948);
#2951=DIRECTION('',(0.E0,0.E0,1.E0));
#2952=VECTOR('',#2951,4.318E0);
#2953=CARTESIAN_POINT('',(6.5651E0,5.765E0,-1.3718E1));
#2954=LINE('',#2953,#2952);
#2955=DIRECTION('',(4.472135955E-1,0.E0,8.944271909999E-1));
#2956=VECTOR('',#2955,8.497058314499E-1);
#2957=CARTESIAN_POINT('',(6.1851E0,5.765E0,-1.4478E1));
#2958=LINE('',#2957,#2956);
#2959=DIRECTION('',(4.472135955E-1,0.E0,-8.944271909999E-1));
#2960=VECTOR('',#2959,8.497058314499E-1);
#2961=CARTESIAN_POINT('',(5.2951E0,5.765E0,-1.3718E1));
#2962=LINE('',#2961,#2960);
#2963=DIRECTION('',(1.E0,0.E0,0.E0));
#2964=VECTOR('',#2963,5.1E-1);
#2965=CARTESIAN_POINT('',(5.6751E0,5.765E0,-1.4478E1));
#2966=LINE('',#2965,#2964);
#2967=DIRECTION('',(0.E0,1.E0,0.E0));
#2968=VECTOR('',#2967,5.1E-1);
#2969=CARTESIAN_POINT('',(6.1851E0,5.255E0,-1.4478E1));
#2970=LINE('',#2969,#2968);
#2971=DIRECTION('',(0.E0,1.E0,0.E0));
#2972=VECTOR('',#2971,5.1E-1);
#2973=CARTESIAN_POINT('',(5.6751E0,5.255E0,-1.4478E1));
#2974=LINE('',#2973,#2972);
#2975=DIRECTION('',(1.E0,0.E0,0.E0));
#2976=VECTOR('',#2975,5.1E-1);
#2977=CARTESIAN_POINT('',(5.6751E0,5.255E0,-1.4478E1));
#2978=LINE('',#2977,#2976);
#2979=DIRECTION('',(0.E0,1.E0,0.E0));
#2980=VECTOR('',#2979,5.1E-1);
#2981=CARTESIAN_POINT('',(9.2551E0,5.255E0,-1.3718E1));
#2982=LINE('',#2981,#2980);
#2983=DIRECTION('',(0.E0,0.E0,1.E0));
#2984=VECTOR('',#2983,4.318E0);
#2985=CARTESIAN_POINT('',(9.2551E0,5.765E0,-1.3718E1));
#2986=LINE('',#2985,#2984);
#2987=DIRECTION('',(0.E0,0.E0,-1.E0));
#2988=VECTOR('',#2987,4.318E0);
#2989=CARTESIAN_POINT('',(9.2551E0,5.255E0,-9.4E0));
#2990=LINE('',#2989,#2988);
#2991=DIRECTION('',(4.472135955E-1,0.E0,8.944271909999E-1));
#2992=VECTOR('',#2991,8.497058314499E-1);
#2993=CARTESIAN_POINT('',(1.01451E1,5.255E0,-1.4478E1));
#2994=LINE('',#2993,#2992);
#2995=DIRECTION('',(4.472135955E-1,0.E0,-8.944271909999E-1));
#2996=VECTOR('',#2995,8.497058314499E-1);
#2997=CARTESIAN_POINT('',(9.2551E0,5.255E0,-1.3718E1));
#2998=LINE('',#2997,#2996);
#2999=DIRECTION('',(0.E0,1.E0,0.E0));
#3000=VECTOR('',#2999,5.1E-1);
#3001=CARTESIAN_POINT('',(1.05251E1,5.255E0,-1.3718E1));
#3002=LINE('',#3001,#3000);
#3003=DIRECTION('',(0.E0,0.E0,-1.E0));
#3004=VECTOR('',#3003,4.318E0);
#3005=CARTESIAN_POINT('',(1.05251E1,5.255E0,-9.4E0));
#3006=LINE('',#3005,#3004);
#3007=DIRECTION('',(0.E0,0.E0,1.E0));
#3008=VECTOR('',#3007,4.318E0);
#3009=CARTESIAN_POINT('',(1.05251E1,5.765E0,-1.3718E1));
#3010=LINE('',#3009,#3008);
#3011=DIRECTION('',(4.472135955E-1,0.E0,8.944271909999E-1));
#3012=VECTOR('',#3011,8.497058314499E-1);
#3013=CARTESIAN_POINT('',(1.01451E1,5.765E0,-1.4478E1));
#3014=LINE('',#3013,#3012);
#3015=DIRECTION('',(4.472135955E-1,0.E0,-8.944271909999E-1));
#3016=VECTOR('',#3015,8.497058314499E-1);
#3017=CARTESIAN_POINT('',(9.2551E0,5.765E0,-1.3718E1));
#3018=LINE('',#3017,#3016);
#3019=DIRECTION('',(1.E0,0.E0,0.E0));
#3020=VECTOR('',#3019,5.1E-1);
#3021=CARTESIAN_POINT('',(9.6351E0,5.765E0,-1.4478E1));
#3022=LINE('',#3021,#3020);
#3023=DIRECTION('',(0.E0,1.E0,0.E0));
#3024=VECTOR('',#3023,5.1E-1);
#3025=CARTESIAN_POINT('',(1.01451E1,5.255E0,-1.4478E1));
#3026=LINE('',#3025,#3024);
#3027=DIRECTION('',(0.E0,1.E0,0.E0));
#3028=VECTOR('',#3027,5.1E-1);
#3029=CARTESIAN_POINT('',(9.6351E0,5.255E0,-1.4478E1));
#3030=LINE('',#3029,#3028);
#3031=DIRECTION('',(1.E0,0.E0,0.E0));
#3032=VECTOR('',#3031,5.1E-1);
#3033=CARTESIAN_POINT('',(9.6351E0,5.255E0,-1.4478E1));
#3034=LINE('',#3033,#3032);
#3035=DIRECTION('',(0.E0,1.E0,0.E0));
#3036=VECTOR('',#3035,5.1E-1);
#3037=CARTESIAN_POINT('',(1.32151E1,5.255E0,-1.3718E1));
#3038=LINE('',#3037,#3036);
#3039=DIRECTION('',(0.E0,0.E0,1.E0));
#3040=VECTOR('',#3039,4.318E0);
#3041=CARTESIAN_POINT('',(1.32151E1,5.765E0,-1.3718E1));
#3042=LINE('',#3041,#3040);
#3043=DIRECTION('',(0.E0,0.E0,-1.E0));
#3044=VECTOR('',#3043,4.318E0);
#3045=CARTESIAN_POINT('',(1.32151E1,5.255E0,-9.4E0));
#3046=LINE('',#3045,#3044);
#3047=DIRECTION('',(4.472135955E-1,0.E0,8.944271909999E-1));
#3048=VECTOR('',#3047,8.497058314499E-1);
#3049=CARTESIAN_POINT('',(1.41051E1,5.255E0,-1.4478E1));
#3050=LINE('',#3049,#3048);
#3051=DIRECTION('',(4.472135955E-1,0.E0,-8.944271909999E-1));
#3052=VECTOR('',#3051,8.497058314499E-1);
#3053=CARTESIAN_POINT('',(1.32151E1,5.255E0,-1.3718E1));
#3054=LINE('',#3053,#3052);
#3055=DIRECTION('',(0.E0,1.E0,0.E0));
#3056=VECTOR('',#3055,5.1E-1);
#3057=CARTESIAN_POINT('',(1.44851E1,5.255E0,-1.3718E1));
#3058=LINE('',#3057,#3056);
#3059=DIRECTION('',(0.E0,0.E0,-1.E0));
#3060=VECTOR('',#3059,4.318E0);
#3061=CARTESIAN_POINT('',(1.44851E1,5.255E0,-9.4E0));
#3062=LINE('',#3061,#3060);
#3063=DIRECTION('',(0.E0,0.E0,1.E0));
#3064=VECTOR('',#3063,4.318E0);
#3065=CARTESIAN_POINT('',(1.44851E1,5.765E0,-1.3718E1));
#3066=LINE('',#3065,#3064);
#3067=DIRECTION('',(4.472135955E-1,0.E0,8.944271909999E-1));
#3068=VECTOR('',#3067,8.497058314499E-1);
#3069=CARTESIAN_POINT('',(1.41051E1,5.765E0,-1.4478E1));
#3070=LINE('',#3069,#3068);
#3071=DIRECTION('',(4.472135955E-1,0.E0,-8.944271909999E-1));
#3072=VECTOR('',#3071,8.497058314499E-1);
#3073=CARTESIAN_POINT('',(1.32151E1,5.765E0,-1.3718E1));
#3074=LINE('',#3073,#3072);
#3075=DIRECTION('',(1.E0,0.E0,0.E0));
#3076=VECTOR('',#3075,5.1E-1);
#3077=CARTESIAN_POINT('',(1.35951E1,5.765E0,-1.4478E1));
#3078=LINE('',#3077,#3076);
#3079=DIRECTION('',(0.E0,1.E0,0.E0));
#3080=VECTOR('',#3079,5.1E-1);
#3081=CARTESIAN_POINT('',(1.41051E1,5.255E0,-1.4478E1));
#3082=LINE('',#3081,#3080);
#3083=DIRECTION('',(0.E0,1.E0,0.E0));
#3084=VECTOR('',#3083,5.1E-1);
#3085=CARTESIAN_POINT('',(1.35951E1,5.255E0,-1.4478E1));
#3086=LINE('',#3085,#3084);
#3087=DIRECTION('',(1.E0,0.E0,0.E0));
#3088=VECTOR('',#3087,5.1E-1);
#3089=CARTESIAN_POINT('',(1.35951E1,5.255E0,-1.4478E1));
#3090=LINE('',#3089,#3088);
#3091=DIRECTION('',(-1.E0,0.E0,0.E0));
#3092=VECTOR('',#3091,3.96E0);
#3093=CARTESIAN_POINT('',(-1.18388E1,1.188E1,-2.54E0));
#3094=LINE('',#3093,#3092);
#3095=DIRECTION('',(0.E0,5.009019441165E-1,-8.655040394939E-1));
#3096=VECTOR('',#3095,2.934706118166E0);
#3097=CARTESIAN_POINT('',(-1.18388E1,1.041E1,0.E0));
#3098=LINE('',#3097,#3096);
#3099=DIRECTION('',(0.E0,-1.E0,0.E0));
#3100=VECTOR('',#3099,1.47E0);
#3101=CARTESIAN_POINT('',(-1.18388E1,1.188E1,-2.54E0));
#3102=LINE('',#3101,#3100);
#3103=DIRECTION('',(0.E0,-1.E0,0.E0));
#3104=VECTOR('',#3103,1.47E0);
#3105=CARTESIAN_POINT('',(-7.874E0,1.188E1,-2.54E0));
#3106=LINE('',#3105,#3104);
#3107=DIRECTION('',(0.E0,5.009019441165E-1,-8.655040394939E-1));
#3108=VECTOR('',#3107,2.934706118166E0);
#3109=CARTESIAN_POINT('',(-7.874E0,1.041E1,0.E0));
#3110=LINE('',#3109,#3108);
#3111=DIRECTION('',(-1.E0,0.E0,0.E0));
#3112=VECTOR('',#3111,3.96E0);
#3113=CARTESIAN_POINT('',(-3.914E0,1.188E1,-2.54E0));
#3114=LINE('',#3113,#3112);
#3115=DIRECTION('',(0.E0,5.009019441165E-1,-8.655040394939E-1));
#3116=VECTOR('',#3115,2.934706118166E0);
#3117=CARTESIAN_POINT('',(-3.914E0,1.041E1,0.E0));
#3118=LINE('',#3117,#3116);
#3119=DIRECTION('',(0.E0,-1.E0,0.E0));
#3120=VECTOR('',#3119,1.47E0);
#3121=CARTESIAN_POINT('',(-3.914E0,1.188E1,-2.54E0));
#3122=LINE('',#3121,#3120);
#3123=CARTESIAN_POINT('',(-1.57988E1,0.E0,0.E0));
#3124=CARTESIAN_POINT('',(-1.57988E1,0.E0,-5.168407239349E0));
#3125=VERTEX_POINT('',#3123);
#3126=VERTEX_POINT('',#3124);
#3127=CARTESIAN_POINT('',(-1.57988E1,2.28E0,-2.03E0));
#3128=CARTESIAN_POINT('',(-1.57988E1,4.06E0,-2.03E0));
#3129=VERTEX_POINT('',#3127);
#3130=VERTEX_POINT('',#3128);
#3131=CARTESIAN_POINT('',(-1.57988E1,4.06E0,-1.143E1));
#3132=VERTEX_POINT('',#3131);
#3133=CARTESIAN_POINT('',(-1.57988E1,9.14E0,-1.143E1));
#3134=VERTEX_POINT('',#3133);
#3135=CARTESIAN_POINT('',(-1.57988E1,9.14E0,-9.4E0));
#3136=VERTEX_POINT('',#3135);
#3137=CARTESIAN_POINT('',(-1.57988E1,1.041E1,-9.4E0));
#3138=VERTEX_POINT('',#3137);
#3139=CARTESIAN_POINT('',(1.57988E1,0.E0,0.E0));
#3140=CARTESIAN_POINT('',(1.57988E1,0.E0,-5.168407239349E0));
#3141=VERTEX_POINT('',#3139);
#3142=VERTEX_POINT('',#3140);
#3143=CARTESIAN_POINT('',(1.57988E1,2.28E0,-2.03E0));
#3144=CARTESIAN_POINT('',(1.57988E1,4.06E0,-2.03E0));
#3145=VERTEX_POINT('',#3143);
#3146=VERTEX_POINT('',#3144);
#3147=CARTESIAN_POINT('',(1.57988E1,4.06E0,-1.143E1));
#3148=VERTEX_POINT('',#3147);
#3149=CARTESIAN_POINT('',(1.57988E1,9.14E0,-1.143E1));
#3150=VERTEX_POINT('',#3149);
#3151=CARTESIAN_POINT('',(1.57988E1,9.14E0,-9.4E0));
#3152=VERTEX_POINT('',#3151);
#3153=CARTESIAN_POINT('',(1.57988E1,1.041E1,-9.4E0));
#3154=VERTEX_POINT('',#3153);
#3155=CARTESIAN_POINT('',(-1.50388E1,9.14E0,-1.143E1));
#3156=VERTEX_POINT('',#3155);
#3157=CARTESIAN_POINT('',(1.50388E1,9.14E0,-1.143E1));
#3158=VERTEX_POINT('',#3157);
#3159=CARTESIAN_POINT('',(-1.50388E1,9.14E0,-9.4E0));
#3160=VERTEX_POINT('',#3159);
#3161=CARTESIAN_POINT('',(1.50388E1,9.14E0,-9.4E0));
#3162=VERTEX_POINT('',#3161);
#3163=CARTESIAN_POINT('',(1.50388E1,5.33E0,-9.4E0));
#3164=CARTESIAN_POINT('',(1.50388E1,5.33E0,-1.143E1));
#3165=VERTEX_POINT('',#3163);
#3166=VERTEX_POINT('',#3164);
#3167=CARTESIAN_POINT('',(-1.45684E1,9.27E0,-1.9E0));
#3168=CARTESIAN_POINT('',(-1.45684E1,8.09E0,-1.9E0));
#3169=VERTEX_POINT('',#3167);
#3170=VERTEX_POINT('',#3168);
#3171=CARTESIAN_POINT('',(-1.31684E1,8.09E0,-1.9E0));
#3172=VERTEX_POINT('',#3171);
#3173=CARTESIAN_POINT('',(-1.31684E1,9.27E0,-1.9E0));
#3174=VERTEX_POINT('',#3173);
#3175=CARTESIAN_POINT('',(-1.45684E1,9.27E0,-1.14E0));
#3176=CARTESIAN_POINT('',(-1.45684E1,8.09E0,-1.14E0));
#3177=VERTEX_POINT('',#3175);
#3178=VERTEX_POINT('',#3176);
#3179=CARTESIAN_POINT('',(-1.31684E1,8.09E0,-1.14E0));
#3180=VERTEX_POINT('',#3179);
#3181=CARTESIAN_POINT('',(-1.31684E1,9.27E0,-1.14E0));
#3182=VERTEX_POINT('',#3181);
#3183=CARTESIAN_POINT('',(-1.54584E1,1.019E1,0.E0));
#3184=CARTESIAN_POINT('',(-1.54584E1,7.17E0,0.E0));
#3185=VERTEX_POINT('',#3183);
#3186=VERTEX_POINT('',#3184);
#3187=CARTESIAN_POINT('',(-1.22784E1,7.17E0,0.E0));
#3188=VERTEX_POINT('',#3187);
#3189=CARTESIAN_POINT('',(-1.22784E1,1.019E1,0.E0));
#3190=VERTEX_POINT('',#3189);
#3191=CARTESIAN_POINT('',(1.46588E1,0.E0,0.E0));
#3192=CARTESIAN_POINT('',(1.46588E1,0.E0,-5.168407239349E0));
#3193=VERTEX_POINT('',#3191);
#3194=VERTEX_POINT('',#3192);
#3195=CARTESIAN_POINT('',(-1.46588E1,0.E0,0.E0));
#3196=CARTESIAN_POINT('',(-1.46588E1,0.E0,-5.168407239349E0));
#3197=VERTEX_POINT('',#3195);
#3198=VERTEX_POINT('',#3196);
#3199=CARTESIAN_POINT('',(1.46588E1,4.06E0,0.E0));
#3200=VERTEX_POINT('',#3199);
#3201=CARTESIAN_POINT('',(-1.46588E1,4.06E0,0.E0));
#3202=VERTEX_POINT('',#3201);
#3203=CARTESIAN_POINT('',(1.46588E1,2.28E0,-2.03E0));
#3204=VERTEX_POINT('',#3203);
#3205=CARTESIAN_POINT('',(-1.46588E1,2.28E0,-2.03E0));
#3206=VERTEX_POINT('',#3205);
#3207=CARTESIAN_POINT('',(-1.44284E1,4.568E0,-4.69E0));
#3208=CARTESIAN_POINT('',(-1.44284E1,4.568E0,-7.87E0));
#3209=VERTEX_POINT('',#3207);
#3210=VERTEX_POINT('',#3208);
#3211=CARTESIAN_POINT('',(-1.33084E1,4.568E0,-4.69E0));
#3212=VERTEX_POINT('',#3211);
#3213=CARTESIAN_POINT('',(-1.33084E1,4.568E0,-7.87E0));
#3214=VERTEX_POINT('',#3213);
#3215=CARTESIAN_POINT('',(-1.44284E1,4.06E0,-4.69E0));
#3216=CARTESIAN_POINT('',(-1.44284E1,4.06E0,-7.87E0));
#3217=VERTEX_POINT('',#3215);
#3218=VERTEX_POINT('',#3216);
#3219=CARTESIAN_POINT('',(-1.33084E1,4.06E0,-4.69E0));
#3220=VERTEX_POINT('',#3219);
#3221=CARTESIAN_POINT('',(-1.33084E1,4.06E0,-7.87E0));
#3222=VERTEX_POINT('',#3221);
#3223=CARTESIAN_POINT('',(-1.33111E1,6.092E0,-1.143E0));
#3224=CARTESIAN_POINT('',(-1.44287E1,6.092E0,-1.143E0));
#3225=VERTEX_POINT('',#3223);
#3226=VERTEX_POINT('',#3224);
#3227=CARTESIAN_POINT('',(-1.33111E1,4.06E0,0.E0));
#3228=CARTESIAN_POINT('',(-1.33111E1,4.06E0,-2.316175746993E0));
#3229=VERTEX_POINT('',#3227);
#3230=VERTEX_POINT('',#3228);
#3231=CARTESIAN_POINT('',(-1.44287E1,4.06E0,-2.316175746993E0));
#3232=VERTEX_POINT('',#3231);
#3233=CARTESIAN_POINT('',(-1.33111E1,6.092E0,0.E0));
#3234=VERTEX_POINT('',#3233);
#3235=CARTESIAN_POINT('',(-1.44287E1,6.092E0,0.E0));
#3236=VERTEX_POINT('',#3235);
#3237=CARTESIAN_POINT('',(-1.44287E1,4.06E0,0.E0));
#3238=VERTEX_POINT('',#3237);
#3239=CARTESIAN_POINT('',(-1.06084E1,9.27E0,-1.9E0));
#3240=CARTESIAN_POINT('',(-1.06084E1,8.09E0,-1.9E0));
#3241=VERTEX_POINT('',#3239);
#3242=VERTEX_POINT('',#3240);
#3243=CARTESIAN_POINT('',(-9.2084E0,8.09E0,-1.9E0));
#3244=VERTEX_POINT('',#3243);
#3245=CARTESIAN_POINT('',(-9.2084E0,9.27E0,-1.9E0));
#3246=VERTEX_POINT('',#3245);
#3247=CARTESIAN_POINT('',(-1.06084E1,9.27E0,-1.14E0));
#3248=CARTESIAN_POINT('',(-1.06084E1,8.09E0,-1.14E0));
#3249=VERTEX_POINT('',#3247);
#3250=VERTEX_POINT('',#3248);
#3251=CARTESIAN_POINT('',(-9.2084E0,8.09E0,-1.14E0));
#3252=VERTEX_POINT('',#3251);
#3253=CARTESIAN_POINT('',(-9.2084E0,9.27E0,-1.14E0));
#3254=VERTEX_POINT('',#3253);
#3255=CARTESIAN_POINT('',(-1.14984E1,1.019E1,0.E0));
#3256=CARTESIAN_POINT('',(-1.14984E1,7.17E0,0.E0));
#3257=VERTEX_POINT('',#3255);
#3258=VERTEX_POINT('',#3256);
#3259=CARTESIAN_POINT('',(-8.3184E0,7.17E0,0.E0));
#3260=VERTEX_POINT('',#3259);
#3261=CARTESIAN_POINT('',(-8.3184E0,1.019E1,0.E0));
#3262=VERTEX_POINT('',#3261);
#3263=CARTESIAN_POINT('',(-6.6484E0,9.27E0,-1.9E0));
#3264=CARTESIAN_POINT('',(-6.6484E0,8.09E0,-1.9E0));
#3265=VERTEX_POINT('',#3263);
#3266=VERTEX_POINT('',#3264);
#3267=CARTESIAN_POINT('',(-5.2484E0,8.09E0,-1.9E0));
#3268=VERTEX_POINT('',#3267);
#3269=CARTESIAN_POINT('',(-5.2484E0,9.27E0,-1.9E0));
#3270=VERTEX_POINT('',#3269);
#3271=CARTESIAN_POINT('',(-6.6484E0,9.27E0,-1.14E0));
#3272=CARTESIAN_POINT('',(-6.6484E0,8.09E0,-1.14E0));
#3273=VERTEX_POINT('',#3271);
#3274=VERTEX_POINT('',#3272);
#3275=CARTESIAN_POINT('',(-5.2484E0,8.09E0,-1.14E0));
#3276=VERTEX_POINT('',#3275);
#3277=CARTESIAN_POINT('',(-5.2484E0,9.27E0,-1.14E0));
#3278=VERTEX_POINT('',#3277);
#3279=CARTESIAN_POINT('',(-7.5384E0,1.019E1,0.E0));
#3280=CARTESIAN_POINT('',(-7.5384E0,7.17E0,0.E0));
#3281=VERTEX_POINT('',#3279);
#3282=VERTEX_POINT('',#3280);
#3283=CARTESIAN_POINT('',(-4.3584E0,7.17E0,0.E0));
#3284=VERTEX_POINT('',#3283);
#3285=CARTESIAN_POINT('',(-4.3584E0,1.019E1,0.E0));
#3286=VERTEX_POINT('',#3285);
#3287=CARTESIAN_POINT('',(-2.6884E0,9.27E0,-1.9E0));
#3288=CARTESIAN_POINT('',(-2.6884E0,8.09E0,-1.9E0));
#3289=VERTEX_POINT('',#3287);
#3290=VERTEX_POINT('',#3288);
#3291=CARTESIAN_POINT('',(-1.2884E0,8.09E0,-1.9E0));
#3292=VERTEX_POINT('',#3291);
#3293=CARTESIAN_POINT('',(-1.2884E0,9.27E0,-1.9E0));
#3294=VERTEX_POINT('',#3293);
#3295=CARTESIAN_POINT('',(-2.6884E0,9.27E0,-1.14E0));
#3296=CARTESIAN_POINT('',(-2.6884E0,8.09E0,-1.14E0));
#3297=VERTEX_POINT('',#3295);
#3298=VERTEX_POINT('',#3296);
#3299=CARTESIAN_POINT('',(-1.2884E0,8.09E0,-1.14E0));
#3300=VERTEX_POINT('',#3299);
#3301=CARTESIAN_POINT('',(-1.2884E0,9.27E0,-1.14E0));
#3302=VERTEX_POINT('',#3301);
#3303=CARTESIAN_POINT('',(-3.5784E0,1.019E1,0.E0));
#3304=CARTESIAN_POINT('',(-3.5784E0,7.17E0,0.E0));
#3305=VERTEX_POINT('',#3303);
#3306=VERTEX_POINT('',#3304);
#3307=CARTESIAN_POINT('',(-3.984E-1,7.17E0,0.E0));
#3308=VERTEX_POINT('',#3307);
#3309=CARTESIAN_POINT('',(-3.984E-1,1.019E1,0.E0));
#3310=VERTEX_POINT('',#3309);
#3311=CARTESIAN_POINT('',(1.2716E0,9.27E0,-1.9E0));
#3312=CARTESIAN_POINT('',(1.2716E0,8.09E0,-1.9E0));
#3313=VERTEX_POINT('',#3311);
#3314=VERTEX_POINT('',#3312);
#3315=CARTESIAN_POINT('',(2.6716E0,8.09E0,-1.9E0));
#3316=VERTEX_POINT('',#3315);
#3317=CARTESIAN_POINT('',(2.6716E0,9.27E0,-1.9E0));
#3318=VERTEX_POINT('',#3317);
#3319=CARTESIAN_POINT('',(1.2716E0,9.27E0,-1.14E0));
#3320=CARTESIAN_POINT('',(1.2716E0,8.09E0,-1.14E0));
#3321=VERTEX_POINT('',#3319);
#3322=VERTEX_POINT('',#3320);
#3323=CARTESIAN_POINT('',(2.6716E0,8.09E0,-1.14E0));
#3324=VERTEX_POINT('',#3323);
#3325=CARTESIAN_POINT('',(2.6716E0,9.27E0,-1.14E0));
#3326=VERTEX_POINT('',#3325);
#3327=CARTESIAN_POINT('',(3.816E-1,1.019E1,0.E0));
#3328=CARTESIAN_POINT('',(3.816E-1,7.17E0,0.E0));
#3329=VERTEX_POINT('',#3327);
#3330=VERTEX_POINT('',#3328);
#3331=CARTESIAN_POINT('',(3.5616E0,7.17E0,0.E0));
#3332=VERTEX_POINT('',#3331);
#3333=CARTESIAN_POINT('',(3.5616E0,1.019E1,0.E0));
#3334=VERTEX_POINT('',#3333);
#3335=CARTESIAN_POINT('',(5.2316E0,9.27E0,-1.9E0));
#3336=CARTESIAN_POINT('',(5.2316E0,8.09E0,-1.9E0));
#3337=VERTEX_POINT('',#3335);
#3338=VERTEX_POINT('',#3336);
#3339=CARTESIAN_POINT('',(6.6316E0,8.09E0,-1.9E0));
#3340=VERTEX_POINT('',#3339);
#3341=CARTESIAN_POINT('',(6.6316E0,9.27E0,-1.9E0));
#3342=VERTEX_POINT('',#3341);
#3343=CARTESIAN_POINT('',(5.2316E0,9.27E0,-1.14E0));
#3344=CARTESIAN_POINT('',(5.2316E0,8.09E0,-1.14E0));
#3345=VERTEX_POINT('',#3343);
#3346=VERTEX_POINT('',#3344);
#3347=CARTESIAN_POINT('',(6.6316E0,8.09E0,-1.14E0));
#3348=VERTEX_POINT('',#3347);
#3349=CARTESIAN_POINT('',(6.6316E0,9.27E0,-1.14E0));
#3350=VERTEX_POINT('',#3349);
#3351=CARTESIAN_POINT('',(4.3416E0,1.019E1,0.E0));
#3352=CARTESIAN_POINT('',(4.3416E0,7.17E0,0.E0));
#3353=VERTEX_POINT('',#3351);
#3354=VERTEX_POINT('',#3352);
#3355=CARTESIAN_POINT('',(7.5216E0,7.17E0,0.E0));
#3356=VERTEX_POINT('',#3355);
#3357=CARTESIAN_POINT('',(7.5216E0,1.019E1,0.E0));
#3358=VERTEX_POINT('',#3357);
#3359=CARTESIAN_POINT('',(9.1916E0,9.27E0,-1.9E0));
#3360=CARTESIAN_POINT('',(9.1916E0,8.09E0,-1.9E0));
#3361=VERTEX_POINT('',#3359);
#3362=VERTEX_POINT('',#3360);
#3363=CARTESIAN_POINT('',(1.05916E1,8.09E0,-1.9E0));
#3364=VERTEX_POINT('',#3363);
#3365=CARTESIAN_POINT('',(1.05916E1,9.27E0,-1.9E0));
#3366=VERTEX_POINT('',#3365);
#3367=CARTESIAN_POINT('',(9.1916E0,9.27E0,-1.14E0));
#3368=CARTESIAN_POINT('',(9.1916E0,8.09E0,-1.14E0));
#3369=VERTEX_POINT('',#3367);
#3370=VERTEX_POINT('',#3368);
#3371=CARTESIAN_POINT('',(1.05916E1,8.09E0,-1.14E0));
#3372=VERTEX_POINT('',#3371);
#3373=CARTESIAN_POINT('',(1.05916E1,9.27E0,-1.14E0));
#3374=VERTEX_POINT('',#3373);
#3375=CARTESIAN_POINT('',(8.3016E0,1.019E1,0.E0));
#3376=CARTESIAN_POINT('',(8.3016E0,7.17E0,0.E0));
#3377=VERTEX_POINT('',#3375);
#3378=VERTEX_POINT('',#3376);
#3379=CARTESIAN_POINT('',(1.14816E1,7.17E0,0.E0));
#3380=VERTEX_POINT('',#3379);
#3381=CARTESIAN_POINT('',(1.14816E1,1.019E1,0.E0));
#3382=VERTEX_POINT('',#3381);
#3383=CARTESIAN_POINT('',(1.31516E1,9.27E0,-1.9E0));
#3384=CARTESIAN_POINT('',(1.31516E1,8.09E0,-1.9E0));
#3385=VERTEX_POINT('',#3383);
#3386=VERTEX_POINT('',#3384);
#3387=CARTESIAN_POINT('',(1.45516E1,8.09E0,-1.9E0));
#3388=VERTEX_POINT('',#3387);
#3389=CARTESIAN_POINT('',(1.45516E1,9.27E0,-1.9E0));
#3390=VERTEX_POINT('',#3389);
#3391=CARTESIAN_POINT('',(1.31516E1,9.27E0,-1.14E0));
#3392=CARTESIAN_POINT('',(1.31516E1,8.09E0,-1.14E0));
#3393=VERTEX_POINT('',#3391);
#3394=VERTEX_POINT('',#3392);
#3395=CARTESIAN_POINT('',(1.45516E1,8.09E0,-1.14E0));
#3396=VERTEX_POINT('',#3395);
#3397=CARTESIAN_POINT('',(1.45516E1,9.27E0,-1.14E0));
#3398=VERTEX_POINT('',#3397);
#3399=CARTESIAN_POINT('',(1.22616E1,1.019E1,0.E0));
#3400=CARTESIAN_POINT('',(1.22616E1,7.17E0,0.E0));
#3401=VERTEX_POINT('',#3399);
#3402=VERTEX_POINT('',#3400);
#3403=CARTESIAN_POINT('',(1.54416E1,7.17E0,0.E0));
#3404=VERTEX_POINT('',#3403);
#3405=CARTESIAN_POINT('',(1.54416E1,1.019E1,0.E0));
#3406=VERTEX_POINT('',#3405);
#3407=CARTESIAN_POINT('',(-5.7E-1,0.E0,0.E0));
#3408=CARTESIAN_POINT('',(-5.7E-1,0.E0,-5.168407239349E0));
#3409=VERTEX_POINT('',#3407);
#3410=VERTEX_POINT('',#3408);
#3411=CARTESIAN_POINT('',(-5.7E-1,2.28E0,-2.03E0));
#3412=VERTEX_POINT('',#3411);
#3413=CARTESIAN_POINT('',(5.7E-1,0.E0,0.E0));
#3414=CARTESIAN_POINT('',(5.7E-1,0.E0,-5.168407239349E0));
#3415=VERTEX_POINT('',#3413);
#3416=VERTEX_POINT('',#3414);
#3417=CARTESIAN_POINT('',(5.7E-1,2.28E0,-2.03E0));
#3418=VERTEX_POINT('',#3417);
#3419=CARTESIAN_POINT('',(-5.7E-1,4.06E0,0.E0));
#3420=CARTESIAN_POINT('',(-5.7E-1,4.06E0,-2.03E0));
#3421=VERTEX_POINT('',#3419);
#3422=VERTEX_POINT('',#3420);
#3423=CARTESIAN_POINT('',(5.7E-1,4.06E0,0.E0));
#3424=CARTESIAN_POINT('',(5.7E-1,4.06E0,-2.03E0));
#3425=VERTEX_POINT('',#3423);
#3426=VERTEX_POINT('',#3424);
#3427=CARTESIAN_POINT('',(-1.46588E1,4.06E0,-1.73E0));
#3428=CARTESIAN_POINT('',(-1.44287E1,4.06E0,-1.73E0));
#3429=VERTEX_POINT('',#3427);
#3430=VERTEX_POINT('',#3428);
#3431=CARTESIAN_POINT('',(1.44089E1,4.06E0,-1.73E0));
#3432=CARTESIAN_POINT('',(1.46588E1,4.06E0,-1.73E0));
#3433=VERTEX_POINT('',#3431);
#3434=VERTEX_POINT('',#3432);
#3435=CARTESIAN_POINT('',(1.46588E1,2.79E0,-1.73E0));
#3436=VERTEX_POINT('',#3435);
#3437=CARTESIAN_POINT('',(1.46588E1,2.79E0,-2.03E0));
#3438=VERTEX_POINT('',#3437);
#3439=CARTESIAN_POINT('',(-1.46588E1,2.79E0,-1.73E0));
#3440=VERTEX_POINT('',#3439);
#3441=CARTESIAN_POINT('',(-1.46588E1,2.79E0,-2.03E0));
#3442=VERTEX_POINT('',#3441);
#3443=CARTESIAN_POINT('',(-1.33111E1,4.1377E0,-2.03E0));
#3444=CARTESIAN_POINT('',(-1.33111E1,4.555670933686E0,-2.03E0));
#3445=VERTEX_POINT('',#3443);
#3446=VERTEX_POINT('',#3444);
#3447=CARTESIAN_POINT('',(-1.33111E1,4.1377E0,-1.73E0));
#3448=CARTESIAN_POINT('',(-1.33111E1,5.075286175957E0,-1.73E0));
#3449=VERTEX_POINT('',#3447);
#3450=VERTEX_POINT('',#3448);
#3451=CARTESIAN_POINT('',(-1.44287E1,4.06E0,-2.03E0));
#3452=CARTESIAN_POINT('',(-1.44287E1,4.555670933686E0,-2.03E0));
#3453=VERTEX_POINT('',#3451);
#3454=VERTEX_POINT('',#3452);
#3455=CARTESIAN_POINT('',(-1.44287E1,5.075286175957E0,-1.73E0));
#3456=VERTEX_POINT('',#3455);
#3457=CARTESIAN_POINT('',(1.32913E1,4.1575E0,-2.03E0));
#3458=VERTEX_POINT('',#3457);
#3459=CARTESIAN_POINT('',(1.32913E1,4.1575E0,-1.73E0));
#3460=VERTEX_POINT('',#3459);
#3461=CARTESIAN_POINT('',(1.44089E1,4.06E0,-2.03E0));
#3462=VERTEX_POINT('',#3461);
#3463=CARTESIAN_POINT('',(-1.18388E1,1.041E1,0.E0));
#3464=CARTESIAN_POINT('',(-1.18388E1,1.041E1,-2.54E0));
#3465=VERTEX_POINT('',#3463);
#3466=VERTEX_POINT('',#3464);
#3467=CARTESIAN_POINT('',(-1.57988E1,1.041E1,-2.54E0));
#3468=VERTEX_POINT('',#3467);
#3469=CARTESIAN_POINT('',(-1.57988E1,1.041E1,0.E0));
#3470=VERTEX_POINT('',#3469);
#3471=CARTESIAN_POINT('',(1.18388E1,1.188E1,-2.54E0));
#3472=CARTESIAN_POINT('',(1.57988E1,1.188E1,-2.54E0));
#3473=VERTEX_POINT('',#3471);
#3474=VERTEX_POINT('',#3472);
#3475=CARTESIAN_POINT('',(1.18388E1,1.041E1,0.E0));
#3476=CARTESIAN_POINT('',(1.18388E1,1.041E1,-2.54E0));
#3477=VERTEX_POINT('',#3475);
#3478=VERTEX_POINT('',#3476);
#3479=CARTESIAN_POINT('',(1.57988E1,1.041E1,-2.54E0));
#3480=VERTEX_POINT('',#3479);
#3481=CARTESIAN_POINT('',(1.57988E1,1.041E1,0.E0));
#3482=VERTEX_POINT('',#3481);
#3483=CARTESIAN_POINT('',(-1.18388E1,1.188E1,-2.54E0));
#3484=CARTESIAN_POINT('',(-1.57988E1,1.188E1,-2.54E0));
#3485=VERTEX_POINT('',#3483);
#3486=VERTEX_POINT('',#3484);
#3487=CARTESIAN_POINT('',(-3.914E0,1.188E1,-2.54E0));
#3488=CARTESIAN_POINT('',(-7.874E0,1.188E1,-2.54E0));
#3489=VERTEX_POINT('',#3487);
#3490=VERTEX_POINT('',#3488);
#3491=CARTESIAN_POINT('',(-3.914E0,1.041E1,0.E0));
#3492=CARTESIAN_POINT('',(-3.914E0,1.041E1,-2.54E0));
#3493=VERTEX_POINT('',#3491);
#3494=VERTEX_POINT('',#3492);
#3495=CARTESIAN_POINT('',(-7.874E0,1.041E1,0.E0));
#3496=CARTESIAN_POINT('',(-7.874E0,1.041E1,-2.54E0));
#3497=VERTEX_POINT('',#3495);
#3498=VERTEX_POINT('',#3496);
#3499=CARTESIAN_POINT('',(3.914E0,1.188E1,-2.54E0));
#3500=CARTESIAN_POINT('',(7.874E0,1.188E1,-2.54E0));
#3501=VERTEX_POINT('',#3499);
#3502=VERTEX_POINT('',#3500);
#3503=CARTESIAN_POINT('',(3.914E0,1.041E1,0.E0));
#3504=CARTESIAN_POINT('',(3.914E0,1.041E1,-2.54E0));
#3505=VERTEX_POINT('',#3503);
#3506=VERTEX_POINT('',#3504);
#3507=CARTESIAN_POINT('',(7.874E0,1.041E1,0.E0));
#3508=CARTESIAN_POINT('',(7.874E0,1.041E1,-2.54E0));
#3509=VERTEX_POINT('',#3507);
#3510=VERTEX_POINT('',#3508);
#3511=CARTESIAN_POINT('',(-1.28634E1,4.06E0,-1.143E1));
#3512=CARTESIAN_POINT('',(-1.28634E1,4.06E0,-9.4E0));
#3513=VERTEX_POINT('',#3511);
#3514=VERTEX_POINT('',#3512);
#3515=CARTESIAN_POINT('',(-1.51534E1,4.06E0,-9.4E0));
#3516=VERTEX_POINT('',#3515);
#3517=CARTESIAN_POINT('',(-1.51534E1,4.06E0,-1.143E1));
#3518=VERTEX_POINT('',#3517);
#3519=CARTESIAN_POINT('',(-1.51534E1,5.33E0,-1.143E1));
#3520=CARTESIAN_POINT('',(-1.50388E1,5.33E0,-1.143E1));
#3521=VERTEX_POINT('',#3519);
#3522=VERTEX_POINT('',#3520);
#3523=CARTESIAN_POINT('',(-1.28634E1,5.33E0,-1.143E1));
#3524=CARTESIAN_POINT('',(-1.28634E1,5.33E0,-9.4E0));
#3525=VERTEX_POINT('',#3523);
#3526=VERTEX_POINT('',#3524);
#3527=CARTESIAN_POINT('',(-1.50388E1,5.33E0,-9.4E0));
#3528=VERTEX_POINT('',#3527);
#3529=CARTESIAN_POINT('',(-1.51534E1,5.33E0,-9.4E0));
#3530=VERTEX_POINT('',#3529);
#3531=CARTESIAN_POINT('',(-1.45049E1,5.255E0,-1.3718E1));
#3532=CARTESIAN_POINT('',(-1.45049E1,5.765E0,-1.3718E1));
#3533=VERTEX_POINT('',#3531);
#3534=VERTEX_POINT('',#3532);
#3535=CARTESIAN_POINT('',(-1.32349E1,5.255E0,-1.3718E1));
#3536=CARTESIAN_POINT('',(-1.32349E1,5.765E0,-1.3718E1));
#3537=VERTEX_POINT('',#3535);
#3538=VERTEX_POINT('',#3536);
#3539=CARTESIAN_POINT('',(-1.36149E1,5.255E0,-1.4478E1));
#3540=VERTEX_POINT('',#3539);
#3541=CARTESIAN_POINT('',(-1.41249E1,5.255E0,-1.4478E1));
#3542=VERTEX_POINT('',#3541);
#3543=CARTESIAN_POINT('',(-1.36149E1,5.765E0,-1.4478E1));
#3544=VERTEX_POINT('',#3543);
#3545=CARTESIAN_POINT('',(-1.41249E1,5.765E0,-1.4478E1));
#3546=VERTEX_POINT('',#3545);
#3547=CARTESIAN_POINT('',(-1.32349E1,5.255E0,-9.4E0));
#3548=VERTEX_POINT('',#3547);
#3549=CARTESIAN_POINT('',(-1.45049E1,5.255E0,-9.4E0));
#3550=VERTEX_POINT('',#3549);
#3551=CARTESIAN_POINT('',(-9.3511E0,6.092E0,-1.143E0));
#3552=CARTESIAN_POINT('',(-1.04687E1,6.092E0,-1.143E0));
#3553=VERTEX_POINT('',#3551);
#3554=VERTEX_POINT('',#3552);
#3555=CARTESIAN_POINT('',(-9.3511E0,4.06E0,0.E0));
#3556=CARTESIAN_POINT('',(-9.3511E0,4.06E0,-2.316175746993E0));
#3557=VERTEX_POINT('',#3555);
#3558=VERTEX_POINT('',#3556);
#3559=CARTESIAN_POINT('',(-1.04687E1,4.06E0,0.E0));
#3560=CARTESIAN_POINT('',(-1.04687E1,4.06E0,-2.316175746993E0));
#3561=VERTEX_POINT('',#3559);
#3562=VERTEX_POINT('',#3560);
#3563=CARTESIAN_POINT('',(-9.3511E0,6.092E0,0.E0));
#3564=VERTEX_POINT('',#3563);
#3565=CARTESIAN_POINT('',(-1.04687E1,6.092E0,0.E0));
#3566=VERTEX_POINT('',#3565);
#3567=CARTESIAN_POINT('',(-5.3911E0,6.092E0,-1.143E0));
#3568=CARTESIAN_POINT('',(-6.5087E0,6.092E0,-1.143E0));
#3569=VERTEX_POINT('',#3567);
#3570=VERTEX_POINT('',#3568);
#3571=CARTESIAN_POINT('',(-5.3911E0,4.06E0,0.E0));
#3572=CARTESIAN_POINT('',(-5.3911E0,4.06E0,-2.316175746993E0));
#3573=VERTEX_POINT('',#3571);
#3574=VERTEX_POINT('',#3572);
#3575=CARTESIAN_POINT('',(-6.5087E0,4.06E0,0.E0));
#3576=CARTESIAN_POINT('',(-6.5087E0,4.06E0,-2.316175746993E0));
#3577=VERTEX_POINT('',#3575);
#3578=VERTEX_POINT('',#3576);
#3579=CARTESIAN_POINT('',(-5.3911E0,6.092E0,0.E0));
#3580=VERTEX_POINT('',#3579);
#3581=CARTESIAN_POINT('',(-6.5087E0,6.092E0,0.E0));
#3582=VERTEX_POINT('',#3581);
#3583=CARTESIAN_POINT('',(-1.4311E0,6.092E0,-1.143E0));
#3584=CARTESIAN_POINT('',(-2.5487E0,6.092E0,-1.143E0));
#3585=VERTEX_POINT('',#3583);
#3586=VERTEX_POINT('',#3584);
#3587=CARTESIAN_POINT('',(-1.4311E0,4.06E0,0.E0));
#3588=CARTESIAN_POINT('',(-1.4311E0,4.06E0,-2.316175746993E0));
#3589=VERTEX_POINT('',#3587);
#3590=VERTEX_POINT('',#3588);
#3591=CARTESIAN_POINT('',(-2.5487E0,4.06E0,0.E0));
#3592=CARTESIAN_POINT('',(-2.5487E0,4.06E0,-2.316175746993E0));
#3593=VERTEX_POINT('',#3591);
#3594=VERTEX_POINT('',#3592);
#3595=CARTESIAN_POINT('',(-1.4311E0,6.092E0,0.E0));
#3596=VERTEX_POINT('',#3595);
#3597=CARTESIAN_POINT('',(-2.5487E0,6.092E0,0.E0));
#3598=VERTEX_POINT('',#3597);
#3599=CARTESIAN_POINT('',(2.5289E0,6.092E0,-1.143E0));
#3600=CARTESIAN_POINT('',(1.4113E0,6.092E0,-1.143E0));
#3601=VERTEX_POINT('',#3599);
#3602=VERTEX_POINT('',#3600);
#3603=CARTESIAN_POINT('',(2.5289E0,4.06E0,0.E0));
#3604=CARTESIAN_POINT('',(2.5289E0,4.06E0,-2.316175746993E0));
#3605=VERTEX_POINT('',#3603);
#3606=VERTEX_POINT('',#3604);
#3607=CARTESIAN_POINT('',(1.4113E0,4.06E0,0.E0));
#3608=CARTESIAN_POINT('',(1.4113E0,4.06E0,-2.316175746993E0));
#3609=VERTEX_POINT('',#3607);
#3610=VERTEX_POINT('',#3608);
#3611=CARTESIAN_POINT('',(2.5289E0,6.092E0,0.E0));
#3612=VERTEX_POINT('',#3611);
#3613=CARTESIAN_POINT('',(1.4113E0,6.092E0,0.E0));
#3614=VERTEX_POINT('',#3613);
#3615=CARTESIAN_POINT('',(6.4889E0,6.092E0,-1.143E0));
#3616=CARTESIAN_POINT('',(5.3713E0,6.092E0,-1.143E0));
#3617=VERTEX_POINT('',#3615);
#3618=VERTEX_POINT('',#3616);
#3619=CARTESIAN_POINT('',(6.4889E0,4.06E0,0.E0));
#3620=CARTESIAN_POINT('',(6.4889E0,4.06E0,-2.316175746993E0));
#3621=VERTEX_POINT('',#3619);
#3622=VERTEX_POINT('',#3620);
#3623=CARTESIAN_POINT('',(5.3713E0,4.06E0,0.E0));
#3624=CARTESIAN_POINT('',(5.3713E0,4.06E0,-2.316175746993E0));
#3625=VERTEX_POINT('',#3623);
#3626=VERTEX_POINT('',#3624);
#3627=CARTESIAN_POINT('',(6.4889E0,6.092E0,0.E0));
#3628=VERTEX_POINT('',#3627);
#3629=CARTESIAN_POINT('',(5.3713E0,6.092E0,0.E0));
#3630=VERTEX_POINT('',#3629);
#3631=CARTESIAN_POINT('',(1.04489E1,6.092E0,-1.143E0));
#3632=CARTESIAN_POINT('',(9.3313E0,6.092E0,-1.143E0));
#3633=VERTEX_POINT('',#3631);
#3634=VERTEX_POINT('',#3632);
#3635=CARTESIAN_POINT('',(1.04489E1,4.06E0,0.E0));
#3636=CARTESIAN_POINT('',(1.04489E1,4.06E0,-2.316175746993E0));
#3637=VERTEX_POINT('',#3635);
#3638=VERTEX_POINT('',#3636);
#3639=CARTESIAN_POINT('',(9.3313E0,4.06E0,0.E0));
#3640=CARTESIAN_POINT('',(9.3313E0,4.06E0,-2.316175746993E0));
#3641=VERTEX_POINT('',#3639);
#3642=VERTEX_POINT('',#3640);
#3643=CARTESIAN_POINT('',(1.04489E1,6.092E0,0.E0));
#3644=VERTEX_POINT('',#3643);
#3645=CARTESIAN_POINT('',(9.3313E0,6.092E0,0.E0));
#3646=VERTEX_POINT('',#3645);
#3647=CARTESIAN_POINT('',(1.44089E1,6.092E0,-1.143E0));
#3648=CARTESIAN_POINT('',(1.32913E1,6.092E0,-1.143E0));
#3649=VERTEX_POINT('',#3647);
#3650=VERTEX_POINT('',#3648);
#3651=CARTESIAN_POINT('',(1.32913E1,4.06E0,0.E0));
#3652=CARTESIAN_POINT('',(1.32913E1,4.06E0,-2.316175746993E0));
#3653=VERTEX_POINT('',#3651);
#3654=VERTEX_POINT('',#3652);
#3655=CARTESIAN_POINT('',(1.44089E1,4.06E0,-2.316175746993E0));
#3656=VERTEX_POINT('',#3655);
#3657=CARTESIAN_POINT('',(1.44089E1,4.06E0,0.E0));
#3658=CARTESIAN_POINT('',(1.44089E1,6.092E0,0.E0));
#3659=VERTEX_POINT('',#3657);
#3660=VERTEX_POINT('',#3658);
#3661=CARTESIAN_POINT('',(1.32913E1,6.092E0,0.E0));
#3662=VERTEX_POINT('',#3661);
#3663=CARTESIAN_POINT('',(-1.04684E1,4.568E0,-4.69E0));
#3664=CARTESIAN_POINT('',(-1.04684E1,4.568E0,-7.87E0));
#3665=VERTEX_POINT('',#3663);
#3666=VERTEX_POINT('',#3664);
#3667=CARTESIAN_POINT('',(-9.3484E0,4.568E0,-7.87E0));
#3668=VERTEX_POINT('',#3667);
#3669=CARTESIAN_POINT('',(-9.3484E0,4.568E0,-4.69E0));
#3670=VERTEX_POINT('',#3669);
#3671=CARTESIAN_POINT('',(-1.04684E1,4.06E0,-4.69E0));
#3672=CARTESIAN_POINT('',(-1.04684E1,4.06E0,-7.87E0));
#3673=VERTEX_POINT('',#3671);
#3674=VERTEX_POINT('',#3672);
#3675=CARTESIAN_POINT('',(-9.3484E0,4.06E0,-7.87E0));
#3676=VERTEX_POINT('',#3675);
#3677=CARTESIAN_POINT('',(-9.3484E0,4.06E0,-4.69E0));
#3678=VERTEX_POINT('',#3677);
#3679=CARTESIAN_POINT('',(-6.5084E0,4.568E0,-4.69E0));
#3680=CARTESIAN_POINT('',(-6.5084E0,4.568E0,-7.87E0));
#3681=VERTEX_POINT('',#3679);
#3682=VERTEX_POINT('',#3680);
#3683=CARTESIAN_POINT('',(-5.3884E0,4.568E0,-7.87E0));
#3684=VERTEX_POINT('',#3683);
#3685=CARTESIAN_POINT('',(-5.3884E0,4.568E0,-4.69E0));
#3686=VERTEX_POINT('',#3685);
#3687=CARTESIAN_POINT('',(-6.5084E0,4.06E0,-4.69E0));
#3688=CARTESIAN_POINT('',(-6.5084E0,4.06E0,-7.87E0));
#3689=VERTEX_POINT('',#3687);
#3690=VERTEX_POINT('',#3688);
#3691=CARTESIAN_POINT('',(-5.3884E0,4.06E0,-7.87E0));
#3692=VERTEX_POINT('',#3691);
#3693=CARTESIAN_POINT('',(-5.3884E0,4.06E0,-4.69E0));
#3694=VERTEX_POINT('',#3693);
#3695=CARTESIAN_POINT('',(-2.5484E0,4.568E0,-4.69E0));
#3696=CARTESIAN_POINT('',(-2.5484E0,4.568E0,-7.87E0));
#3697=VERTEX_POINT('',#3695);
#3698=VERTEX_POINT('',#3696);
#3699=CARTESIAN_POINT('',(-1.4284E0,4.568E0,-7.87E0));
#3700=VERTEX_POINT('',#3699);
#3701=CARTESIAN_POINT('',(-1.4284E0,4.568E0,-4.69E0));
#3702=VERTEX_POINT('',#3701);
#3703=CARTESIAN_POINT('',(-2.5484E0,4.06E0,-4.69E0));
#3704=CARTESIAN_POINT('',(-2.5484E0,4.06E0,-7.87E0));
#3705=VERTEX_POINT('',#3703);
#3706=VERTEX_POINT('',#3704);
#3707=CARTESIAN_POINT('',(-1.4284E0,4.06E0,-7.87E0));
#3708=VERTEX_POINT('',#3707);
#3709=CARTESIAN_POINT('',(-1.4284E0,4.06E0,-4.69E0));
#3710=VERTEX_POINT('',#3709);
#3711=CARTESIAN_POINT('',(1.4116E0,4.568E0,-4.69E0));
#3712=CARTESIAN_POINT('',(1.4116E0,4.568E0,-7.87E0));
#3713=VERTEX_POINT('',#3711);
#3714=VERTEX_POINT('',#3712);
#3715=CARTESIAN_POINT('',(2.5316E0,4.568E0,-7.87E0));
#3716=VERTEX_POINT('',#3715);
#3717=CARTESIAN_POINT('',(2.5316E0,4.568E0,-4.69E0));
#3718=VERTEX_POINT('',#3717);
#3719=CARTESIAN_POINT('',(1.4116E0,4.06E0,-4.69E0));
#3720=CARTESIAN_POINT('',(1.4116E0,4.06E0,-7.87E0));
#3721=VERTEX_POINT('',#3719);
#3722=VERTEX_POINT('',#3720);
#3723=CARTESIAN_POINT('',(2.5316E0,4.06E0,-7.87E0));
#3724=VERTEX_POINT('',#3723);
#3725=CARTESIAN_POINT('',(2.5316E0,4.06E0,-4.69E0));
#3726=VERTEX_POINT('',#3725);
#3727=CARTESIAN_POINT('',(5.3716E0,4.568E0,-4.69E0));
#3728=CARTESIAN_POINT('',(5.3716E0,4.568E0,-7.87E0));
#3729=VERTEX_POINT('',#3727);
#3730=VERTEX_POINT('',#3728);
#3731=CARTESIAN_POINT('',(6.4916E0,4.568E0,-7.87E0));
#3732=VERTEX_POINT('',#3731);
#3733=CARTESIAN_POINT('',(6.4916E0,4.568E0,-4.69E0));
#3734=VERTEX_POINT('',#3733);
#3735=CARTESIAN_POINT('',(5.3716E0,4.06E0,-4.69E0));
#3736=CARTESIAN_POINT('',(5.3716E0,4.06E0,-7.87E0));
#3737=VERTEX_POINT('',#3735);
#3738=VERTEX_POINT('',#3736);
#3739=CARTESIAN_POINT('',(6.4916E0,4.06E0,-7.87E0));
#3740=VERTEX_POINT('',#3739);
#3741=CARTESIAN_POINT('',(6.4916E0,4.06E0,-4.69E0));
#3742=VERTEX_POINT('',#3741);
#3743=CARTESIAN_POINT('',(9.3316E0,4.568E0,-4.69E0));
#3744=CARTESIAN_POINT('',(9.3316E0,4.568E0,-7.87E0));
#3745=VERTEX_POINT('',#3743);
#3746=VERTEX_POINT('',#3744);
#3747=CARTESIAN_POINT('',(1.04516E1,4.568E0,-7.87E0));
#3748=VERTEX_POINT('',#3747);
#3749=CARTESIAN_POINT('',(1.04516E1,4.568E0,-4.69E0));
#3750=VERTEX_POINT('',#3749);
#3751=CARTESIAN_POINT('',(9.3316E0,4.06E0,-4.69E0));
#3752=CARTESIAN_POINT('',(9.3316E0,4.06E0,-7.87E0));
#3753=VERTEX_POINT('',#3751);
#3754=VERTEX_POINT('',#3752);
#3755=CARTESIAN_POINT('',(1.04516E1,4.06E0,-7.87E0));
#3756=VERTEX_POINT('',#3755);
#3757=CARTESIAN_POINT('',(1.04516E1,4.06E0,-4.69E0));
#3758=VERTEX_POINT('',#3757);
#3759=CARTESIAN_POINT('',(1.32916E1,4.568E0,-4.69E0));
#3760=CARTESIAN_POINT('',(1.32916E1,4.568E0,-7.87E0));
#3761=VERTEX_POINT('',#3759);
#3762=VERTEX_POINT('',#3760);
#3763=CARTESIAN_POINT('',(1.44116E1,4.568E0,-7.87E0));
#3764=VERTEX_POINT('',#3763);
#3765=CARTESIAN_POINT('',(1.44116E1,4.568E0,-4.69E0));
#3766=VERTEX_POINT('',#3765);
#3767=CARTESIAN_POINT('',(1.32916E1,4.06E0,-4.69E0));
#3768=CARTESIAN_POINT('',(1.32916E1,4.06E0,-7.87E0));
#3769=VERTEX_POINT('',#3767);
#3770=VERTEX_POINT('',#3768);
#3771=CARTESIAN_POINT('',(1.44116E1,4.06E0,-7.87E0));
#3772=VERTEX_POINT('',#3771);
#3773=CARTESIAN_POINT('',(1.44116E1,4.06E0,-4.69E0));
#3774=VERTEX_POINT('',#3773);
#3775=CARTESIAN_POINT('',(-8.9034E0,4.06E0,-1.143E1));
#3776=CARTESIAN_POINT('',(-8.9034E0,4.06E0,-9.4E0));
#3777=VERTEX_POINT('',#3775);
#3778=VERTEX_POINT('',#3776);
#3779=CARTESIAN_POINT('',(-1.11934E1,4.06E0,-9.4E0));
#3780=VERTEX_POINT('',#3779);
#3781=CARTESIAN_POINT('',(-1.11934E1,4.06E0,-1.143E1));
#3782=VERTEX_POINT('',#3781);
#3783=CARTESIAN_POINT('',(-8.9034E0,5.33E0,-1.143E1));
#3784=CARTESIAN_POINT('',(-8.9034E0,5.33E0,-9.4E0));
#3785=VERTEX_POINT('',#3783);
#3786=VERTEX_POINT('',#3784);
#3787=CARTESIAN_POINT('',(-1.11934E1,5.33E0,-9.4E0));
#3788=CARTESIAN_POINT('',(-1.11934E1,5.33E0,-1.143E1));
#3789=VERTEX_POINT('',#3787);
#3790=VERTEX_POINT('',#3788);
#3791=CARTESIAN_POINT('',(-4.9434E0,4.06E0,-1.143E1));
#3792=CARTESIAN_POINT('',(-4.9434E0,4.06E0,-9.4E0));
#3793=VERTEX_POINT('',#3791);
#3794=VERTEX_POINT('',#3792);
#3795=CARTESIAN_POINT('',(-7.2334E0,4.06E0,-9.4E0));
#3796=VERTEX_POINT('',#3795);
#3797=CARTESIAN_POINT('',(-7.2334E0,4.06E0,-1.143E1));
#3798=VERTEX_POINT('',#3797);
#3799=CARTESIAN_POINT('',(-4.9434E0,5.33E0,-1.143E1));
#3800=CARTESIAN_POINT('',(-4.9434E0,5.33E0,-9.4E0));
#3801=VERTEX_POINT('',#3799);
#3802=VERTEX_POINT('',#3800);
#3803=CARTESIAN_POINT('',(-7.2334E0,5.33E0,-9.4E0));
#3804=CARTESIAN_POINT('',(-7.2334E0,5.33E0,-1.143E1));
#3805=VERTEX_POINT('',#3803);
#3806=VERTEX_POINT('',#3804);
#3807=CARTESIAN_POINT('',(-9.834E-1,4.06E0,-1.143E1));
#3808=CARTESIAN_POINT('',(-9.834E-1,4.06E0,-9.4E0));
#3809=VERTEX_POINT('',#3807);
#3810=VERTEX_POINT('',#3808);
#3811=CARTESIAN_POINT('',(-3.2734E0,4.06E0,-9.4E0));
#3812=VERTEX_POINT('',#3811);
#3813=CARTESIAN_POINT('',(-3.2734E0,4.06E0,-1.143E1));
#3814=VERTEX_POINT('',#3813);
#3815=CARTESIAN_POINT('',(-9.834E-1,5.33E0,-1.143E1));
#3816=CARTESIAN_POINT('',(-9.834E-1,5.33E0,-9.4E0));
#3817=VERTEX_POINT('',#3815);
#3818=VERTEX_POINT('',#3816);
#3819=CARTESIAN_POINT('',(-3.2734E0,5.33E0,-9.4E0));
#3820=CARTESIAN_POINT('',(-3.2734E0,5.33E0,-1.143E1));
#3821=VERTEX_POINT('',#3819);
#3822=VERTEX_POINT('',#3820);
#3823=CARTESIAN_POINT('',(2.9766E0,4.06E0,-1.143E1));
#3824=CARTESIAN_POINT('',(2.9766E0,4.06E0,-9.4E0));
#3825=VERTEX_POINT('',#3823);
#3826=VERTEX_POINT('',#3824);
#3827=CARTESIAN_POINT('',(6.866E-1,4.06E0,-9.4E0));
#3828=VERTEX_POINT('',#3827);
#3829=CARTESIAN_POINT('',(6.866E-1,4.06E0,-1.143E1));
#3830=VERTEX_POINT('',#3829);
#3831=CARTESIAN_POINT('',(2.9766E0,5.33E0,-1.143E1));
#3832=CARTESIAN_POINT('',(2.9766E0,5.33E0,-9.4E0));
#3833=VERTEX_POINT('',#3831);
#3834=VERTEX_POINT('',#3832);
#3835=CARTESIAN_POINT('',(6.866E-1,5.33E0,-9.4E0));
#3836=CARTESIAN_POINT('',(6.866E-1,5.33E0,-1.143E1));
#3837=VERTEX_POINT('',#3835);
#3838=VERTEX_POINT('',#3836);
#3839=CARTESIAN_POINT('',(6.9366E0,4.06E0,-1.143E1));
#3840=CARTESIAN_POINT('',(6.9366E0,4.06E0,-9.4E0));
#3841=VERTEX_POINT('',#3839);
#3842=VERTEX_POINT('',#3840);
#3843=CARTESIAN_POINT('',(4.6466E0,4.06E0,-9.4E0));
#3844=VERTEX_POINT('',#3843);
#3845=CARTESIAN_POINT('',(4.6466E0,4.06E0,-1.143E1));
#3846=VERTEX_POINT('',#3845);
#3847=CARTESIAN_POINT('',(6.9366E0,5.33E0,-1.143E1));
#3848=CARTESIAN_POINT('',(6.9366E0,5.33E0,-9.4E0));
#3849=VERTEX_POINT('',#3847);
#3850=VERTEX_POINT('',#3848);
#3851=CARTESIAN_POINT('',(4.6466E0,5.33E0,-9.4E0));
#3852=CARTESIAN_POINT('',(4.6466E0,5.33E0,-1.143E1));
#3853=VERTEX_POINT('',#3851);
#3854=VERTEX_POINT('',#3852);
#3855=CARTESIAN_POINT('',(1.08966E1,4.06E0,-1.143E1));
#3856=CARTESIAN_POINT('',(1.08966E1,4.06E0,-9.4E0));
#3857=VERTEX_POINT('',#3855);
#3858=VERTEX_POINT('',#3856);
#3859=CARTESIAN_POINT('',(8.6066E0,4.06E0,-9.4E0));
#3860=VERTEX_POINT('',#3859);
#3861=CARTESIAN_POINT('',(8.6066E0,4.06E0,-1.143E1));
#3862=VERTEX_POINT('',#3861);
#3863=CARTESIAN_POINT('',(1.08966E1,5.33E0,-1.143E1));
#3864=CARTESIAN_POINT('',(1.08966E1,5.33E0,-9.4E0));
#3865=VERTEX_POINT('',#3863);
#3866=VERTEX_POINT('',#3864);
#3867=CARTESIAN_POINT('',(8.6066E0,5.33E0,-9.4E0));
#3868=CARTESIAN_POINT('',(8.6066E0,5.33E0,-1.143E1));
#3869=VERTEX_POINT('',#3867);
#3870=VERTEX_POINT('',#3868);
#3871=CARTESIAN_POINT('',(1.48566E1,4.06E0,-1.143E1));
#3872=CARTESIAN_POINT('',(1.48566E1,4.06E0,-9.4E0));
#3873=VERTEX_POINT('',#3871);
#3874=VERTEX_POINT('',#3872);
#3875=CARTESIAN_POINT('',(1.25666E1,4.06E0,-9.4E0));
#3876=VERTEX_POINT('',#3875);
#3877=CARTESIAN_POINT('',(1.25666E1,4.06E0,-1.143E1));
#3878=VERTEX_POINT('',#3877);
#3879=CARTESIAN_POINT('',(1.48566E1,5.33E0,-1.143E1));
#3880=CARTESIAN_POINT('',(1.48566E1,5.33E0,-9.4E0));
#3881=VERTEX_POINT('',#3879);
#3882=VERTEX_POINT('',#3880);
#3883=CARTESIAN_POINT('',(1.25666E1,5.33E0,-9.4E0));
#3884=CARTESIAN_POINT('',(1.25666E1,5.33E0,-1.143E1));
#3885=VERTEX_POINT('',#3883);
#3886=VERTEX_POINT('',#3884);
#3887=CARTESIAN_POINT('',(1.44089E1,4.555670933686E0,-2.03E0));
#3888=VERTEX_POINT('',#3887);
#3889=CARTESIAN_POINT('',(1.44089E1,5.075286175957E0,-1.73E0));
#3890=VERTEX_POINT('',#3889);
#3891=CARTESIAN_POINT('',(1.32913E1,4.555670933686E0,-2.03E0));
#3892=VERTEX_POINT('',#3891);
#3893=CARTESIAN_POINT('',(1.32913E1,5.075286175957E0,-1.73E0));
#3894=VERTEX_POINT('',#3893);
#3895=CARTESIAN_POINT('',(-1.33111E1,5.874288571960E0,-1.268695751584E0));
#3896=CARTESIAN_POINT('',(-1.33111E1,5.300619726719E0,-1.599903613810E0));
#3897=VERTEX_POINT('',#3895);
#3898=VERTEX_POINT('',#3896);
#3899=CARTESIAN_POINT('',(-1.44287E1,5.874288571960E0,-1.268695751584E0));
#3900=CARTESIAN_POINT('',(-1.44287E1,5.300619726719E0,-1.599903613810E0));
#3901=VERTEX_POINT('',#3899);
#3902=VERTEX_POINT('',#3900);
#3903=CARTESIAN_POINT('',(-9.3511E0,5.874288571960E0,-1.268695751584E0));
#3904=CARTESIAN_POINT('',(-9.3511E0,5.300619726719E0,-1.599903613810E0));
#3905=VERTEX_POINT('',#3903);
#3906=VERTEX_POINT('',#3904);
#3907=CARTESIAN_POINT('',(-1.04687E1,5.874288571960E0,-1.268695751584E0));
#3908=CARTESIAN_POINT('',(-1.04687E1,5.300619726719E0,-1.599903613810E0));
#3909=VERTEX_POINT('',#3907);
#3910=VERTEX_POINT('',#3908);
#3911=CARTESIAN_POINT('',(-5.3911E0,5.874288571960E0,-1.268695751584E0));
#3912=CARTESIAN_POINT('',(-5.3911E0,5.300619726719E0,-1.599903613810E0));
#3913=VERTEX_POINT('',#3911);
#3914=VERTEX_POINT('',#3912);
#3915=CARTESIAN_POINT('',(-6.5087E0,5.874288571960E0,-1.268695751584E0));
#3916=CARTESIAN_POINT('',(-6.5087E0,5.300619726719E0,-1.599903613810E0));
#3917=VERTEX_POINT('',#3915);
#3918=VERTEX_POINT('',#3916);
#3919=CARTESIAN_POINT('',(-1.4311E0,5.874288571960E0,-1.268695751584E0));
#3920=CARTESIAN_POINT('',(-1.4311E0,5.300619726719E0,-1.599903613810E0));
#3921=VERTEX_POINT('',#3919);
#3922=VERTEX_POINT('',#3920);
#3923=CARTESIAN_POINT('',(-2.5487E0,5.874288571960E0,-1.268695751584E0));
#3924=CARTESIAN_POINT('',(-2.5487E0,5.300619726719E0,-1.599903613810E0));
#3925=VERTEX_POINT('',#3923);
#3926=VERTEX_POINT('',#3924);
#3927=CARTESIAN_POINT('',(2.5289E0,5.874288571960E0,-1.268695751584E0));
#3928=CARTESIAN_POINT('',(2.5289E0,5.300619726719E0,-1.599903613810E0));
#3929=VERTEX_POINT('',#3927);
#3930=VERTEX_POINT('',#3928);
#3931=CARTESIAN_POINT('',(1.4113E0,5.874288571960E0,-1.268695751584E0));
#3932=CARTESIAN_POINT('',(1.4113E0,5.300619726719E0,-1.599903613810E0));
#3933=VERTEX_POINT('',#3931);
#3934=VERTEX_POINT('',#3932);
#3935=CARTESIAN_POINT('',(6.4889E0,5.874288571961E0,-1.268695751584E0));
#3936=CARTESIAN_POINT('',(6.4889E0,5.300619726719E0,-1.599903613810E0));
#3937=VERTEX_POINT('',#3935);
#3938=VERTEX_POINT('',#3936);
#3939=CARTESIAN_POINT('',(5.3713E0,5.874288571961E0,-1.268695751584E0));
#3940=CARTESIAN_POINT('',(5.3713E0,5.300619726719E0,-1.599903613810E0));
#3941=VERTEX_POINT('',#3939);
#3942=VERTEX_POINT('',#3940);
#3943=CARTESIAN_POINT('',(1.04489E1,5.874288571960E0,-1.268695751584E0));
#3944=CARTESIAN_POINT('',(1.04489E1,5.300619726719E0,-1.599903613810E0));
#3945=VERTEX_POINT('',#3943);
#3946=VERTEX_POINT('',#3944);
#3947=CARTESIAN_POINT('',(9.3313E0,5.874288571960E0,-1.268695751584E0));
#3948=CARTESIAN_POINT('',(9.3313E0,5.300619726719E0,-1.599903613810E0));
#3949=VERTEX_POINT('',#3947);
#3950=VERTEX_POINT('',#3948);
#3951=CARTESIAN_POINT('',(1.44089E1,5.874288571960E0,-1.268695751584E0));
#3952=CARTESIAN_POINT('',(1.44089E1,5.300619726719E0,-1.599903613810E0));
#3953=VERTEX_POINT('',#3951);
#3954=VERTEX_POINT('',#3952);
#3955=CARTESIAN_POINT('',(1.32913E1,5.874288571960E0,-1.268695751584E0));
#3956=CARTESIAN_POINT('',(1.32913E1,5.300619726719E0,-1.599903613810E0));
#3957=VERTEX_POINT('',#3955);
#3958=VERTEX_POINT('',#3956);
#3959=CARTESIAN_POINT('',(-1.05449E1,5.255E0,-1.3718E1));
#3960=CARTESIAN_POINT('',(-1.05449E1,5.765E0,-1.3718E1));
#3961=VERTEX_POINT('',#3959);
#3962=VERTEX_POINT('',#3960);
#3963=CARTESIAN_POINT('',(-9.2749E0,5.255E0,-1.3718E1));
#3964=CARTESIAN_POINT('',(-9.2749E0,5.765E0,-1.3718E1));
#3965=VERTEX_POINT('',#3963);
#3966=VERTEX_POINT('',#3964);
#3967=CARTESIAN_POINT('',(-9.6549E0,5.255E0,-1.4478E1));
#3968=VERTEX_POINT('',#3967);
#3969=CARTESIAN_POINT('',(-1.01649E1,5.255E0,-1.4478E1));
#3970=VERTEX_POINT('',#3969);
#3971=CARTESIAN_POINT('',(-9.6549E0,5.765E0,-1.4478E1));
#3972=VERTEX_POINT('',#3971);
#3973=CARTESIAN_POINT('',(-1.01649E1,5.765E0,-1.4478E1));
#3974=VERTEX_POINT('',#3973);
#3975=CARTESIAN_POINT('',(-6.5849E0,5.255E0,-1.3718E1));
#3976=CARTESIAN_POINT('',(-6.5849E0,5.765E0,-1.3718E1));
#3977=VERTEX_POINT('',#3975);
#3978=VERTEX_POINT('',#3976);
#3979=CARTESIAN_POINT('',(-5.3149E0,5.255E0,-1.3718E1));
#3980=CARTESIAN_POINT('',(-5.3149E0,5.765E0,-1.3718E1));
#3981=VERTEX_POINT('',#3979);
#3982=VERTEX_POINT('',#3980);
#3983=CARTESIAN_POINT('',(-5.6949E0,5.255E0,-1.4478E1));
#3984=VERTEX_POINT('',#3983);
#3985=CARTESIAN_POINT('',(-6.2049E0,5.255E0,-1.4478E1));
#3986=VERTEX_POINT('',#3985);
#3987=CARTESIAN_POINT('',(-5.6949E0,5.765E0,-1.4478E1));
#3988=VERTEX_POINT('',#3987);
#3989=CARTESIAN_POINT('',(-6.2049E0,5.765E0,-1.4478E1));
#3990=VERTEX_POINT('',#3989);
#3991=CARTESIAN_POINT('',(-2.6249E0,5.255E0,-1.3718E1));
#3992=CARTESIAN_POINT('',(-2.6249E0,5.765E0,-1.3718E1));
#3993=VERTEX_POINT('',#3991);
#3994=VERTEX_POINT('',#3992);
#3995=CARTESIAN_POINT('',(-1.3549E0,5.255E0,-1.3718E1));
#3996=CARTESIAN_POINT('',(-1.3549E0,5.765E0,-1.3718E1));
#3997=VERTEX_POINT('',#3995);
#3998=VERTEX_POINT('',#3996);
#3999=CARTESIAN_POINT('',(-1.7349E0,5.255E0,-1.4478E1));
#4000=VERTEX_POINT('',#3999);
#4001=CARTESIAN_POINT('',(-2.2449E0,5.255E0,-1.4478E1));
#4002=VERTEX_POINT('',#4001);
#4003=CARTESIAN_POINT('',(-1.7349E0,5.765E0,-1.4478E1));
#4004=VERTEX_POINT('',#4003);
#4005=CARTESIAN_POINT('',(-2.2449E0,5.765E0,-1.4478E1));
#4006=VERTEX_POINT('',#4005);
#4007=CARTESIAN_POINT('',(1.3351E0,5.255E0,-1.3718E1));
#4008=CARTESIAN_POINT('',(1.3351E0,5.765E0,-1.3718E1));
#4009=VERTEX_POINT('',#4007);
#4010=VERTEX_POINT('',#4008);
#4011=CARTESIAN_POINT('',(2.6051E0,5.255E0,-1.3718E1));
#4012=CARTESIAN_POINT('',(2.6051E0,5.765E0,-1.3718E1));
#4013=VERTEX_POINT('',#4011);
#4014=VERTEX_POINT('',#4012);
#4015=CARTESIAN_POINT('',(2.2251E0,5.255E0,-1.4478E1));
#4016=VERTEX_POINT('',#4015);
#4017=CARTESIAN_POINT('',(1.7151E0,5.255E0,-1.4478E1));
#4018=VERTEX_POINT('',#4017);
#4019=CARTESIAN_POINT('',(2.2251E0,5.765E0,-1.4478E1));
#4020=VERTEX_POINT('',#4019);
#4021=CARTESIAN_POINT('',(1.7151E0,5.765E0,-1.4478E1));
#4022=VERTEX_POINT('',#4021);
#4023=CARTESIAN_POINT('',(5.2951E0,5.255E0,-1.3718E1));
#4024=CARTESIAN_POINT('',(5.2951E0,5.765E0,-1.3718E1));
#4025=VERTEX_POINT('',#4023);
#4026=VERTEX_POINT('',#4024);
#4027=CARTESIAN_POINT('',(6.5651E0,5.255E0,-1.3718E1));
#4028=CARTESIAN_POINT('',(6.5651E0,5.765E0,-1.3718E1));
#4029=VERTEX_POINT('',#4027);
#4030=VERTEX_POINT('',#4028);
#4031=CARTESIAN_POINT('',(6.1851E0,5.255E0,-1.4478E1));
#4032=VERTEX_POINT('',#4031);
#4033=CARTESIAN_POINT('',(5.6751E0,5.255E0,-1.4478E1));
#4034=VERTEX_POINT('',#4033);
#4035=CARTESIAN_POINT('',(6.1851E0,5.765E0,-1.4478E1));
#4036=VERTEX_POINT('',#4035);
#4037=CARTESIAN_POINT('',(5.6751E0,5.765E0,-1.4478E1));
#4038=VERTEX_POINT('',#4037);
#4039=CARTESIAN_POINT('',(9.2551E0,5.255E0,-1.3718E1));
#4040=CARTESIAN_POINT('',(9.2551E0,5.765E0,-1.3718E1));
#4041=VERTEX_POINT('',#4039);
#4042=VERTEX_POINT('',#4040);
#4043=CARTESIAN_POINT('',(1.05251E1,5.255E0,-1.3718E1));
#4044=CARTESIAN_POINT('',(1.05251E1,5.765E0,-1.3718E1));
#4045=VERTEX_POINT('',#4043);
#4046=VERTEX_POINT('',#4044);
#4047=CARTESIAN_POINT('',(1.01451E1,5.255E0,-1.4478E1));
#4048=VERTEX_POINT('',#4047);
#4049=CARTESIAN_POINT('',(9.6351E0,5.255E0,-1.4478E1));
#4050=VERTEX_POINT('',#4049);
#4051=CARTESIAN_POINT('',(1.01451E1,5.765E0,-1.4478E1));
#4052=VERTEX_POINT('',#4051);
#4053=CARTESIAN_POINT('',(9.6351E0,5.765E0,-1.4478E1));
#4054=VERTEX_POINT('',#4053);
#4055=CARTESIAN_POINT('',(1.32151E1,5.255E0,-1.3718E1));
#4056=CARTESIAN_POINT('',(1.32151E1,5.765E0,-1.3718E1));
#4057=VERTEX_POINT('',#4055);
#4058=VERTEX_POINT('',#4056);
#4059=CARTESIAN_POINT('',(1.44851E1,5.255E0,-1.3718E1));
#4060=CARTESIAN_POINT('',(1.44851E1,5.765E0,-1.3718E1));
#4061=VERTEX_POINT('',#4059);
#4062=VERTEX_POINT('',#4060);
#4063=CARTESIAN_POINT('',(1.41051E1,5.255E0,-1.4478E1));
#4064=VERTEX_POINT('',#4063);
#4065=CARTESIAN_POINT('',(1.35951E1,5.255E0,-1.4478E1));
#4066=VERTEX_POINT('',#4065);
#4067=CARTESIAN_POINT('',(1.41051E1,5.765E0,-1.4478E1));
#4068=VERTEX_POINT('',#4067);
#4069=CARTESIAN_POINT('',(1.35951E1,5.765E0,-1.4478E1));
#4070=VERTEX_POINT('',#4069);
#4071=CARTESIAN_POINT('',(-1.45049E1,5.765E0,-9.4E0));
#4072=VERTEX_POINT('',#4071);
#4073=CARTESIAN_POINT('',(-1.32349E1,5.765E0,-9.4E0));
#4074=VERTEX_POINT('',#4073);
#4075=CARTESIAN_POINT('',(-1.05449E1,5.255E0,-9.4E0));
#4076=CARTESIAN_POINT('',(-1.05449E1,5.765E0,-9.4E0));
#4077=VERTEX_POINT('',#4075);
#4078=VERTEX_POINT('',#4076);
#4079=CARTESIAN_POINT('',(-9.2749E0,5.255E0,-9.4E0));
#4080=CARTESIAN_POINT('',(-9.2749E0,5.765E0,-9.4E0));
#4081=VERTEX_POINT('',#4079);
#4082=VERTEX_POINT('',#4080);
#4083=CARTESIAN_POINT('',(-6.5849E0,5.255E0,-9.4E0));
#4084=CARTESIAN_POINT('',(-6.5849E0,5.765E0,-9.4E0));
#4085=VERTEX_POINT('',#4083);
#4086=VERTEX_POINT('',#4084);
#4087=CARTESIAN_POINT('',(-5.3149E0,5.255E0,-9.4E0));
#4088=CARTESIAN_POINT('',(-5.3149E0,5.765E0,-9.4E0));
#4089=VERTEX_POINT('',#4087);
#4090=VERTEX_POINT('',#4088);
#4091=CARTESIAN_POINT('',(-2.6249E0,5.255E0,-9.4E0));
#4092=CARTESIAN_POINT('',(-2.6249E0,5.765E0,-9.4E0));
#4093=VERTEX_POINT('',#4091);
#4094=VERTEX_POINT('',#4092);
#4095=CARTESIAN_POINT('',(-1.3549E0,5.255E0,-9.4E0));
#4096=CARTESIAN_POINT('',(-1.3549E0,5.765E0,-9.4E0));
#4097=VERTEX_POINT('',#4095);
#4098=VERTEX_POINT('',#4096);
#4099=CARTESIAN_POINT('',(1.3351E0,5.255E0,-9.4E0));
#4100=CARTESIAN_POINT('',(1.3351E0,5.765E0,-9.4E0));
#4101=VERTEX_POINT('',#4099);
#4102=VERTEX_POINT('',#4100);
#4103=CARTESIAN_POINT('',(2.6051E0,5.255E0,-9.4E0));
#4104=CARTESIAN_POINT('',(2.6051E0,5.765E0,-9.4E0));
#4105=VERTEX_POINT('',#4103);
#4106=VERTEX_POINT('',#4104);
#4107=CARTESIAN_POINT('',(5.2951E0,5.255E0,-9.4E0));
#4108=CARTESIAN_POINT('',(5.2951E0,5.765E0,-9.4E0));
#4109=VERTEX_POINT('',#4107);
#4110=VERTEX_POINT('',#4108);
#4111=CARTESIAN_POINT('',(6.5651E0,5.255E0,-9.4E0));
#4112=CARTESIAN_POINT('',(6.5651E0,5.765E0,-9.4E0));
#4113=VERTEX_POINT('',#4111);
#4114=VERTEX_POINT('',#4112);
#4115=CARTESIAN_POINT('',(9.2551E0,5.255E0,-9.4E0));
#4116=CARTESIAN_POINT('',(9.2551E0,5.765E0,-9.4E0));
#4117=VERTEX_POINT('',#4115);
#4118=VERTEX_POINT('',#4116);
#4119=CARTESIAN_POINT('',(1.05251E1,5.255E0,-9.4E0));
#4120=CARTESIAN_POINT('',(1.05251E1,5.765E0,-9.4E0));
#4121=VERTEX_POINT('',#4119);
#4122=VERTEX_POINT('',#4120);
#4123=CARTESIAN_POINT('',(1.32151E1,5.255E0,-9.4E0));
#4124=CARTESIAN_POINT('',(1.32151E1,5.765E0,-9.4E0));
#4125=VERTEX_POINT('',#4123);
#4126=VERTEX_POINT('',#4124);
#4127=CARTESIAN_POINT('',(1.44851E1,5.255E0,-9.4E0));
#4128=CARTESIAN_POINT('',(1.44851E1,5.765E0,-9.4E0));
#4129=VERTEX_POINT('',#4127);
#4130=VERTEX_POINT('',#4128);
#4131=CARTESIAN_POINT('',(-1.57988E1,0.E0,0.E0));
#4132=DIRECTION('',(1.E0,0.E0,0.E0));
#4133=DIRECTION('',(0.E0,0.E0,-1.E0));
#4134=AXIS2_PLACEMENT_3D('',#4131,#4132,#4133);
#4135=PLANE('',#4134);
#4137=ORIENTED_EDGE('',*,*,#4136,.T.);
#4139=ORIENTED_EDGE('',*,*,#4138,.F.);
#4141=ORIENTED_EDGE('',*,*,#4140,.F.);
#4143=ORIENTED_EDGE('',*,*,#4142,.T.);
#4145=ORIENTED_EDGE('',*,*,#4144,.T.);
#4147=ORIENTED_EDGE('',*,*,#4146,.T.);
#4149=ORIENTED_EDGE('',*,*,#4148,.T.);
#4151=ORIENTED_EDGE('',*,*,#4150,.T.);
#4153=ORIENTED_EDGE('',*,*,#4152,.T.);
#4155=ORIENTED_EDGE('',*,*,#4154,.T.);
#4157=ORIENTED_EDGE('',*,*,#4156,.T.);
#4158=EDGE_LOOP('',(#4137,#4139,#4141,#4143,#4145,#4147,#4149,#4151,#4153,#4155,
#4157));
#4159=FACE_OUTER_BOUND('',#4158,.F.);
#4160=ADVANCED_FACE('',(#4159),#4135,.F.);
#4161=CARTESIAN_POINT('',(-1.57988E1,1.041E1,-9.4E0));
#4162=DIRECTION('',(0.E0,1.E0,0.E0));
#4163=DIRECTION('',(0.E0,0.E0,1.E0));
#4164=AXIS2_PLACEMENT_3D('',#4161,#4162,#4163);
#4165=PLANE('',#4164);
#4167=ORIENTED_EDGE('',*,*,#4166,.F.);
#4169=ORIENTED_EDGE('',*,*,#4168,.F.);
#4171=ORIENTED_EDGE('',*,*,#4170,.T.);
#4173=ORIENTED_EDGE('',*,*,#4172,.T.);
#4175=ORIENTED_EDGE('',*,*,#4174,.F.);
#4177=ORIENTED_EDGE('',*,*,#4176,.F.);
#4179=ORIENTED_EDGE('',*,*,#4178,.T.);
#4181=ORIENTED_EDGE('',*,*,#4180,.F.);
#4182=ORIENTED_EDGE('',*,*,#4136,.F.);
#4184=ORIENTED_EDGE('',*,*,#4183,.T.);
#4186=ORIENTED_EDGE('',*,*,#4185,.T.);
#4188=ORIENTED_EDGE('',*,*,#4187,.T.);
#4190=ORIENTED_EDGE('',*,*,#4189,.F.);
#4192=ORIENTED_EDGE('',*,*,#4191,.F.);
#4194=ORIENTED_EDGE('',*,*,#4193,.T.);
#4196=ORIENTED_EDGE('',*,*,#4195,.F.);
#4197=EDGE_LOOP('',(#4167,#4169,#4171,#4173,#4175,#4177,#4179,#4181,#4182,#4184,
#4186,#4188,#4190,#4192,#4194,#4196));
#4198=FACE_OUTER_BOUND('',#4197,.F.);
#4199=ADVANCED_FACE('',(#4198),#4165,.T.);
#4200=CARTESIAN_POINT('',(3.914E0,0.E0,0.E0));
#4201=DIRECTION('',(1.E0,0.E0,0.E0));
#4202=DIRECTION('',(0.E0,0.E0,-1.E0));
#4203=AXIS2_PLACEMENT_3D('',#4200,#4201,#4202);
#4204=PLANE('',#4203);
#4205=ORIENTED_EDGE('',*,*,#4166,.T.);
#4207=ORIENTED_EDGE('',*,*,#4206,.T.);
#4209=ORIENTED_EDGE('',*,*,#4208,.T.);
#4210=EDGE_LOOP('',(#4205,#4207,#4209));
#4211=FACE_OUTER_BOUND('',#4210,.F.);
#4212=ADVANCED_FACE('',(#4211),#4204,.F.);
#4213=CARTESIAN_POINT('',(3.914E0,1.041E1,-2.54E0));
#4214=DIRECTION('',(0.E0,0.E0,-1.E0));
#4215=DIRECTION('',(0.E0,1.E0,0.E0));
#4216=AXIS2_PLACEMENT_3D('',#4213,#4214,#4215);
#4217=PLANE('',#4216);
#4218=ORIENTED_EDGE('',*,*,#4195,.T.);
#4220=ORIENTED_EDGE('',*,*,#4219,.T.);
#4222=ORIENTED_EDGE('',*,*,#4221,.F.);
#4223=ORIENTED_EDGE('',*,*,#4206,.F.);
#4224=EDGE_LOOP('',(#4218,#4220,#4222,#4223));
#4225=FACE_OUTER_BOUND('',#4224,.F.);
#4226=ADVANCED_FACE('',(#4225),#4217,.T.);
#4227=CARTESIAN_POINT('',(7.874E0,0.E0,0.E0));
#4228=DIRECTION('',(1.E0,0.E0,0.E0));
#4229=DIRECTION('',(0.E0,0.E0,-1.E0));
#4230=AXIS2_PLACEMENT_3D('',#4227,#4228,#4229);
#4231=PLANE('',#4230);
#4232=ORIENTED_EDGE('',*,*,#4193,.F.);
#4234=ORIENTED_EDGE('',*,*,#4233,.F.);
#4235=ORIENTED_EDGE('',*,*,#4219,.F.);
#4236=EDGE_LOOP('',(#4232,#4234,#4235));
#4237=FACE_OUTER_BOUND('',#4236,.F.);
#4238=ADVANCED_FACE('',(#4237),#4231,.T.);
#4239=CARTESIAN_POINT('',(3.914E0,1.188E1,-2.54E0));
#4240=DIRECTION('',(0.E0,8.655040394939E-1,5.009019441165E-1));
#4241=DIRECTION('',(0.E0,-5.009019441165E-1,8.655040394939E-1));
#4242=AXIS2_PLACEMENT_3D('',#4239,#4240,#4241);
#4243=PLANE('',#4242);
#4245=ORIENTED_EDGE('',*,*,#4244,.F.);
#4246=ORIENTED_EDGE('',*,*,#4208,.F.);
#4247=ORIENTED_EDGE('',*,*,#4221,.T.);
#4248=ORIENTED_EDGE('',*,*,#4233,.T.);
#4249=EDGE_LOOP('',(#4245,#4246,#4247,#4248));
#4250=FACE_OUTER_BOUND('',#4249,.F.);
#4251=ADVANCED_FACE('',(#4250),#4243,.T.);
#4252=CARTESIAN_POINT('',(-1.57988E1,1.041E1,0.E0));
#4253=DIRECTION('',(0.E0,0.E0,1.E0));
#4254=DIRECTION('',(0.E0,-1.E0,0.E0));
#4255=AXIS2_PLACEMENT_3D('',#4252,#4253,#4254);
#4256=PLANE('',#4255);
#4257=ORIENTED_EDGE('',*,*,#4191,.T.);
#4259=ORIENTED_EDGE('',*,*,#4258,.F.);
#4261=ORIENTED_EDGE('',*,*,#4260,.T.);
#4263=ORIENTED_EDGE('',*,*,#4262,.F.);
#4265=ORIENTED_EDGE('',*,*,#4264,.T.);
#4267=ORIENTED_EDGE('',*,*,#4266,.F.);
#4269=ORIENTED_EDGE('',*,*,#4268,.T.);
#4271=ORIENTED_EDGE('',*,*,#4270,.F.);
#4273=ORIENTED_EDGE('',*,*,#4272,.F.);
#4275=ORIENTED_EDGE('',*,*,#4274,.F.);
#4277=ORIENTED_EDGE('',*,*,#4276,.T.);
#4279=ORIENTED_EDGE('',*,*,#4278,.F.);
#4281=ORIENTED_EDGE('',*,*,#4280,.F.);
#4283=ORIENTED_EDGE('',*,*,#4282,.F.);
#4285=ORIENTED_EDGE('',*,*,#4284,.T.);
#4287=ORIENTED_EDGE('',*,*,#4286,.F.);
#4289=ORIENTED_EDGE('',*,*,#4288,.F.);
#4291=ORIENTED_EDGE('',*,*,#4290,.F.);
#4293=ORIENTED_EDGE('',*,*,#4292,.T.);
#4295=ORIENTED_EDGE('',*,*,#4294,.F.);
#4297=ORIENTED_EDGE('',*,*,#4296,.F.);
#4299=ORIENTED_EDGE('',*,*,#4298,.F.);
#4301=ORIENTED_EDGE('',*,*,#4300,.T.);
#4303=ORIENTED_EDGE('',*,*,#4302,.F.);
#4305=ORIENTED_EDGE('',*,*,#4304,.F.);
#4307=ORIENTED_EDGE('',*,*,#4306,.F.);
#4309=ORIENTED_EDGE('',*,*,#4308,.T.);
#4311=ORIENTED_EDGE('',*,*,#4310,.F.);
#4313=ORIENTED_EDGE('',*,*,#4312,.F.);
#4315=ORIENTED_EDGE('',*,*,#4314,.F.);
#4317=ORIENTED_EDGE('',*,*,#4316,.T.);
#4319=ORIENTED_EDGE('',*,*,#4318,.F.);
#4321=ORIENTED_EDGE('',*,*,#4320,.F.);
#4323=ORIENTED_EDGE('',*,*,#4322,.F.);
#4325=ORIENTED_EDGE('',*,*,#4324,.T.);
#4327=ORIENTED_EDGE('',*,*,#4326,.F.);
#4329=ORIENTED_EDGE('',*,*,#4328,.F.);
#4331=ORIENTED_EDGE('',*,*,#4330,.F.);
#4333=ORIENTED_EDGE('',*,*,#4332,.T.);
#4335=ORIENTED_EDGE('',*,*,#4334,.F.);
#4337=ORIENTED_EDGE('',*,*,#4336,.F.);
#4339=ORIENTED_EDGE('',*,*,#4338,.F.);
#4341=ORIENTED_EDGE('',*,*,#4340,.F.);
#4343=ORIENTED_EDGE('',*,*,#4342,.F.);
#4344=ORIENTED_EDGE('',*,*,#4142,.F.);
#4346=ORIENTED_EDGE('',*,*,#4345,.T.);
#4347=ORIENTED_EDGE('',*,*,#4176,.T.);
#4349=ORIENTED_EDGE('',*,*,#4348,.F.);
#4350=ORIENTED_EDGE('',*,*,#4168,.T.);
#4351=ORIENTED_EDGE('',*,*,#4244,.T.);
#4352=EDGE_LOOP('',(#4257,#4259,#4261,#4263,#4265,#4267,#4269,#4271,#4273,#4275,
#4277,#4279,#4281,#4283,#4285,#4287,#4289,#4291,#4293,#4295,#4297,#4299,#4301,
#4303,#4305,#4307,#4309,#4311,#4313,#4315,#4317,#4319,#4321,#4323,#4325,#4327,
#4329,#4331,#4333,#4335,#4337,#4339,#4341,#4343,#4344,#4346,#4347,#4349,#4350,
#4351));
#4353=FACE_OUTER_BOUND('',#4352,.F.);
#4355=ORIENTED_EDGE('',*,*,#4354,.T.);
#4357=ORIENTED_EDGE('',*,*,#4356,.T.);
#4359=ORIENTED_EDGE('',*,*,#4358,.T.);
#4361=ORIENTED_EDGE('',*,*,#4360,.T.);
#4362=EDGE_LOOP('',(#4355,#4357,#4359,#4361));
#4363=FACE_BOUND('',#4362,.F.);
#4365=ORIENTED_EDGE('',*,*,#4364,.T.);
#4367=ORIENTED_EDGE('',*,*,#4366,.T.);
#4369=ORIENTED_EDGE('',*,*,#4368,.T.);
#4371=ORIENTED_EDGE('',*,*,#4370,.T.);
#4372=EDGE_LOOP('',(#4365,#4367,#4369,#4371));
#4373=FACE_BOUND('',#4372,.F.);
#4375=ORIENTED_EDGE('',*,*,#4374,.T.);
#4377=ORIENTED_EDGE('',*,*,#4376,.T.);
#4379=ORIENTED_EDGE('',*,*,#4378,.T.);
#4381=ORIENTED_EDGE('',*,*,#4380,.T.);
#4382=EDGE_LOOP('',(#4375,#4377,#4379,#4381));
#4383=FACE_BOUND('',#4382,.F.);
#4385=ORIENTED_EDGE('',*,*,#4384,.T.);
#4387=ORIENTED_EDGE('',*,*,#4386,.T.);
#4389=ORIENTED_EDGE('',*,*,#4388,.T.);
#4391=ORIENTED_EDGE('',*,*,#4390,.T.);
#4392=EDGE_LOOP('',(#4385,#4387,#4389,#4391));
#4393=FACE_BOUND('',#4392,.F.);
#4395=ORIENTED_EDGE('',*,*,#4394,.T.);
#4397=ORIENTED_EDGE('',*,*,#4396,.T.);
#4399=ORIENTED_EDGE('',*,*,#4398,.T.);
#4401=ORIENTED_EDGE('',*,*,#4400,.T.);
#4402=EDGE_LOOP('',(#4395,#4397,#4399,#4401));
#4403=FACE_BOUND('',#4402,.F.);
#4405=ORIENTED_EDGE('',*,*,#4404,.T.);
#4407=ORIENTED_EDGE('',*,*,#4406,.T.);
#4409=ORIENTED_EDGE('',*,*,#4408,.T.);
#4411=ORIENTED_EDGE('',*,*,#4410,.T.);
#4412=EDGE_LOOP('',(#4405,#4407,#4409,#4411));
#4413=FACE_BOUND('',#4412,.F.);
#4415=ORIENTED_EDGE('',*,*,#4414,.T.);
#4417=ORIENTED_EDGE('',*,*,#4416,.T.);
#4419=ORIENTED_EDGE('',*,*,#4418,.T.);
#4421=ORIENTED_EDGE('',*,*,#4420,.T.);
#4422=EDGE_LOOP('',(#4415,#4417,#4419,#4421));
#4423=FACE_BOUND('',#4422,.F.);
#4425=ORIENTED_EDGE('',*,*,#4424,.T.);
#4427=ORIENTED_EDGE('',*,*,#4426,.T.);
#4429=ORIENTED_EDGE('',*,*,#4428,.T.);
#4431=ORIENTED_EDGE('',*,*,#4430,.T.);
#4432=EDGE_LOOP('',(#4425,#4427,#4429,#4431));
#4433=FACE_BOUND('',#4432,.F.);
#4434=ADVANCED_FACE('',(#4353,#4363,#4373,#4383,#4393,#4403,#4413,#4423,#4433),
#4256,.T.);
#4435=CARTESIAN_POINT('',(-1.50134E1,8.68E0,-5.7E-1));
#4436=DIRECTION('',(-7.882339803409E-1,0.E0,-6.153756513188E-1));
#4437=DIRECTION('',(0.E0,-1.E0,0.E0));
#4438=AXIS2_PLACEMENT_3D('',#4435,#4436,#4437);
#4439=PLANE('',#4438);
#4440=ORIENTED_EDGE('',*,*,#4424,.F.);
#4442=ORIENTED_EDGE('',*,*,#4441,.F.);
#4444=ORIENTED_EDGE('',*,*,#4443,.T.);
#4446=ORIENTED_EDGE('',*,*,#4445,.T.);
#4447=EDGE_LOOP('',(#4440,#4442,#4444,#4446));
#4448=FACE_OUTER_BOUND('',#4447,.F.);
#4449=ADVANCED_FACE('',(#4448),#4439,.F.);
#4450=CARTESIAN_POINT('',(-1.38684E1,9.73E0,-5.7E-1));
#4451=DIRECTION('',(0.E0,7.781977889298E-1,-6.280192682591E-1));
#4452=DIRECTION('',(-1.E0,0.E0,0.E0));
#4453=AXIS2_PLACEMENT_3D('',#4450,#4451,#4452);
#4454=PLANE('',#4453);
#4455=ORIENTED_EDGE('',*,*,#4430,.F.);
#4457=ORIENTED_EDGE('',*,*,#4456,.F.);
#4459=ORIENTED_EDGE('',*,*,#4458,.T.);
#4460=ORIENTED_EDGE('',*,*,#4441,.T.);
#4461=EDGE_LOOP('',(#4455,#4457,#4459,#4460));
#4462=FACE_OUTER_BOUND('',#4461,.F.);
#4463=ADVANCED_FACE('',(#4462),#4454,.F.);
#4464=CARTESIAN_POINT('',(-1.27234E1,8.68E0,-5.7E-1));
#4465=DIRECTION('',(7.882339803409E-1,0.E0,-6.153756513188E-1));
#4466=DIRECTION('',(0.E0,1.E0,0.E0));
#4467=AXIS2_PLACEMENT_3D('',#4464,#4465,#4466);
#4468=PLANE('',#4467);
#4469=ORIENTED_EDGE('',*,*,#4428,.F.);
#4471=ORIENTED_EDGE('',*,*,#4470,.F.);
#4473=ORIENTED_EDGE('',*,*,#4472,.T.);
#4474=ORIENTED_EDGE('',*,*,#4456,.T.);
#4475=EDGE_LOOP('',(#4469,#4471,#4473,#4474));
#4476=FACE_OUTER_BOUND('',#4475,.F.);
#4477=ADVANCED_FACE('',(#4476),#4468,.F.);
#4478=CARTESIAN_POINT('',(-1.38684E1,7.63E0,-5.7E-1));
#4479=DIRECTION('',(0.E0,-7.781977889298E-1,-6.280192682591E-1));
#4480=DIRECTION('',(1.E0,0.E0,0.E0));
#4481=AXIS2_PLACEMENT_3D('',#4478,#4479,#4480);
#4482=PLANE('',#4481);
#4483=ORIENTED_EDGE('',*,*,#4426,.F.);
#4484=ORIENTED_EDGE('',*,*,#4445,.F.);
#4486=ORIENTED_EDGE('',*,*,#4485,.T.);
#4487=ORIENTED_EDGE('',*,*,#4470,.T.);
#4488=EDGE_LOOP('',(#4483,#4484,#4486,#4487));
#4489=FACE_OUTER_BOUND('',#4488,.F.);
#4490=ADVANCED_FACE('',(#4489),#4482,.F.);
#4491=CARTESIAN_POINT('',(-1.38684E1,8.09E0,-1.52E0));
#4492=DIRECTION('',(0.E0,-1.E0,0.E0));
#4493=DIRECTION('',(1.E0,0.E0,0.E0));
#4494=AXIS2_PLACEMENT_3D('',#4491,#4492,#4493);
#4495=PLANE('',#4494);
#4497=ORIENTED_EDGE('',*,*,#4496,.T.);
#4499=ORIENTED_EDGE('',*,*,#4498,.T.);
#4500=ORIENTED_EDGE('',*,*,#4485,.F.);
#4502=ORIENTED_EDGE('',*,*,#4501,.F.);
#4503=EDGE_LOOP('',(#4497,#4499,#4500,#4502));
#4504=FACE_OUTER_BOUND('',#4503,.F.);
#4505=ADVANCED_FACE('',(#4504),#4495,.F.);
#4506=CARTESIAN_POINT('',(-1.57988E1,1.041E1,-1.9E0));
#4507=DIRECTION('',(0.E0,0.E0,1.E0));
#4508=DIRECTION('',(1.E0,0.E0,0.E0));
#4509=AXIS2_PLACEMENT_3D('',#4506,#4507,#4508);
#4510=PLANE('',#4509);
#4512=ORIENTED_EDGE('',*,*,#4511,.F.);
#4514=ORIENTED_EDGE('',*,*,#4513,.F.);
#4516=ORIENTED_EDGE('',*,*,#4515,.F.);
#4517=ORIENTED_EDGE('',*,*,#4496,.F.);
#4518=EDGE_LOOP('',(#4512,#4514,#4516,#4517));
#4519=FACE_OUTER_BOUND('',#4518,.F.);
#4520=ADVANCED_FACE('',(#4519),#4510,.T.);
#4521=CARTESIAN_POINT('',(-1.45684E1,8.68E0,-1.52E0));
#4522=DIRECTION('',(-1.E0,0.E0,0.E0));
#4523=DIRECTION('',(0.E0,-1.E0,0.E0));
#4524=AXIS2_PLACEMENT_3D('',#4521,#4522,#4523);
#4525=PLANE('',#4524);
#4526=ORIENTED_EDGE('',*,*,#4511,.T.);
#4527=ORIENTED_EDGE('',*,*,#4501,.T.);
#4528=ORIENTED_EDGE('',*,*,#4443,.F.);
#4530=ORIENTED_EDGE('',*,*,#4529,.F.);
#4531=EDGE_LOOP('',(#4526,#4527,#4528,#4530));
#4532=FACE_OUTER_BOUND('',#4531,.F.);
#4533=ADVANCED_FACE('',(#4532),#4525,.F.);
#4534=CARTESIAN_POINT('',(-1.38684E1,9.27E0,-1.52E0));
#4535=DIRECTION('',(0.E0,1.E0,0.E0));
#4536=DIRECTION('',(-1.E0,0.E0,0.E0));
#4537=AXIS2_PLACEMENT_3D('',#4534,#4535,#4536);
#4538=PLANE('',#4537);
#4539=ORIENTED_EDGE('',*,*,#4513,.T.);
#4540=ORIENTED_EDGE('',*,*,#4529,.T.);
#4541=ORIENTED_EDGE('',*,*,#4458,.F.);
#4543=ORIENTED_EDGE('',*,*,#4542,.F.);
#4544=EDGE_LOOP('',(#4539,#4540,#4541,#4543));
#4545=FACE_OUTER_BOUND('',#4544,.F.);
#4546=ADVANCED_FACE('',(#4545),#4538,.F.);
#4547=CARTESIAN_POINT('',(-1.31684E1,8.68E0,-1.52E0));
#4548=DIRECTION('',(1.E0,0.E0,0.E0));
#4549=DIRECTION('',(0.E0,1.E0,0.E0));
#4550=AXIS2_PLACEMENT_3D('',#4547,#4548,#4549);
#4551=PLANE('',#4550);
#4552=ORIENTED_EDGE('',*,*,#4515,.T.);
#4553=ORIENTED_EDGE('',*,*,#4542,.T.);
#4554=ORIENTED_EDGE('',*,*,#4472,.F.);
#4555=ORIENTED_EDGE('',*,*,#4498,.F.);
#4556=EDGE_LOOP('',(#4552,#4553,#4554,#4555));
#4557=FACE_OUTER_BOUND('',#4556,.F.);
#4558=ADVANCED_FACE('',(#4557),#4551,.F.);
#4559=CARTESIAN_POINT('',(-1.10534E1,8.68E0,-5.7E-1));
#4560=DIRECTION('',(-7.882339803409E-1,0.E0,-6.153756513188E-1));
#4561=DIRECTION('',(0.E0,-1.E0,0.E0));
#4562=AXIS2_PLACEMENT_3D('',#4559,#4560,#4561);
#4563=PLANE('',#4562);
#4564=ORIENTED_EDGE('',*,*,#4354,.F.);
#4566=ORIENTED_EDGE('',*,*,#4565,.F.);
#4568=ORIENTED_EDGE('',*,*,#4567,.T.);
#4570=ORIENTED_EDGE('',*,*,#4569,.T.);
#4571=EDGE_LOOP('',(#4564,#4566,#4568,#4570));
#4572=FACE_OUTER_BOUND('',#4571,.F.);
#4573=ADVANCED_FACE('',(#4572),#4563,.F.);
#4574=CARTESIAN_POINT('',(-9.9084E0,9.73E0,-5.7E-1));
#4575=DIRECTION('',(0.E0,7.781977889298E-1,-6.280192682591E-1));
#4576=DIRECTION('',(-1.E0,0.E0,0.E0));
#4577=AXIS2_PLACEMENT_3D('',#4574,#4575,#4576);
#4578=PLANE('',#4577);
#4579=ORIENTED_EDGE('',*,*,#4360,.F.);
#4581=ORIENTED_EDGE('',*,*,#4580,.F.);
#4583=ORIENTED_EDGE('',*,*,#4582,.T.);
#4584=ORIENTED_EDGE('',*,*,#4565,.T.);
#4585=EDGE_LOOP('',(#4579,#4581,#4583,#4584));
#4586=FACE_OUTER_BOUND('',#4585,.F.);
#4587=ADVANCED_FACE('',(#4586),#4578,.F.);
#4588=CARTESIAN_POINT('',(-8.7634E0,8.68E0,-5.7E-1));
#4589=DIRECTION('',(7.882339803409E-1,0.E0,-6.153756513188E-1));
#4590=DIRECTION('',(0.E0,1.E0,0.E0));
#4591=AXIS2_PLACEMENT_3D('',#4588,#4589,#4590);
#4592=PLANE('',#4591);
#4593=ORIENTED_EDGE('',*,*,#4358,.F.);
#4595=ORIENTED_EDGE('',*,*,#4594,.F.);
#4597=ORIENTED_EDGE('',*,*,#4596,.T.);
#4598=ORIENTED_EDGE('',*,*,#4580,.T.);
#4599=EDGE_LOOP('',(#4593,#4595,#4597,#4598));
#4600=FACE_OUTER_BOUND('',#4599,.F.);
#4601=ADVANCED_FACE('',(#4600),#4592,.F.);
#4602=CARTESIAN_POINT('',(-9.9084E0,7.63E0,-5.7E-1));
#4603=DIRECTION('',(0.E0,-7.781977889298E-1,-6.280192682591E-1));
#4604=DIRECTION('',(1.E0,0.E0,0.E0));
#4605=AXIS2_PLACEMENT_3D('',#4602,#4603,#4604);
#4606=PLANE('',#4605);
#4607=ORIENTED_EDGE('',*,*,#4356,.F.);
#4608=ORIENTED_EDGE('',*,*,#4569,.F.);
#4610=ORIENTED_EDGE('',*,*,#4609,.T.);
#4611=ORIENTED_EDGE('',*,*,#4594,.T.);
#4612=EDGE_LOOP('',(#4607,#4608,#4610,#4611));
#4613=FACE_OUTER_BOUND('',#4612,.F.);
#4614=ADVANCED_FACE('',(#4613),#4606,.F.);
#4615=CARTESIAN_POINT('',(-9.9084E0,8.09E0,-1.52E0));
#4616=DIRECTION('',(0.E0,-1.E0,0.E0));
#4617=DIRECTION('',(1.E0,0.E0,0.E0));
#4618=AXIS2_PLACEMENT_3D('',#4615,#4616,#4617);
#4619=PLANE('',#4618);
#4621=ORIENTED_EDGE('',*,*,#4620,.T.);
#4623=ORIENTED_EDGE('',*,*,#4622,.T.);
#4624=ORIENTED_EDGE('',*,*,#4609,.F.);
#4626=ORIENTED_EDGE('',*,*,#4625,.F.);
#4627=EDGE_LOOP('',(#4621,#4623,#4624,#4626));
#4628=FACE_OUTER_BOUND('',#4627,.F.);
#4629=ADVANCED_FACE('',(#4628),#4619,.F.);
#4630=CARTESIAN_POINT('',(-1.57988E1,1.041E1,-1.9E0));
#4631=DIRECTION('',(0.E0,0.E0,1.E0));
#4632=DIRECTION('',(1.E0,0.E0,0.E0));
#4633=AXIS2_PLACEMENT_3D('',#4630,#4631,#4632);
#4634=PLANE('',#4633);
#4636=ORIENTED_EDGE('',*,*,#4635,.F.);
#4638=ORIENTED_EDGE('',*,*,#4637,.F.);
#4640=ORIENTED_EDGE('',*,*,#4639,.F.);
#4641=ORIENTED_EDGE('',*,*,#4620,.F.);
#4642=EDGE_LOOP('',(#4636,#4638,#4640,#4641));
#4643=FACE_OUTER_BOUND('',#4642,.F.);
#4644=ADVANCED_FACE('',(#4643),#4634,.T.);
#4645=CARTESIAN_POINT('',(-1.06084E1,8.68E0,-1.52E0));
#4646=DIRECTION('',(-1.E0,0.E0,0.E0));
#4647=DIRECTION('',(0.E0,-1.E0,0.E0));
#4648=AXIS2_PLACEMENT_3D('',#4645,#4646,#4647);
#4649=PLANE('',#4648);
#4650=ORIENTED_EDGE('',*,*,#4635,.T.);
#4651=ORIENTED_EDGE('',*,*,#4625,.T.);
#4652=ORIENTED_EDGE('',*,*,#4567,.F.);
#4654=ORIENTED_EDGE('',*,*,#4653,.F.);
#4655=EDGE_LOOP('',(#4650,#4651,#4652,#4654));
#4656=FACE_OUTER_BOUND('',#4655,.F.);
#4657=ADVANCED_FACE('',(#4656),#4649,.F.);
#4658=CARTESIAN_POINT('',(-9.9084E0,9.27E0,-1.52E0));
#4659=DIRECTION('',(0.E0,1.E0,0.E0));
#4660=DIRECTION('',(-1.E0,0.E0,0.E0));
#4661=AXIS2_PLACEMENT_3D('',#4658,#4659,#4660);
#4662=PLANE('',#4661);
#4663=ORIENTED_EDGE('',*,*,#4637,.T.);
#4664=ORIENTED_EDGE('',*,*,#4653,.T.);
#4665=ORIENTED_EDGE('',*,*,#4582,.F.);
#4667=ORIENTED_EDGE('',*,*,#4666,.F.);
#4668=EDGE_LOOP('',(#4663,#4664,#4665,#4667));
#4669=FACE_OUTER_BOUND('',#4668,.F.);
#4670=ADVANCED_FACE('',(#4669),#4662,.F.);
#4671=CARTESIAN_POINT('',(-9.2084E0,8.68E0,-1.52E0));
#4672=DIRECTION('',(1.E0,0.E0,0.E0));
#4673=DIRECTION('',(0.E0,1.E0,0.E0));
#4674=AXIS2_PLACEMENT_3D('',#4671,#4672,#4673);
#4675=PLANE('',#4674);
#4676=ORIENTED_EDGE('',*,*,#4639,.T.);
#4677=ORIENTED_EDGE('',*,*,#4666,.T.);
#4678=ORIENTED_EDGE('',*,*,#4596,.F.);
#4679=ORIENTED_EDGE('',*,*,#4622,.F.);
#4680=EDGE_LOOP('',(#4676,#4677,#4678,#4679));
#4681=FACE_OUTER_BOUND('',#4680,.F.);
#4682=ADVANCED_FACE('',(#4681),#4675,.F.);
#4683=CARTESIAN_POINT('',(-7.0934E0,8.68E0,-5.7E-1));
#4684=DIRECTION('',(-7.882339803409E-1,0.E0,-6.153756513188E-1));
#4685=DIRECTION('',(0.E0,-1.E0,0.E0));
#4686=AXIS2_PLACEMENT_3D('',#4683,#4684,#4685);
#4687=PLANE('',#4686);
#4688=ORIENTED_EDGE('',*,*,#4364,.F.);
#4690=ORIENTED_EDGE('',*,*,#4689,.F.);
#4692=ORIENTED_EDGE('',*,*,#4691,.T.);
#4694=ORIENTED_EDGE('',*,*,#4693,.T.);
#4695=EDGE_LOOP('',(#4688,#4690,#4692,#4694));
#4696=FACE_OUTER_BOUND('',#4695,.F.);
#4697=ADVANCED_FACE('',(#4696),#4687,.F.);
#4698=CARTESIAN_POINT('',(-5.9484E0,9.73E0,-5.7E-1));
#4699=DIRECTION('',(0.E0,7.781977889298E-1,-6.280192682591E-1));
#4700=DIRECTION('',(-1.E0,0.E0,0.E0));
#4701=AXIS2_PLACEMENT_3D('',#4698,#4699,#4700);
#4702=PLANE('',#4701);
#4703=ORIENTED_EDGE('',*,*,#4370,.F.);
#4705=ORIENTED_EDGE('',*,*,#4704,.F.);
#4707=ORIENTED_EDGE('',*,*,#4706,.T.);
#4708=ORIENTED_EDGE('',*,*,#4689,.T.);
#4709=EDGE_LOOP('',(#4703,#4705,#4707,#4708));
#4710=FACE_OUTER_BOUND('',#4709,.F.);
#4711=ADVANCED_FACE('',(#4710),#4702,.F.);
#4712=CARTESIAN_POINT('',(-4.8034E0,8.68E0,-5.7E-1));
#4713=DIRECTION('',(7.882339803409E-1,0.E0,-6.153756513188E-1));
#4714=DIRECTION('',(0.E0,1.E0,0.E0));
#4715=AXIS2_PLACEMENT_3D('',#4712,#4713,#4714);
#4716=PLANE('',#4715);
#4717=ORIENTED_EDGE('',*,*,#4368,.F.);
#4719=ORIENTED_EDGE('',*,*,#4718,.F.);
#4721=ORIENTED_EDGE('',*,*,#4720,.T.);
#4722=ORIENTED_EDGE('',*,*,#4704,.T.);
#4723=EDGE_LOOP('',(#4717,#4719,#4721,#4722));
#4724=FACE_OUTER_BOUND('',#4723,.F.);
#4725=ADVANCED_FACE('',(#4724),#4716,.F.);
#4726=CARTESIAN_POINT('',(-5.9484E0,7.63E0,-5.7E-1));
#4727=DIRECTION('',(0.E0,-7.781977889298E-1,-6.280192682591E-1));
#4728=DIRECTION('',(1.E0,0.E0,0.E0));
#4729=AXIS2_PLACEMENT_3D('',#4726,#4727,#4728);
#4730=PLANE('',#4729);
#4731=ORIENTED_EDGE('',*,*,#4366,.F.);
#4732=ORIENTED_EDGE('',*,*,#4693,.F.);
#4734=ORIENTED_EDGE('',*,*,#4733,.T.);
#4735=ORIENTED_EDGE('',*,*,#4718,.T.);
#4736=EDGE_LOOP('',(#4731,#4732,#4734,#4735));
#4737=FACE_OUTER_BOUND('',#4736,.F.);
#4738=ADVANCED_FACE('',(#4737),#4730,.F.);
#4739=CARTESIAN_POINT('',(-5.9484E0,8.09E0,-1.52E0));
#4740=DIRECTION('',(0.E0,-1.E0,0.E0));
#4741=DIRECTION('',(1.E0,0.E0,0.E0));
#4742=AXIS2_PLACEMENT_3D('',#4739,#4740,#4741);
#4743=PLANE('',#4742);
#4745=ORIENTED_EDGE('',*,*,#4744,.T.);
#4747=ORIENTED_EDGE('',*,*,#4746,.T.);
#4748=ORIENTED_EDGE('',*,*,#4733,.F.);
#4750=ORIENTED_EDGE('',*,*,#4749,.F.);
#4751=EDGE_LOOP('',(#4745,#4747,#4748,#4750));
#4752=FACE_OUTER_BOUND('',#4751,.F.);
#4753=ADVANCED_FACE('',(#4752),#4743,.F.);
#4754=CARTESIAN_POINT('',(-1.57988E1,1.041E1,-1.9E0));
#4755=DIRECTION('',(0.E0,0.E0,1.E0));
#4756=DIRECTION('',(1.E0,0.E0,0.E0));
#4757=AXIS2_PLACEMENT_3D('',#4754,#4755,#4756);
#4758=PLANE('',#4757);
#4760=ORIENTED_EDGE('',*,*,#4759,.F.);
#4762=ORIENTED_EDGE('',*,*,#4761,.F.);
#4764=ORIENTED_EDGE('',*,*,#4763,.F.);
#4765=ORIENTED_EDGE('',*,*,#4744,.F.);
#4766=EDGE_LOOP('',(#4760,#4762,#4764,#4765));
#4767=FACE_OUTER_BOUND('',#4766,.F.);
#4768=ADVANCED_FACE('',(#4767),#4758,.T.);
#4769=CARTESIAN_POINT('',(-6.6484E0,8.68E0,-1.52E0));
#4770=DIRECTION('',(-1.E0,0.E0,0.E0));
#4771=DIRECTION('',(0.E0,-1.E0,0.E0));
#4772=AXIS2_PLACEMENT_3D('',#4769,#4770,#4771);
#4773=PLANE('',#4772);
#4774=ORIENTED_EDGE('',*,*,#4759,.T.);
#4775=ORIENTED_EDGE('',*,*,#4749,.T.);
#4776=ORIENTED_EDGE('',*,*,#4691,.F.);
#4778=ORIENTED_EDGE('',*,*,#4777,.F.);
#4779=EDGE_LOOP('',(#4774,#4775,#4776,#4778));
#4780=FACE_OUTER_BOUND('',#4779,.F.);
#4781=ADVANCED_FACE('',(#4780),#4773,.F.);
#4782=CARTESIAN_POINT('',(-5.9484E0,9.27E0,-1.52E0));
#4783=DIRECTION('',(0.E0,1.E0,0.E0));
#4784=DIRECTION('',(-1.E0,0.E0,0.E0));
#4785=AXIS2_PLACEMENT_3D('',#4782,#4783,#4784);
#4786=PLANE('',#4785);
#4787=ORIENTED_EDGE('',*,*,#4761,.T.);
#4788=ORIENTED_EDGE('',*,*,#4777,.T.);
#4789=ORIENTED_EDGE('',*,*,#4706,.F.);
#4791=ORIENTED_EDGE('',*,*,#4790,.F.);
#4792=EDGE_LOOP('',(#4787,#4788,#4789,#4791));
#4793=FACE_OUTER_BOUND('',#4792,.F.);
#4794=ADVANCED_FACE('',(#4793),#4786,.F.);
#4795=CARTESIAN_POINT('',(-5.2484E0,8.68E0,-1.52E0));
#4796=DIRECTION('',(1.E0,0.E0,0.E0));
#4797=DIRECTION('',(0.E0,1.E0,0.E0));
#4798=AXIS2_PLACEMENT_3D('',#4795,#4796,#4797);
#4799=PLANE('',#4798);
#4800=ORIENTED_EDGE('',*,*,#4763,.T.);
#4801=ORIENTED_EDGE('',*,*,#4790,.T.);
#4802=ORIENTED_EDGE('',*,*,#4720,.F.);
#4803=ORIENTED_EDGE('',*,*,#4746,.F.);
#4804=EDGE_LOOP('',(#4800,#4801,#4802,#4803));
#4805=FACE_OUTER_BOUND('',#4804,.F.);
#4806=ADVANCED_FACE('',(#4805),#4799,.F.);
#4807=CARTESIAN_POINT('',(-3.1334E0,8.68E0,-5.7E-1));
#4808=DIRECTION('',(-7.882339803409E-1,0.E0,-6.153756513188E-1));
#4809=DIRECTION('',(0.E0,-1.E0,0.E0));
#4810=AXIS2_PLACEMENT_3D('',#4807,#4808,#4809);
#4811=PLANE('',#4810);
#4812=ORIENTED_EDGE('',*,*,#4374,.F.);
#4814=ORIENTED_EDGE('',*,*,#4813,.F.);
#4816=ORIENTED_EDGE('',*,*,#4815,.T.);
#4818=ORIENTED_EDGE('',*,*,#4817,.T.);
#4819=EDGE_LOOP('',(#4812,#4814,#4816,#4818));
#4820=FACE_OUTER_BOUND('',#4819,.F.);
#4821=ADVANCED_FACE('',(#4820),#4811,.F.);
#4822=CARTESIAN_POINT('',(-1.9884E0,9.73E0,-5.7E-1));
#4823=DIRECTION('',(0.E0,7.781977889298E-1,-6.280192682591E-1));
#4824=DIRECTION('',(-1.E0,0.E0,0.E0));
#4825=AXIS2_PLACEMENT_3D('',#4822,#4823,#4824);
#4826=PLANE('',#4825);
#4827=ORIENTED_EDGE('',*,*,#4380,.F.);
#4829=ORIENTED_EDGE('',*,*,#4828,.F.);
#4831=ORIENTED_EDGE('',*,*,#4830,.T.);
#4832=ORIENTED_EDGE('',*,*,#4813,.T.);
#4833=EDGE_LOOP('',(#4827,#4829,#4831,#4832));
#4834=FACE_OUTER_BOUND('',#4833,.F.);
#4835=ADVANCED_FACE('',(#4834),#4826,.F.);
#4836=CARTESIAN_POINT('',(-8.434E-1,8.68E0,-5.7E-1));
#4837=DIRECTION('',(7.882339803409E-1,0.E0,-6.153756513188E-1));
#4838=DIRECTION('',(0.E0,1.E0,0.E0));
#4839=AXIS2_PLACEMENT_3D('',#4836,#4837,#4838);
#4840=PLANE('',#4839);
#4841=ORIENTED_EDGE('',*,*,#4378,.F.);
#4843=ORIENTED_EDGE('',*,*,#4842,.F.);
#4845=ORIENTED_EDGE('',*,*,#4844,.T.);
#4846=ORIENTED_EDGE('',*,*,#4828,.T.);
#4847=EDGE_LOOP('',(#4841,#4843,#4845,#4846));
#4848=FACE_OUTER_BOUND('',#4847,.F.);
#4849=ADVANCED_FACE('',(#4848),#4840,.F.);
#4850=CARTESIAN_POINT('',(-1.9884E0,7.63E0,-5.7E-1));
#4851=DIRECTION('',(0.E0,-7.781977889298E-1,-6.280192682591E-1));
#4852=DIRECTION('',(1.E0,0.E0,0.E0));
#4853=AXIS2_PLACEMENT_3D('',#4850,#4851,#4852);
#4854=PLANE('',#4853);
#4855=ORIENTED_EDGE('',*,*,#4376,.F.);
#4856=ORIENTED_EDGE('',*,*,#4817,.F.);
#4858=ORIENTED_EDGE('',*,*,#4857,.T.);
#4859=ORIENTED_EDGE('',*,*,#4842,.T.);
#4860=EDGE_LOOP('',(#4855,#4856,#4858,#4859));
#4861=FACE_OUTER_BOUND('',#4860,.F.);
#4862=ADVANCED_FACE('',(#4861),#4854,.F.);
#4863=CARTESIAN_POINT('',(-1.9884E0,8.09E0,-1.52E0));
#4864=DIRECTION('',(0.E0,-1.E0,0.E0));
#4865=DIRECTION('',(1.E0,0.E0,0.E0));
#4866=AXIS2_PLACEMENT_3D('',#4863,#4864,#4865);
#4867=PLANE('',#4866);
#4869=ORIENTED_EDGE('',*,*,#4868,.T.);
#4871=ORIENTED_EDGE('',*,*,#4870,.T.);
#4872=ORIENTED_EDGE('',*,*,#4857,.F.);
#4874=ORIENTED_EDGE('',*,*,#4873,.F.);
#4875=EDGE_LOOP('',(#4869,#4871,#4872,#4874));
#4876=FACE_OUTER_BOUND('',#4875,.F.);
#4877=ADVANCED_FACE('',(#4876),#4867,.F.);
#4878=CARTESIAN_POINT('',(-1.57988E1,1.041E1,-1.9E0));
#4879=DIRECTION('',(0.E0,0.E0,1.E0));
#4880=DIRECTION('',(1.E0,0.E0,0.E0));
#4881=AXIS2_PLACEMENT_3D('',#4878,#4879,#4880);
#4882=PLANE('',#4881);
#4884=ORIENTED_EDGE('',*,*,#4883,.F.);
#4886=ORIENTED_EDGE('',*,*,#4885,.F.);
#4888=ORIENTED_EDGE('',*,*,#4887,.F.);
#4889=ORIENTED_EDGE('',*,*,#4868,.F.);
#4890=EDGE_LOOP('',(#4884,#4886,#4888,#4889));
#4891=FACE_OUTER_BOUND('',#4890,.F.);
#4892=ADVANCED_FACE('',(#4891),#4882,.T.);
#4893=CARTESIAN_POINT('',(-2.6884E0,8.68E0,-1.52E0));
#4894=DIRECTION('',(-1.E0,0.E0,0.E0));
#4895=DIRECTION('',(0.E0,-1.E0,0.E0));
#4896=AXIS2_PLACEMENT_3D('',#4893,#4894,#4895);
#4897=PLANE('',#4896);
#4898=ORIENTED_EDGE('',*,*,#4883,.T.);
#4899=ORIENTED_EDGE('',*,*,#4873,.T.);
#4900=ORIENTED_EDGE('',*,*,#4815,.F.);
#4902=ORIENTED_EDGE('',*,*,#4901,.F.);
#4903=EDGE_LOOP('',(#4898,#4899,#4900,#4902));
#4904=FACE_OUTER_BOUND('',#4903,.F.);
#4905=ADVANCED_FACE('',(#4904),#4897,.F.);
#4906=CARTESIAN_POINT('',(-1.9884E0,9.27E0,-1.52E0));
#4907=DIRECTION('',(0.E0,1.E0,0.E0));
#4908=DIRECTION('',(-1.E0,0.E0,0.E0));
#4909=AXIS2_PLACEMENT_3D('',#4906,#4907,#4908);
#4910=PLANE('',#4909);
#4911=ORIENTED_EDGE('',*,*,#4885,.T.);
#4912=ORIENTED_EDGE('',*,*,#4901,.T.);
#4913=ORIENTED_EDGE('',*,*,#4830,.F.);
#4915=ORIENTED_EDGE('',*,*,#4914,.F.);
#4916=EDGE_LOOP('',(#4911,#4912,#4913,#4915));
#4917=FACE_OUTER_BOUND('',#4916,.F.);
#4918=ADVANCED_FACE('',(#4917),#4910,.F.);
#4919=CARTESIAN_POINT('',(-1.2884E0,8.68E0,-1.52E0));
#4920=DIRECTION('',(1.E0,0.E0,0.E0));
#4921=DIRECTION('',(0.E0,1.E0,0.E0));
#4922=AXIS2_PLACEMENT_3D('',#4919,#4920,#4921);
#4923=PLANE('',#4922);
#4924=ORIENTED_EDGE('',*,*,#4887,.T.);
#4925=ORIENTED_EDGE('',*,*,#4914,.T.);
#4926=ORIENTED_EDGE('',*,*,#4844,.F.);
#4927=ORIENTED_EDGE('',*,*,#4870,.F.);
#4928=EDGE_LOOP('',(#4924,#4925,#4926,#4927));
#4929=FACE_OUTER_BOUND('',#4928,.F.);
#4930=ADVANCED_FACE('',(#4929),#4923,.F.);
#4931=CARTESIAN_POINT('',(8.266E-1,8.68E0,-5.7E-1));
#4932=DIRECTION('',(-7.882339803409E-1,0.E0,-6.153756513188E-1));
#4933=DIRECTION('',(0.E0,-1.E0,0.E0));
#4934=AXIS2_PLACEMENT_3D('',#4931,#4932,#4933);
#4935=PLANE('',#4934);
#4936=ORIENTED_EDGE('',*,*,#4384,.F.);
#4938=ORIENTED_EDGE('',*,*,#4937,.F.);
#4940=ORIENTED_EDGE('',*,*,#4939,.T.);
#4942=ORIENTED_EDGE('',*,*,#4941,.T.);
#4943=EDGE_LOOP('',(#4936,#4938,#4940,#4942));
#4944=FACE_OUTER_BOUND('',#4943,.F.);
#4945=ADVANCED_FACE('',(#4944),#4935,.F.);
#4946=CARTESIAN_POINT('',(1.9716E0,9.73E0,-5.7E-1));
#4947=DIRECTION('',(0.E0,7.781977889298E-1,-6.280192682591E-1));
#4948=DIRECTION('',(-1.E0,0.E0,0.E0));
#4949=AXIS2_PLACEMENT_3D('',#4946,#4947,#4948);
#4950=PLANE('',#4949);
#4951=ORIENTED_EDGE('',*,*,#4390,.F.);
#4953=ORIENTED_EDGE('',*,*,#4952,.F.);
#4955=ORIENTED_EDGE('',*,*,#4954,.T.);
#4956=ORIENTED_EDGE('',*,*,#4937,.T.);
#4957=EDGE_LOOP('',(#4951,#4953,#4955,#4956));
#4958=FACE_OUTER_BOUND('',#4957,.F.);
#4959=ADVANCED_FACE('',(#4958),#4950,.F.);
#4960=CARTESIAN_POINT('',(3.1166E0,8.68E0,-5.7E-1));
#4961=DIRECTION('',(7.882339803409E-1,0.E0,-6.153756513188E-1));
#4962=DIRECTION('',(0.E0,1.E0,0.E0));
#4963=AXIS2_PLACEMENT_3D('',#4960,#4961,#4962);
#4964=PLANE('',#4963);
#4965=ORIENTED_EDGE('',*,*,#4388,.F.);
#4967=ORIENTED_EDGE('',*,*,#4966,.F.);
#4969=ORIENTED_EDGE('',*,*,#4968,.T.);
#4970=ORIENTED_EDGE('',*,*,#4952,.T.);
#4971=EDGE_LOOP('',(#4965,#4967,#4969,#4970));
#4972=FACE_OUTER_BOUND('',#4971,.F.);
#4973=ADVANCED_FACE('',(#4972),#4964,.F.);
#4974=CARTESIAN_POINT('',(1.9716E0,7.63E0,-5.7E-1));
#4975=DIRECTION('',(0.E0,-7.781977889298E-1,-6.280192682591E-1));
#4976=DIRECTION('',(1.E0,0.E0,0.E0));
#4977=AXIS2_PLACEMENT_3D('',#4974,#4975,#4976);
#4978=PLANE('',#4977);
#4979=ORIENTED_EDGE('',*,*,#4386,.F.);
#4980=ORIENTED_EDGE('',*,*,#4941,.F.);
#4982=ORIENTED_EDGE('',*,*,#4981,.T.);
#4983=ORIENTED_EDGE('',*,*,#4966,.T.);
#4984=EDGE_LOOP('',(#4979,#4980,#4982,#4983));
#4985=FACE_OUTER_BOUND('',#4984,.F.);
#4986=ADVANCED_FACE('',(#4985),#4978,.F.);
#4987=CARTESIAN_POINT('',(1.9716E0,8.09E0,-1.52E0));
#4988=DIRECTION('',(0.E0,-1.E0,0.E0));
#4989=DIRECTION('',(1.E0,0.E0,0.E0));
#4990=AXIS2_PLACEMENT_3D('',#4987,#4988,#4989);
#4991=PLANE('',#4990);
#4993=ORIENTED_EDGE('',*,*,#4992,.T.);
#4995=ORIENTED_EDGE('',*,*,#4994,.T.);
#4996=ORIENTED_EDGE('',*,*,#4981,.F.);
#4998=ORIENTED_EDGE('',*,*,#4997,.F.);
#4999=EDGE_LOOP('',(#4993,#4995,#4996,#4998));
#5000=FACE_OUTER_BOUND('',#4999,.F.);
#5001=ADVANCED_FACE('',(#5000),#4991,.F.);
#5002=CARTESIAN_POINT('',(-1.57988E1,1.041E1,-1.9E0));
#5003=DIRECTION('',(0.E0,0.E0,1.E0));
#5004=DIRECTION('',(1.E0,0.E0,0.E0));
#5005=AXIS2_PLACEMENT_3D('',#5002,#5003,#5004);
#5006=PLANE('',#5005);
#5008=ORIENTED_EDGE('',*,*,#5007,.F.);
#5010=ORIENTED_EDGE('',*,*,#5009,.F.);
#5012=ORIENTED_EDGE('',*,*,#5011,.F.);
#5013=ORIENTED_EDGE('',*,*,#4992,.F.);
#5014=EDGE_LOOP('',(#5008,#5010,#5012,#5013));
#5015=FACE_OUTER_BOUND('',#5014,.F.);
#5016=ADVANCED_FACE('',(#5015),#5006,.T.);
#5017=CARTESIAN_POINT('',(1.2716E0,8.68E0,-1.52E0));
#5018=DIRECTION('',(-1.E0,0.E0,0.E0));
#5019=DIRECTION('',(0.E0,-1.E0,0.E0));
#5020=AXIS2_PLACEMENT_3D('',#5017,#5018,#5019);
#5021=PLANE('',#5020);
#5022=ORIENTED_EDGE('',*,*,#5007,.T.);
#5023=ORIENTED_EDGE('',*,*,#4997,.T.);
#5024=ORIENTED_EDGE('',*,*,#4939,.F.);
#5026=ORIENTED_EDGE('',*,*,#5025,.F.);
#5027=EDGE_LOOP('',(#5022,#5023,#5024,#5026));
#5028=FACE_OUTER_BOUND('',#5027,.F.);
#5029=ADVANCED_FACE('',(#5028),#5021,.F.);
#5030=CARTESIAN_POINT('',(1.9716E0,9.27E0,-1.52E0));
#5031=DIRECTION('',(0.E0,1.E0,0.E0));
#5032=DIRECTION('',(-1.E0,0.E0,0.E0));
#5033=AXIS2_PLACEMENT_3D('',#5030,#5031,#5032);
#5034=PLANE('',#5033);
#5035=ORIENTED_EDGE('',*,*,#5009,.T.);
#5036=ORIENTED_EDGE('',*,*,#5025,.T.);
#5037=ORIENTED_EDGE('',*,*,#4954,.F.);
#5039=ORIENTED_EDGE('',*,*,#5038,.F.);
#5040=EDGE_LOOP('',(#5035,#5036,#5037,#5039));
#5041=FACE_OUTER_BOUND('',#5040,.F.);
#5042=ADVANCED_FACE('',(#5041),#5034,.F.);
#5043=CARTESIAN_POINT('',(2.6716E0,8.68E0,-1.52E0));
#5044=DIRECTION('',(1.E0,0.E0,0.E0));
#5045=DIRECTION('',(0.E0,1.E0,0.E0));
#5046=AXIS2_PLACEMENT_3D('',#5043,#5044,#5045);
#5047=PLANE('',#5046);
#5048=ORIENTED_EDGE('',*,*,#5011,.T.);
#5049=ORIENTED_EDGE('',*,*,#5038,.T.);
#5050=ORIENTED_EDGE('',*,*,#4968,.F.);
#5051=ORIENTED_EDGE('',*,*,#4994,.F.);
#5052=EDGE_LOOP('',(#5048,#5049,#5050,#5051));
#5053=FACE_OUTER_BOUND('',#5052,.F.);
#5054=ADVANCED_FACE('',(#5053),#5047,.F.);
#5055=CARTESIAN_POINT('',(4.7866E0,8.68E0,-5.7E-1));
#5056=DIRECTION('',(-7.882339803409E-1,0.E0,-6.153756513188E-1));
#5057=DIRECTION('',(0.E0,-1.E0,0.E0));
#5058=AXIS2_PLACEMENT_3D('',#5055,#5056,#5057);
#5059=PLANE('',#5058);
#5060=ORIENTED_EDGE('',*,*,#4394,.F.);
#5062=ORIENTED_EDGE('',*,*,#5061,.F.);
#5064=ORIENTED_EDGE('',*,*,#5063,.T.);
#5066=ORIENTED_EDGE('',*,*,#5065,.T.);
#5067=EDGE_LOOP('',(#5060,#5062,#5064,#5066));
#5068=FACE_OUTER_BOUND('',#5067,.F.);
#5069=ADVANCED_FACE('',(#5068),#5059,.F.);
#5070=CARTESIAN_POINT('',(5.9316E0,9.73E0,-5.7E-1));
#5071=DIRECTION('',(0.E0,7.781977889298E-1,-6.280192682591E-1));
#5072=DIRECTION('',(-1.E0,0.E0,0.E0));
#5073=AXIS2_PLACEMENT_3D('',#5070,#5071,#5072);
#5074=PLANE('',#5073);
#5075=ORIENTED_EDGE('',*,*,#4400,.F.);
#5077=ORIENTED_EDGE('',*,*,#5076,.F.);
#5079=ORIENTED_EDGE('',*,*,#5078,.T.);
#5080=ORIENTED_EDGE('',*,*,#5061,.T.);
#5081=EDGE_LOOP('',(#5075,#5077,#5079,#5080));
#5082=FACE_OUTER_BOUND('',#5081,.F.);
#5083=ADVANCED_FACE('',(#5082),#5074,.F.);
#5084=CARTESIAN_POINT('',(7.0766E0,8.68E0,-5.7E-1));
#5085=DIRECTION('',(7.882339803409E-1,0.E0,-6.153756513188E-1));
#5086=DIRECTION('',(0.E0,1.E0,0.E0));
#5087=AXIS2_PLACEMENT_3D('',#5084,#5085,#5086);
#5088=PLANE('',#5087);
#5089=ORIENTED_EDGE('',*,*,#4398,.F.);
#5091=ORIENTED_EDGE('',*,*,#5090,.F.);
#5093=ORIENTED_EDGE('',*,*,#5092,.T.);
#5094=ORIENTED_EDGE('',*,*,#5076,.T.);
#5095=EDGE_LOOP('',(#5089,#5091,#5093,#5094));
#5096=FACE_OUTER_BOUND('',#5095,.F.);
#5097=ADVANCED_FACE('',(#5096),#5088,.F.);
#5098=CARTESIAN_POINT('',(5.9316E0,7.63E0,-5.7E-1));
#5099=DIRECTION('',(0.E0,-7.781977889298E-1,-6.280192682591E-1));
#5100=DIRECTION('',(1.E0,0.E0,0.E0));
#5101=AXIS2_PLACEMENT_3D('',#5098,#5099,#5100);
#5102=PLANE('',#5101);
#5103=ORIENTED_EDGE('',*,*,#4396,.F.);
#5104=ORIENTED_EDGE('',*,*,#5065,.F.);
#5106=ORIENTED_EDGE('',*,*,#5105,.T.);
#5107=ORIENTED_EDGE('',*,*,#5090,.T.);
#5108=EDGE_LOOP('',(#5103,#5104,#5106,#5107));
#5109=FACE_OUTER_BOUND('',#5108,.F.);
#5110=ADVANCED_FACE('',(#5109),#5102,.F.);
#5111=CARTESIAN_POINT('',(5.9316E0,8.09E0,-1.52E0));
#5112=DIRECTION('',(0.E0,-1.E0,0.E0));
#5113=DIRECTION('',(1.E0,0.E0,0.E0));
#5114=AXIS2_PLACEMENT_3D('',#5111,#5112,#5113);
#5115=PLANE('',#5114);
#5117=ORIENTED_EDGE('',*,*,#5116,.T.);
#5119=ORIENTED_EDGE('',*,*,#5118,.T.);
#5120=ORIENTED_EDGE('',*,*,#5105,.F.);
#5122=ORIENTED_EDGE('',*,*,#5121,.F.);
#5123=EDGE_LOOP('',(#5117,#5119,#5120,#5122));
#5124=FACE_OUTER_BOUND('',#5123,.F.);
#5125=ADVANCED_FACE('',(#5124),#5115,.F.);
#5126=CARTESIAN_POINT('',(-1.57988E1,1.041E1,-1.9E0));
#5127=DIRECTION('',(0.E0,0.E0,1.E0));
#5128=DIRECTION('',(1.E0,0.E0,0.E0));
#5129=AXIS2_PLACEMENT_3D('',#5126,#5127,#5128);
#5130=PLANE('',#5129);
#5132=ORIENTED_EDGE('',*,*,#5131,.F.);
#5134=ORIENTED_EDGE('',*,*,#5133,.F.);
#5136=ORIENTED_EDGE('',*,*,#5135,.F.);
#5137=ORIENTED_EDGE('',*,*,#5116,.F.);
#5138=EDGE_LOOP('',(#5132,#5134,#5136,#5137));
#5139=FACE_OUTER_BOUND('',#5138,.F.);
#5140=ADVANCED_FACE('',(#5139),#5130,.T.);
#5141=CARTESIAN_POINT('',(5.2316E0,8.68E0,-1.52E0));
#5142=DIRECTION('',(-1.E0,0.E0,0.E0));
#5143=DIRECTION('',(0.E0,-1.E0,0.E0));
#5144=AXIS2_PLACEMENT_3D('',#5141,#5142,#5143);
#5145=PLANE('',#5144);
#5146=ORIENTED_EDGE('',*,*,#5131,.T.);
#5147=ORIENTED_EDGE('',*,*,#5121,.T.);
#5148=ORIENTED_EDGE('',*,*,#5063,.F.);
#5150=ORIENTED_EDGE('',*,*,#5149,.F.);
#5151=EDGE_LOOP('',(#5146,#5147,#5148,#5150));
#5152=FACE_OUTER_BOUND('',#5151,.F.);
#5153=ADVANCED_FACE('',(#5152),#5145,.F.);
#5154=CARTESIAN_POINT('',(5.9316E0,9.27E0,-1.52E0));
#5155=DIRECTION('',(0.E0,1.E0,0.E0));
#5156=DIRECTION('',(-1.E0,0.E0,0.E0));
#5157=AXIS2_PLACEMENT_3D('',#5154,#5155,#5156);
#5158=PLANE('',#5157);
#5159=ORIENTED_EDGE('',*,*,#5133,.T.);
#5160=ORIENTED_EDGE('',*,*,#5149,.T.);
#5161=ORIENTED_EDGE('',*,*,#5078,.F.);
#5163=ORIENTED_EDGE('',*,*,#5162,.F.);
#5164=EDGE_LOOP('',(#5159,#5160,#5161,#5163));
#5165=FACE_OUTER_BOUND('',#5164,.F.);
#5166=ADVANCED_FACE('',(#5165),#5158,.F.);
#5167=CARTESIAN_POINT('',(6.6316E0,8.68E0,-1.52E0));
#5168=DIRECTION('',(1.E0,0.E0,0.E0));
#5169=DIRECTION('',(0.E0,1.E0,0.E0));
#5170=AXIS2_PLACEMENT_3D('',#5167,#5168,#5169);
#5171=PLANE('',#5170);
#5172=ORIENTED_EDGE('',*,*,#5135,.T.);
#5173=ORIENTED_EDGE('',*,*,#5162,.T.);
#5174=ORIENTED_EDGE('',*,*,#5092,.F.);
#5175=ORIENTED_EDGE('',*,*,#5118,.F.);
#5176=EDGE_LOOP('',(#5172,#5173,#5174,#5175));
#5177=FACE_OUTER_BOUND('',#5176,.F.);
#5178=ADVANCED_FACE('',(#5177),#5171,.F.);
#5179=CARTESIAN_POINT('',(8.7466E0,8.68E0,-5.7E-1));
#5180=DIRECTION('',(-7.882339803409E-1,0.E0,-6.153756513188E-1));
#5181=DIRECTION('',(0.E0,-1.E0,0.E0));
#5182=AXIS2_PLACEMENT_3D('',#5179,#5180,#5181);
#5183=PLANE('',#5182);
#5184=ORIENTED_EDGE('',*,*,#4404,.F.);
#5186=ORIENTED_EDGE('',*,*,#5185,.F.);
#5188=ORIENTED_EDGE('',*,*,#5187,.T.);
#5190=ORIENTED_EDGE('',*,*,#5189,.T.);
#5191=EDGE_LOOP('',(#5184,#5186,#5188,#5190));
#5192=FACE_OUTER_BOUND('',#5191,.F.);
#5193=ADVANCED_FACE('',(#5192),#5183,.F.);
#5194=CARTESIAN_POINT('',(9.8916E0,9.73E0,-5.7E-1));
#5195=DIRECTION('',(0.E0,7.781977889298E-1,-6.280192682591E-1));
#5196=DIRECTION('',(-1.E0,0.E0,0.E0));
#5197=AXIS2_PLACEMENT_3D('',#5194,#5195,#5196);
#5198=PLANE('',#5197);
#5199=ORIENTED_EDGE('',*,*,#4410,.F.);
#5201=ORIENTED_EDGE('',*,*,#5200,.F.);
#5203=ORIENTED_EDGE('',*,*,#5202,.T.);
#5204=ORIENTED_EDGE('',*,*,#5185,.T.);
#5205=EDGE_LOOP('',(#5199,#5201,#5203,#5204));
#5206=FACE_OUTER_BOUND('',#5205,.F.);
#5207=ADVANCED_FACE('',(#5206),#5198,.F.);
#5208=CARTESIAN_POINT('',(1.10366E1,8.68E0,-5.7E-1));
#5209=DIRECTION('',(7.882339803409E-1,0.E0,-6.153756513188E-1));
#5210=DIRECTION('',(0.E0,1.E0,0.E0));
#5211=AXIS2_PLACEMENT_3D('',#5208,#5209,#5210);
#5212=PLANE('',#5211);
#5213=ORIENTED_EDGE('',*,*,#4408,.F.);
#5215=ORIENTED_EDGE('',*,*,#5214,.F.);
#5217=ORIENTED_EDGE('',*,*,#5216,.T.);
#5218=ORIENTED_EDGE('',*,*,#5200,.T.);
#5219=EDGE_LOOP('',(#5213,#5215,#5217,#5218));
#5220=FACE_OUTER_BOUND('',#5219,.F.);
#5221=ADVANCED_FACE('',(#5220),#5212,.F.);
#5222=CARTESIAN_POINT('',(9.8916E0,7.63E0,-5.7E-1));
#5223=DIRECTION('',(0.E0,-7.781977889298E-1,-6.280192682591E-1));
#5224=DIRECTION('',(1.E0,0.E0,0.E0));
#5225=AXIS2_PLACEMENT_3D('',#5222,#5223,#5224);
#5226=PLANE('',#5225);
#5227=ORIENTED_EDGE('',*,*,#4406,.F.);
#5228=ORIENTED_EDGE('',*,*,#5189,.F.);
#5230=ORIENTED_EDGE('',*,*,#5229,.T.);
#5231=ORIENTED_EDGE('',*,*,#5214,.T.);
#5232=EDGE_LOOP('',(#5227,#5228,#5230,#5231));
#5233=FACE_OUTER_BOUND('',#5232,.F.);
#5234=ADVANCED_FACE('',(#5233),#5226,.F.);
#5235=CARTESIAN_POINT('',(9.8916E0,8.09E0,-1.52E0));
#5236=DIRECTION('',(0.E0,-1.E0,0.E0));
#5237=DIRECTION('',(1.E0,0.E0,0.E0));
#5238=AXIS2_PLACEMENT_3D('',#5235,#5236,#5237);
#5239=PLANE('',#5238);
#5241=ORIENTED_EDGE('',*,*,#5240,.T.);
#5243=ORIENTED_EDGE('',*,*,#5242,.T.);
#5244=ORIENTED_EDGE('',*,*,#5229,.F.);
#5246=ORIENTED_EDGE('',*,*,#5245,.F.);
#5247=EDGE_LOOP('',(#5241,#5243,#5244,#5246));
#5248=FACE_OUTER_BOUND('',#5247,.F.);
#5249=ADVANCED_FACE('',(#5248),#5239,.F.);
#5250=CARTESIAN_POINT('',(-1.57988E1,1.041E1,-1.9E0));
#5251=DIRECTION('',(0.E0,0.E0,1.E0));
#5252=DIRECTION('',(1.E0,0.E0,0.E0));
#5253=AXIS2_PLACEMENT_3D('',#5250,#5251,#5252);
#5254=PLANE('',#5253);
#5256=ORIENTED_EDGE('',*,*,#5255,.F.);
#5258=ORIENTED_EDGE('',*,*,#5257,.F.);
#5260=ORIENTED_EDGE('',*,*,#5259,.F.);
#5261=ORIENTED_EDGE('',*,*,#5240,.F.);
#5262=EDGE_LOOP('',(#5256,#5258,#5260,#5261));
#5263=FACE_OUTER_BOUND('',#5262,.F.);
#5264=ADVANCED_FACE('',(#5263),#5254,.T.);
#5265=CARTESIAN_POINT('',(9.1916E0,8.68E0,-1.52E0));
#5266=DIRECTION('',(-1.E0,0.E0,0.E0));
#5267=DIRECTION('',(0.E0,-1.E0,0.E0));
#5268=AXIS2_PLACEMENT_3D('',#5265,#5266,#5267);
#5269=PLANE('',#5268);
#5270=ORIENTED_EDGE('',*,*,#5255,.T.);
#5271=ORIENTED_EDGE('',*,*,#5245,.T.);
#5272=ORIENTED_EDGE('',*,*,#5187,.F.);
#5274=ORIENTED_EDGE('',*,*,#5273,.F.);
#5275=EDGE_LOOP('',(#5270,#5271,#5272,#5274));
#5276=FACE_OUTER_BOUND('',#5275,.F.);
#5277=ADVANCED_FACE('',(#5276),#5269,.F.);
#5278=CARTESIAN_POINT('',(9.8916E0,9.27E0,-1.52E0));
#5279=DIRECTION('',(0.E0,1.E0,0.E0));
#5280=DIRECTION('',(-1.E0,0.E0,0.E0));
#5281=AXIS2_PLACEMENT_3D('',#5278,#5279,#5280);
#5282=PLANE('',#5281);
#5283=ORIENTED_EDGE('',*,*,#5257,.T.);
#5284=ORIENTED_EDGE('',*,*,#5273,.T.);
#5285=ORIENTED_EDGE('',*,*,#5202,.F.);
#5287=ORIENTED_EDGE('',*,*,#5286,.F.);
#5288=EDGE_LOOP('',(#5283,#5284,#5285,#5287));
#5289=FACE_OUTER_BOUND('',#5288,.F.);
#5290=ADVANCED_FACE('',(#5289),#5282,.F.);
#5291=CARTESIAN_POINT('',(1.05916E1,8.68E0,-1.52E0));
#5292=DIRECTION('',(1.E0,0.E0,0.E0));
#5293=DIRECTION('',(0.E0,1.E0,0.E0));
#5294=AXIS2_PLACEMENT_3D('',#5291,#5292,#5293);
#5295=PLANE('',#5294);
#5296=ORIENTED_EDGE('',*,*,#5259,.T.);
#5297=ORIENTED_EDGE('',*,*,#5286,.T.);
#5298=ORIENTED_EDGE('',*,*,#5216,.F.);
#5299=ORIENTED_EDGE('',*,*,#5242,.F.);
#5300=EDGE_LOOP('',(#5296,#5297,#5298,#5299));
#5301=FACE_OUTER_BOUND('',#5300,.F.);
#5302=ADVANCED_FACE('',(#5301),#5295,.F.);
#5303=CARTESIAN_POINT('',(1.27066E1,8.68E0,-5.7E-1));
#5304=DIRECTION('',(-7.882339803409E-1,0.E0,-6.153756513188E-1));
#5305=DIRECTION('',(0.E0,-1.E0,0.E0));
#5306=AXIS2_PLACEMENT_3D('',#5303,#5304,#5305);
#5307=PLANE('',#5306);
#5308=ORIENTED_EDGE('',*,*,#4414,.F.);
#5310=ORIENTED_EDGE('',*,*,#5309,.F.);
#5312=ORIENTED_EDGE('',*,*,#5311,.T.);
#5314=ORIENTED_EDGE('',*,*,#5313,.T.);
#5315=EDGE_LOOP('',(#5308,#5310,#5312,#5314));
#5316=FACE_OUTER_BOUND('',#5315,.F.);
#5317=ADVANCED_FACE('',(#5316),#5307,.F.);
#5318=CARTESIAN_POINT('',(1.38516E1,9.73E0,-5.7E-1));
#5319=DIRECTION('',(0.E0,7.781977889298E-1,-6.280192682591E-1));
#5320=DIRECTION('',(-1.E0,0.E0,0.E0));
#5321=AXIS2_PLACEMENT_3D('',#5318,#5319,#5320);
#5322=PLANE('',#5321);
#5323=ORIENTED_EDGE('',*,*,#4420,.F.);
#5325=ORIENTED_EDGE('',*,*,#5324,.F.);
#5327=ORIENTED_EDGE('',*,*,#5326,.T.);
#5328=ORIENTED_EDGE('',*,*,#5309,.T.);
#5329=EDGE_LOOP('',(#5323,#5325,#5327,#5328));
#5330=FACE_OUTER_BOUND('',#5329,.F.);
#5331=ADVANCED_FACE('',(#5330),#5322,.F.);
#5332=CARTESIAN_POINT('',(1.49966E1,8.68E0,-5.7E-1));
#5333=DIRECTION('',(7.882339803409E-1,0.E0,-6.153756513188E-1));
#5334=DIRECTION('',(0.E0,1.E0,0.E0));
#5335=AXIS2_PLACEMENT_3D('',#5332,#5333,#5334);
#5336=PLANE('',#5335);
#5337=ORIENTED_EDGE('',*,*,#4418,.F.);
#5339=ORIENTED_EDGE('',*,*,#5338,.F.);
#5341=ORIENTED_EDGE('',*,*,#5340,.T.);
#5342=ORIENTED_EDGE('',*,*,#5324,.T.);
#5343=EDGE_LOOP('',(#5337,#5339,#5341,#5342));
#5344=FACE_OUTER_BOUND('',#5343,.F.);
#5345=ADVANCED_FACE('',(#5344),#5336,.F.);
#5346=CARTESIAN_POINT('',(1.38516E1,7.63E0,-5.7E-1));
#5347=DIRECTION('',(0.E0,-7.781977889298E-1,-6.280192682591E-1));
#5348=DIRECTION('',(1.E0,0.E0,0.E0));
#5349=AXIS2_PLACEMENT_3D('',#5346,#5347,#5348);
#5350=PLANE('',#5349);
#5351=ORIENTED_EDGE('',*,*,#4416,.F.);
#5352=ORIENTED_EDGE('',*,*,#5313,.F.);
#5354=ORIENTED_EDGE('',*,*,#5353,.T.);
#5355=ORIENTED_EDGE('',*,*,#5338,.T.);
#5356=EDGE_LOOP('',(#5351,#5352,#5354,#5355));
#5357=FACE_OUTER_BOUND('',#5356,.F.);
#5358=ADVANCED_FACE('',(#5357),#5350,.F.);
#5359=CARTESIAN_POINT('',(1.38516E1,8.09E0,-1.52E0));
#5360=DIRECTION('',(0.E0,-1.E0,0.E0));
#5361=DIRECTION('',(1.E0,0.E0,0.E0));
#5362=AXIS2_PLACEMENT_3D('',#5359,#5360,#5361);
#5363=PLANE('',#5362);
#5365=ORIENTED_EDGE('',*,*,#5364,.T.);
#5367=ORIENTED_EDGE('',*,*,#5366,.T.);
#5368=ORIENTED_EDGE('',*,*,#5353,.F.);
#5370=ORIENTED_EDGE('',*,*,#5369,.F.);
#5371=EDGE_LOOP('',(#5365,#5367,#5368,#5370));
#5372=FACE_OUTER_BOUND('',#5371,.F.);
#5373=ADVANCED_FACE('',(#5372),#5363,.F.);
#5374=CARTESIAN_POINT('',(-1.57988E1,1.041E1,-1.9E0));
#5375=DIRECTION('',(0.E0,0.E0,1.E0));
#5376=DIRECTION('',(1.E0,0.E0,0.E0));
#5377=AXIS2_PLACEMENT_3D('',#5374,#5375,#5376);
#5378=PLANE('',#5377);
#5380=ORIENTED_EDGE('',*,*,#5379,.F.);
#5382=ORIENTED_EDGE('',*,*,#5381,.F.);
#5384=ORIENTED_EDGE('',*,*,#5383,.F.);
#5385=ORIENTED_EDGE('',*,*,#5364,.F.);
#5386=EDGE_LOOP('',(#5380,#5382,#5384,#5385));
#5387=FACE_OUTER_BOUND('',#5386,.F.);
#5388=ADVANCED_FACE('',(#5387),#5378,.T.);
#5389=CARTESIAN_POINT('',(1.31516E1,8.68E0,-1.52E0));
#5390=DIRECTION('',(-1.E0,0.E0,0.E0));
#5391=DIRECTION('',(0.E0,-1.E0,0.E0));
#5392=AXIS2_PLACEMENT_3D('',#5389,#5390,#5391);
#5393=PLANE('',#5392);
#5394=ORIENTED_EDGE('',*,*,#5379,.T.);
#5395=ORIENTED_EDGE('',*,*,#5369,.T.);
#5396=ORIENTED_EDGE('',*,*,#5311,.F.);
#5398=ORIENTED_EDGE('',*,*,#5397,.F.);
#5399=EDGE_LOOP('',(#5394,#5395,#5396,#5398));
#5400=FACE_OUTER_BOUND('',#5399,.F.);
#5401=ADVANCED_FACE('',(#5400),#5393,.F.);
#5402=CARTESIAN_POINT('',(1.38516E1,9.27E0,-1.52E0));
#5403=DIRECTION('',(0.E0,1.E0,0.E0));
#5404=DIRECTION('',(-1.E0,0.E0,0.E0));
#5405=AXIS2_PLACEMENT_3D('',#5402,#5403,#5404);
#5406=PLANE('',#5405);
#5407=ORIENTED_EDGE('',*,*,#5381,.T.);
#5408=ORIENTED_EDGE('',*,*,#5397,.T.);
#5409=ORIENTED_EDGE('',*,*,#5326,.F.);
#5411=ORIENTED_EDGE('',*,*,#5410,.F.);
#5412=EDGE_LOOP('',(#5407,#5408,#5409,#5411));
#5413=FACE_OUTER_BOUND('',#5412,.F.);
#5414=ADVANCED_FACE('',(#5413),#5406,.F.);
#5415=CARTESIAN_POINT('',(1.45516E1,8.68E0,-1.52E0));
#5416=DIRECTION('',(1.E0,0.E0,0.E0));
#5417=DIRECTION('',(0.E0,1.E0,0.E0));
#5418=AXIS2_PLACEMENT_3D('',#5415,#5416,#5417);
#5419=PLANE('',#5418);
#5420=ORIENTED_EDGE('',*,*,#5383,.T.);
#5421=ORIENTED_EDGE('',*,*,#5410,.T.);
#5422=ORIENTED_EDGE('',*,*,#5340,.F.);
#5423=ORIENTED_EDGE('',*,*,#5366,.F.);
#5424=EDGE_LOOP('',(#5420,#5421,#5422,#5423));
#5425=FACE_OUTER_BOUND('',#5424,.F.);
#5426=ADVANCED_FACE('',(#5425),#5419,.F.);
#5427=CARTESIAN_POINT('',(1.18388E1,1.188E1,-2.54E0));
#5428=DIRECTION('',(0.E0,8.655040394939E-1,5.009019441165E-1));
#5429=DIRECTION('',(0.E0,-5.009019441165E-1,8.655040394939E-1));
#5430=AXIS2_PLACEMENT_3D('',#5427,#5428,#5429);
#5431=PLANE('',#5430);
#5432=ORIENTED_EDGE('',*,*,#4258,.T.);
#5434=ORIENTED_EDGE('',*,*,#5433,.F.);
#5436=ORIENTED_EDGE('',*,*,#5435,.T.);
#5438=ORIENTED_EDGE('',*,*,#5437,.T.);
#5439=EDGE_LOOP('',(#5432,#5434,#5436,#5438));
#5440=FACE_OUTER_BOUND('',#5439,.F.);
#5441=ADVANCED_FACE('',(#5440),#5431,.T.);
#5442=CARTESIAN_POINT('',(1.18388E1,0.E0,0.E0));
#5443=DIRECTION('',(1.E0,0.E0,0.E0));
#5444=DIRECTION('',(0.E0,0.E0,-1.E0));
#5445=AXIS2_PLACEMENT_3D('',#5442,#5443,#5444);
#5446=PLANE('',#5445);
#5447=ORIENTED_EDGE('',*,*,#4189,.T.);
#5449=ORIENTED_EDGE('',*,*,#5448,.T.);
#5450=ORIENTED_EDGE('',*,*,#5433,.T.);
#5451=EDGE_LOOP('',(#5447,#5449,#5450));
#5452=FACE_OUTER_BOUND('',#5451,.F.);
#5453=ADVANCED_FACE('',(#5452),#5446,.F.);
#5454=CARTESIAN_POINT('',(1.18388E1,1.041E1,-2.54E0));
#5455=DIRECTION('',(0.E0,0.E0,-1.E0));
#5456=DIRECTION('',(0.E0,1.E0,0.E0));
#5457=AXIS2_PLACEMENT_3D('',#5454,#5455,#5456);
#5458=PLANE('',#5457);
#5459=ORIENTED_EDGE('',*,*,#4187,.F.);
#5461=ORIENTED_EDGE('',*,*,#5460,.T.);
#5462=ORIENTED_EDGE('',*,*,#5435,.F.);
#5463=ORIENTED_EDGE('',*,*,#5448,.F.);
#5464=EDGE_LOOP('',(#5459,#5461,#5462,#5463));
#5465=FACE_OUTER_BOUND('',#5464,.F.);
#5466=ADVANCED_FACE('',(#5465),#5458,.T.);
#5467=CARTESIAN_POINT('',(1.57988E1,0.E0,0.E0));
#5468=DIRECTION('',(1.E0,0.E0,0.E0));
#5469=DIRECTION('',(0.E0,0.E0,-1.E0));
#5470=AXIS2_PLACEMENT_3D('',#5467,#5468,#5469);
#5471=PLANE('',#5470);
#5472=ORIENTED_EDGE('',*,*,#4260,.F.);
#5473=ORIENTED_EDGE('',*,*,#5437,.F.);
#5474=ORIENTED_EDGE('',*,*,#5460,.F.);
#5475=ORIENTED_EDGE('',*,*,#4185,.F.);
#5477=ORIENTED_EDGE('',*,*,#5476,.F.);
#5479=ORIENTED_EDGE('',*,*,#5478,.F.);
#5481=ORIENTED_EDGE('',*,*,#5480,.F.);
#5483=ORIENTED_EDGE('',*,*,#5482,.F.);
#5485=ORIENTED_EDGE('',*,*,#5484,.F.);
#5487=ORIENTED_EDGE('',*,*,#5486,.F.);
#5489=ORIENTED_EDGE('',*,*,#5488,.F.);
#5490=EDGE_LOOP('',(#5472,#5473,#5474,#5475,#5477,#5479,#5481,#5483,#5485,#5487,
#5489));
#5491=FACE_OUTER_BOUND('',#5490,.F.);
#5492=ADVANCED_FACE('',(#5491),#5471,.T.);
#5493=CARTESIAN_POINT('',(-1.57988E1,9.14E0,-9.4E0));
#5494=DIRECTION('',(0.E0,0.E0,-1.E0));
#5495=DIRECTION('',(0.E0,1.E0,0.E0));
#5496=AXIS2_PLACEMENT_3D('',#5493,#5494,#5495);
#5497=PLANE('',#5496);
#5499=ORIENTED_EDGE('',*,*,#5498,.F.);
#5501=ORIENTED_EDGE('',*,*,#5500,.F.);
#5503=ORIENTED_EDGE('',*,*,#5502,.F.);
#5505=ORIENTED_EDGE('',*,*,#5504,.T.);
#5507=ORIENTED_EDGE('',*,*,#5506,.F.);
#5509=ORIENTED_EDGE('',*,*,#5508,.F.);
#5511=ORIENTED_EDGE('',*,*,#5510,.T.);
#5512=ORIENTED_EDGE('',*,*,#5476,.T.);
#5513=ORIENTED_EDGE('',*,*,#4183,.F.);
#5514=ORIENTED_EDGE('',*,*,#4156,.F.);
#5516=ORIENTED_EDGE('',*,*,#5515,.T.);
#5518=ORIENTED_EDGE('',*,*,#5517,.T.);
#5520=ORIENTED_EDGE('',*,*,#5519,.T.);
#5522=ORIENTED_EDGE('',*,*,#5521,.F.);
#5524=ORIENTED_EDGE('',*,*,#5523,.F.);
#5526=ORIENTED_EDGE('',*,*,#5525,.T.);
#5528=ORIENTED_EDGE('',*,*,#5527,.F.);
#5530=ORIENTED_EDGE('',*,*,#5529,.F.);
#5532=ORIENTED_EDGE('',*,*,#5531,.F.);
#5534=ORIENTED_EDGE('',*,*,#5533,.T.);
#5536=ORIENTED_EDGE('',*,*,#5535,.F.);
#5538=ORIENTED_EDGE('',*,*,#5537,.F.);
#5540=ORIENTED_EDGE('',*,*,#5539,.F.);
#5542=ORIENTED_EDGE('',*,*,#5541,.T.);
#5544=ORIENTED_EDGE('',*,*,#5543,.F.);
#5546=ORIENTED_EDGE('',*,*,#5545,.F.);
#5548=ORIENTED_EDGE('',*,*,#5547,.F.);
#5550=ORIENTED_EDGE('',*,*,#5549,.T.);
#5552=ORIENTED_EDGE('',*,*,#5551,.F.);
#5554=ORIENTED_EDGE('',*,*,#5553,.F.);
#5556=ORIENTED_EDGE('',*,*,#5555,.F.);
#5558=ORIENTED_EDGE('',*,*,#5557,.T.);
#5560=ORIENTED_EDGE('',*,*,#5559,.F.);
#5562=ORIENTED_EDGE('',*,*,#5561,.F.);
#5564=ORIENTED_EDGE('',*,*,#5563,.F.);
#5566=ORIENTED_EDGE('',*,*,#5565,.T.);
#5568=ORIENTED_EDGE('',*,*,#5567,.F.);
#5570=ORIENTED_EDGE('',*,*,#5569,.F.);
#5572=ORIENTED_EDGE('',*,*,#5571,.F.);
#5574=ORIENTED_EDGE('',*,*,#5573,.T.);
#5575=EDGE_LOOP('',(#5499,#5501,#5503,#5505,#5507,#5509,#5511,#5512,#5513,#5514,
#5516,#5518,#5520,#5522,#5524,#5526,#5528,#5530,#5532,#5534,#5536,#5538,#5540,
#5542,#5544,#5546,#5548,#5550,#5552,#5554,#5556,#5558,#5560,#5562,#5564,#5566,
#5568,#5570,#5572,#5574));
#5576=FACE_OUTER_BOUND('',#5575,.F.);
#5578=ORIENTED_EDGE('',*,*,#5577,.T.);
#5580=ORIENTED_EDGE('',*,*,#5579,.T.);
#5582=ORIENTED_EDGE('',*,*,#5581,.F.);
#5584=ORIENTED_EDGE('',*,*,#5583,.F.);
#5585=EDGE_LOOP('',(#5578,#5580,#5582,#5584));
#5586=FACE_BOUND('',#5585,.F.);
#5588=ORIENTED_EDGE('',*,*,#5587,.T.);
#5590=ORIENTED_EDGE('',*,*,#5589,.T.);
#5592=ORIENTED_EDGE('',*,*,#5591,.F.);
#5594=ORIENTED_EDGE('',*,*,#5593,.F.);
#5595=EDGE_LOOP('',(#5588,#5590,#5592,#5594));
#5596=FACE_BOUND('',#5595,.F.);
#5598=ORIENTED_EDGE('',*,*,#5597,.T.);
#5600=ORIENTED_EDGE('',*,*,#5599,.T.);
#5602=ORIENTED_EDGE('',*,*,#5601,.F.);
#5604=ORIENTED_EDGE('',*,*,#5603,.F.);
#5605=EDGE_LOOP('',(#5598,#5600,#5602,#5604));
#5606=FACE_BOUND('',#5605,.F.);
#5608=ORIENTED_EDGE('',*,*,#5607,.T.);
#5610=ORIENTED_EDGE('',*,*,#5609,.T.);
#5612=ORIENTED_EDGE('',*,*,#5611,.F.);
#5614=ORIENTED_EDGE('',*,*,#5613,.F.);
#5615=EDGE_LOOP('',(#5608,#5610,#5612,#5614));
#5616=FACE_BOUND('',#5615,.F.);
#5618=ORIENTED_EDGE('',*,*,#5617,.T.);
#5620=ORIENTED_EDGE('',*,*,#5619,.T.);
#5622=ORIENTED_EDGE('',*,*,#5621,.F.);
#5624=ORIENTED_EDGE('',*,*,#5623,.F.);
#5625=EDGE_LOOP('',(#5618,#5620,#5622,#5624));
#5626=FACE_BOUND('',#5625,.F.);
#5628=ORIENTED_EDGE('',*,*,#5627,.T.);
#5630=ORIENTED_EDGE('',*,*,#5629,.T.);
#5632=ORIENTED_EDGE('',*,*,#5631,.F.);
#5634=ORIENTED_EDGE('',*,*,#5633,.F.);
#5635=EDGE_LOOP('',(#5628,#5630,#5632,#5634));
#5636=FACE_BOUND('',#5635,.F.);
#5638=ORIENTED_EDGE('',*,*,#5637,.T.);
#5640=ORIENTED_EDGE('',*,*,#5639,.T.);
#5642=ORIENTED_EDGE('',*,*,#5641,.F.);
#5644=ORIENTED_EDGE('',*,*,#5643,.F.);
#5645=EDGE_LOOP('',(#5638,#5640,#5642,#5644));
#5646=FACE_BOUND('',#5645,.F.);
#5648=ORIENTED_EDGE('',*,*,#5647,.T.);
#5650=ORIENTED_EDGE('',*,*,#5649,.T.);
#5652=ORIENTED_EDGE('',*,*,#5651,.F.);
#5654=ORIENTED_EDGE('',*,*,#5653,.F.);
#5655=EDGE_LOOP('',(#5648,#5650,#5652,#5654));
#5656=FACE_BOUND('',#5655,.F.);
#5657=ADVANCED_FACE('',(#5576,#5586,#5596,#5606,#5616,#5626,#5636,#5646,#5656),
#5497,.T.);
#5658=CARTESIAN_POINT('',(1.50388E1,5.33E0,-9.4E0));
#5659=DIRECTION('',(0.E0,-1.E0,0.E0));
#5660=DIRECTION('',(0.E0,0.E0,-1.E0));
#5661=AXIS2_PLACEMENT_3D('',#5658,#5659,#5660);
#5662=PLANE('',#5661);
#5664=ORIENTED_EDGE('',*,*,#5663,.F.);
#5665=ORIENTED_EDGE('',*,*,#5527,.T.);
#5667=ORIENTED_EDGE('',*,*,#5666,.F.);
#5669=ORIENTED_EDGE('',*,*,#5668,.T.);
#5670=EDGE_LOOP('',(#5664,#5665,#5667,#5669));
#5671=FACE_OUTER_BOUND('',#5670,.F.);
#5672=ADVANCED_FACE('',(#5671),#5662,.F.);
#5673=CARTESIAN_POINT('',(1.50388E1,5.33E0,-9.4E0));
#5674=DIRECTION('',(0.E0,-1.E0,0.E0));
#5675=DIRECTION('',(0.E0,0.E0,-1.E0));
#5676=AXIS2_PLACEMENT_3D('',#5673,#5674,#5675);
#5677=PLANE('',#5676);
#5679=ORIENTED_EDGE('',*,*,#5678,.F.);
#5680=ORIENTED_EDGE('',*,*,#5535,.T.);
#5682=ORIENTED_EDGE('',*,*,#5681,.F.);
#5684=ORIENTED_EDGE('',*,*,#5683,.T.);
#5685=EDGE_LOOP('',(#5679,#5680,#5682,#5684));
#5686=FACE_OUTER_BOUND('',#5685,.F.);
#5687=ADVANCED_FACE('',(#5686),#5677,.F.);
#5688=CARTESIAN_POINT('',(1.50388E1,5.33E0,-9.4E0));
#5689=DIRECTION('',(0.E0,-1.E0,0.E0));
#5690=DIRECTION('',(0.E0,0.E0,-1.E0));
#5691=AXIS2_PLACEMENT_3D('',#5688,#5689,#5690);
#5692=PLANE('',#5691);
#5694=ORIENTED_EDGE('',*,*,#5693,.F.);
#5695=ORIENTED_EDGE('',*,*,#5543,.T.);
#5697=ORIENTED_EDGE('',*,*,#5696,.F.);
#5699=ORIENTED_EDGE('',*,*,#5698,.T.);
#5700=EDGE_LOOP('',(#5694,#5695,#5697,#5699));
#5701=FACE_OUTER_BOUND('',#5700,.F.);
#5702=ADVANCED_FACE('',(#5701),#5692,.F.);
#5703=CARTESIAN_POINT('',(1.50388E1,5.33E0,-9.4E0));
#5704=DIRECTION('',(0.E0,-1.E0,0.E0));
#5705=DIRECTION('',(0.E0,0.E0,-1.E0));
#5706=AXIS2_PLACEMENT_3D('',#5703,#5704,#5705);
#5707=PLANE('',#5706);
#5709=ORIENTED_EDGE('',*,*,#5708,.F.);
#5710=ORIENTED_EDGE('',*,*,#5551,.T.);
#5712=ORIENTED_EDGE('',*,*,#5711,.F.);
#5714=ORIENTED_EDGE('',*,*,#5713,.T.);
#5715=EDGE_LOOP('',(#5709,#5710,#5712,#5714));
#5716=FACE_OUTER_BOUND('',#5715,.F.);
#5717=ADVANCED_FACE('',(#5716),#5707,.F.);
#5718=CARTESIAN_POINT('',(1.50388E1,5.33E0,-9.4E0));
#5719=DIRECTION('',(0.E0,-1.E0,0.E0));
#5720=DIRECTION('',(0.E0,0.E0,-1.E0));
#5721=AXIS2_PLACEMENT_3D('',#5718,#5719,#5720);
#5722=PLANE('',#5721);
#5724=ORIENTED_EDGE('',*,*,#5723,.F.);
#5725=ORIENTED_EDGE('',*,*,#5559,.T.);
#5727=ORIENTED_EDGE('',*,*,#5726,.F.);
#5729=ORIENTED_EDGE('',*,*,#5728,.T.);
#5730=EDGE_LOOP('',(#5724,#5725,#5727,#5729));
#5731=FACE_OUTER_BOUND('',#5730,.F.);
#5732=ADVANCED_FACE('',(#5731),#5722,.F.);
#5733=CARTESIAN_POINT('',(1.50388E1,5.33E0,-9.4E0));
#5734=DIRECTION('',(0.E0,-1.E0,0.E0));
#5735=DIRECTION('',(0.E0,0.E0,-1.E0));
#5736=AXIS2_PLACEMENT_3D('',#5733,#5734,#5735);
#5737=PLANE('',#5736);
#5739=ORIENTED_EDGE('',*,*,#5738,.F.);
#5740=ORIENTED_EDGE('',*,*,#5567,.T.);
#5742=ORIENTED_EDGE('',*,*,#5741,.F.);
#5744=ORIENTED_EDGE('',*,*,#5743,.T.);
#5745=EDGE_LOOP('',(#5739,#5740,#5742,#5744));
#5746=FACE_OUTER_BOUND('',#5745,.F.);
#5747=ADVANCED_FACE('',(#5746),#5737,.F.);
#5748=CARTESIAN_POINT('',(1.50388E1,5.33E0,-9.4E0));
#5749=DIRECTION('',(0.E0,-1.E0,0.E0));
#5750=DIRECTION('',(0.E0,0.E0,-1.E0));
#5751=AXIS2_PLACEMENT_3D('',#5748,#5749,#5750);
#5752=PLANE('',#5751);
#5754=ORIENTED_EDGE('',*,*,#5753,.F.);
#5756=ORIENTED_EDGE('',*,*,#5755,.T.);
#5758=ORIENTED_EDGE('',*,*,#5757,.F.);
#5759=ORIENTED_EDGE('',*,*,#5506,.T.);
#5760=EDGE_LOOP('',(#5754,#5756,#5758,#5759));
#5761=FACE_OUTER_BOUND('',#5760,.F.);
#5762=ADVANCED_FACE('',(#5761),#5752,.F.);
#5763=CARTESIAN_POINT('',(1.50388E1,5.33E0,-9.4E0));
#5764=DIRECTION('',(0.E0,-1.E0,0.E0));
#5765=DIRECTION('',(0.E0,0.E0,-1.E0));
#5766=AXIS2_PLACEMENT_3D('',#5763,#5764,#5765);
#5767=PLANE('',#5766);
#5769=ORIENTED_EDGE('',*,*,#5768,.F.);
#5770=ORIENTED_EDGE('',*,*,#5498,.T.);
#5772=ORIENTED_EDGE('',*,*,#5771,.F.);
#5774=ORIENTED_EDGE('',*,*,#5773,.T.);
#5775=EDGE_LOOP('',(#5769,#5770,#5772,#5774));
#5776=FACE_OUTER_BOUND('',#5775,.F.);
#5777=ADVANCED_FACE('',(#5776),#5767,.F.);
#5778=CARTESIAN_POINT('',(-1.11934E1,4.06E0,-9.4E0));
#5779=DIRECTION('',(-1.E0,0.E0,0.E0));
#5780=DIRECTION('',(0.E0,0.E0,-1.E0));
#5781=AXIS2_PLACEMENT_3D('',#5778,#5779,#5780);
#5782=PLANE('',#5781);
#5784=ORIENTED_EDGE('',*,*,#5783,.F.);
#5785=ORIENTED_EDGE('',*,*,#5529,.T.);
#5786=ORIENTED_EDGE('',*,*,#5663,.T.);
#5788=ORIENTED_EDGE('',*,*,#5787,.F.);
#5789=EDGE_LOOP('',(#5784,#5785,#5786,#5788));
#5790=FACE_OUTER_BOUND('',#5789,.F.);
#5791=ADVANCED_FACE('',(#5790),#5782,.F.);
#5792=CARTESIAN_POINT('',(-1.57988E1,4.06E0,-2.03E0));
#5793=DIRECTION('',(0.E0,-1.E0,0.E0));
#5794=DIRECTION('',(0.E0,0.E0,-1.E0));
#5795=AXIS2_PLACEMENT_3D('',#5792,#5793,#5794);
#5796=PLANE('',#5795);
#5798=ORIENTED_EDGE('',*,*,#5797,.F.);
#5800=ORIENTED_EDGE('',*,*,#5799,.T.);
#5802=ORIENTED_EDGE('',*,*,#5801,.T.);
#5804=ORIENTED_EDGE('',*,*,#5803,.F.);
#5805=ORIENTED_EDGE('',*,*,#4330,.T.);
#5807=ORIENTED_EDGE('',*,*,#5806,.T.);
#5809=ORIENTED_EDGE('',*,*,#5808,.T.);
#5811=ORIENTED_EDGE('',*,*,#5810,.F.);
#5812=ORIENTED_EDGE('',*,*,#4322,.T.);
#5814=ORIENTED_EDGE('',*,*,#5813,.T.);
#5816=ORIENTED_EDGE('',*,*,#5815,.T.);
#5818=ORIENTED_EDGE('',*,*,#5817,.F.);
#5819=ORIENTED_EDGE('',*,*,#4314,.T.);
#5821=ORIENTED_EDGE('',*,*,#5820,.T.);
#5823=ORIENTED_EDGE('',*,*,#5822,.T.);
#5825=ORIENTED_EDGE('',*,*,#5824,.F.);
#5826=ORIENTED_EDGE('',*,*,#4306,.T.);
#5828=ORIENTED_EDGE('',*,*,#5827,.T.);
#5830=ORIENTED_EDGE('',*,*,#5829,.T.);
#5832=ORIENTED_EDGE('',*,*,#5831,.F.);
#5833=ORIENTED_EDGE('',*,*,#4298,.T.);
#5835=ORIENTED_EDGE('',*,*,#5834,.T.);
#5837=ORIENTED_EDGE('',*,*,#5836,.T.);
#5839=ORIENTED_EDGE('',*,*,#5838,.F.);
#5840=ORIENTED_EDGE('',*,*,#4290,.T.);
#5842=ORIENTED_EDGE('',*,*,#5841,.T.);
#5844=ORIENTED_EDGE('',*,*,#5843,.T.);
#5846=ORIENTED_EDGE('',*,*,#5845,.F.);
#5847=ORIENTED_EDGE('',*,*,#4282,.T.);
#5849=ORIENTED_EDGE('',*,*,#5848,.T.);
#5851=ORIENTED_EDGE('',*,*,#5850,.T.);
#5853=ORIENTED_EDGE('',*,*,#5852,.F.);
#5854=ORIENTED_EDGE('',*,*,#4274,.T.);
#5856=ORIENTED_EDGE('',*,*,#5855,.T.);
#5858=ORIENTED_EDGE('',*,*,#5857,.T.);
#5860=ORIENTED_EDGE('',*,*,#5859,.F.);
#5862=ORIENTED_EDGE('',*,*,#5861,.F.);
#5863=ORIENTED_EDGE('',*,*,#5482,.T.);
#5865=ORIENTED_EDGE('',*,*,#5864,.F.);
#5867=ORIENTED_EDGE('',*,*,#5866,.T.);
#5868=ORIENTED_EDGE('',*,*,#5502,.T.);
#5870=ORIENTED_EDGE('',*,*,#5869,.T.);
#5872=ORIENTED_EDGE('',*,*,#5871,.F.);
#5874=ORIENTED_EDGE('',*,*,#5873,.T.);
#5875=ORIENTED_EDGE('',*,*,#5571,.T.);
#5877=ORIENTED_EDGE('',*,*,#5876,.T.);
#5879=ORIENTED_EDGE('',*,*,#5878,.F.);
#5881=ORIENTED_EDGE('',*,*,#5880,.T.);
#5882=ORIENTED_EDGE('',*,*,#5563,.T.);
#5884=ORIENTED_EDGE('',*,*,#5883,.T.);
#5886=ORIENTED_EDGE('',*,*,#5885,.F.);
#5888=ORIENTED_EDGE('',*,*,#5887,.T.);
#5889=ORIENTED_EDGE('',*,*,#5555,.T.);
#5891=ORIENTED_EDGE('',*,*,#5890,.T.);
#5893=ORIENTED_EDGE('',*,*,#5892,.F.);
#5895=ORIENTED_EDGE('',*,*,#5894,.T.);
#5896=ORIENTED_EDGE('',*,*,#5547,.T.);
#5898=ORIENTED_EDGE('',*,*,#5897,.T.);
#5900=ORIENTED_EDGE('',*,*,#5899,.F.);
#5902=ORIENTED_EDGE('',*,*,#5901,.T.);
#5903=ORIENTED_EDGE('',*,*,#5539,.T.);
#5905=ORIENTED_EDGE('',*,*,#5904,.T.);
#5907=ORIENTED_EDGE('',*,*,#5906,.F.);
#5909=ORIENTED_EDGE('',*,*,#5908,.T.);
#5910=ORIENTED_EDGE('',*,*,#5531,.T.);
#5911=ORIENTED_EDGE('',*,*,#5783,.T.);
#5913=ORIENTED_EDGE('',*,*,#5912,.F.);
#5915=ORIENTED_EDGE('',*,*,#5914,.T.);
#5916=ORIENTED_EDGE('',*,*,#5523,.T.);
#5918=ORIENTED_EDGE('',*,*,#5917,.T.);
#5920=ORIENTED_EDGE('',*,*,#5919,.F.);
#5921=ORIENTED_EDGE('',*,*,#4150,.F.);
#5922=EDGE_LOOP('',(#5798,#5800,#5802,#5804,#5805,#5807,#5809,#5811,#5812,#5814,
#5816,#5818,#5819,#5821,#5823,#5825,#5826,#5828,#5830,#5832,#5833,#5835,#5837,
#5839,#5840,#5842,#5844,#5846,#5847,#5849,#5851,#5853,#5854,#5856,#5858,#5860,
#5862,#5863,#5865,#5867,#5868,#5870,#5872,#5874,#5875,#5877,#5879,#5881,#5882,
#5884,#5886,#5888,#5889,#5891,#5893,#5895,#5896,#5898,#5900,#5902,#5903,#5905,
#5907,#5909,#5910,#5911,#5913,#5915,#5916,#5918,#5920,#5921));
#5923=FACE_OUTER_BOUND('',#5922,.F.);
#5925=ORIENTED_EDGE('',*,*,#5924,.T.);
#5927=ORIENTED_EDGE('',*,*,#5926,.T.);
#5929=ORIENTED_EDGE('',*,*,#5928,.F.);
#5931=ORIENTED_EDGE('',*,*,#5930,.T.);
#5932=EDGE_LOOP('',(#5925,#5927,#5929,#5931));
#5933=FACE_BOUND('',#5932,.F.);
#5935=ORIENTED_EDGE('',*,*,#5934,.T.);
#5937=ORIENTED_EDGE('',*,*,#5936,.T.);
#5939=ORIENTED_EDGE('',*,*,#5938,.T.);
#5941=ORIENTED_EDGE('',*,*,#5940,.T.);
#5942=EDGE_LOOP('',(#5935,#5937,#5939,#5941));
#5943=FACE_BOUND('',#5942,.F.);
#5945=ORIENTED_EDGE('',*,*,#5944,.T.);
#5947=ORIENTED_EDGE('',*,*,#5946,.T.);
#5949=ORIENTED_EDGE('',*,*,#5948,.T.);
#5951=ORIENTED_EDGE('',*,*,#5950,.T.);
#5952=EDGE_LOOP('',(#5945,#5947,#5949,#5951));
#5953=FACE_BOUND('',#5952,.F.);
#5955=ORIENTED_EDGE('',*,*,#5954,.T.);
#5957=ORIENTED_EDGE('',*,*,#5956,.T.);
#5959=ORIENTED_EDGE('',*,*,#5958,.T.);
#5961=ORIENTED_EDGE('',*,*,#5960,.T.);
#5962=EDGE_LOOP('',(#5955,#5957,#5959,#5961));
#5963=FACE_BOUND('',#5962,.F.);
#5965=ORIENTED_EDGE('',*,*,#5964,.T.);
#5967=ORIENTED_EDGE('',*,*,#5966,.T.);
#5969=ORIENTED_EDGE('',*,*,#5968,.T.);
#5971=ORIENTED_EDGE('',*,*,#5970,.T.);
#5972=EDGE_LOOP('',(#5965,#5967,#5969,#5971));
#5973=FACE_BOUND('',#5972,.F.);
#5975=ORIENTED_EDGE('',*,*,#5974,.T.);
#5977=ORIENTED_EDGE('',*,*,#5976,.T.);
#5979=ORIENTED_EDGE('',*,*,#5978,.T.);
#5981=ORIENTED_EDGE('',*,*,#5980,.T.);
#5982=EDGE_LOOP('',(#5975,#5977,#5979,#5981));
#5983=FACE_BOUND('',#5982,.F.);
#5985=ORIENTED_EDGE('',*,*,#5984,.T.);
#5987=ORIENTED_EDGE('',*,*,#5986,.T.);
#5989=ORIENTED_EDGE('',*,*,#5988,.T.);
#5991=ORIENTED_EDGE('',*,*,#5990,.T.);
#5992=EDGE_LOOP('',(#5985,#5987,#5989,#5991));
#5993=FACE_BOUND('',#5992,.F.);
#5995=ORIENTED_EDGE('',*,*,#5994,.T.);
#5997=ORIENTED_EDGE('',*,*,#5996,.T.);
#5999=ORIENTED_EDGE('',*,*,#5998,.T.);
#6001=ORIENTED_EDGE('',*,*,#6000,.T.);
#6002=EDGE_LOOP('',(#5995,#5997,#5999,#6001));
#6003=FACE_BOUND('',#6002,.F.);
#6004=ADVANCED_FACE('',(#5923,#5933,#5943,#5953,#5963,#5973,#5983,#5993,#6003),
#5796,.T.);
#6005=CARTESIAN_POINT('',(-1.57988E1,4.06E0,-2.03E0));
#6006=DIRECTION('',(0.E0,-1.E0,0.E0));
#6007=DIRECTION('',(0.E0,0.E0,-1.E0));
#6008=AXIS2_PLACEMENT_3D('',#6005,#6006,#6007);
#6009=PLANE('',#6008);
#6011=ORIENTED_EDGE('',*,*,#6010,.F.);
#6013=ORIENTED_EDGE('',*,*,#6012,.F.);
#6014=ORIENTED_EDGE('',*,*,#4338,.T.);
#6016=ORIENTED_EDGE('',*,*,#6015,.T.);
#6017=EDGE_LOOP('',(#6011,#6013,#6014,#6016));
#6018=FACE_OUTER_BOUND('',#6017,.F.);
#6019=ADVANCED_FACE('',(#6018),#6009,.T.);
#6020=CARTESIAN_POINT('',(-1.57988E1,4.06E0,-2.03E0));
#6021=DIRECTION('',(0.E0,-1.E0,0.E0));
#6022=DIRECTION('',(0.E0,0.E0,-1.E0));
#6023=AXIS2_PLACEMENT_3D('',#6020,#6021,#6022);
#6024=PLANE('',#6023);
#6026=ORIENTED_EDGE('',*,*,#6025,.F.);
#6028=ORIENTED_EDGE('',*,*,#6027,.F.);
#6029=ORIENTED_EDGE('',*,*,#4266,.T.);
#6031=ORIENTED_EDGE('',*,*,#6030,.T.);
#6032=EDGE_LOOP('',(#6026,#6028,#6029,#6031));
#6033=FACE_OUTER_BOUND('',#6032,.F.);
#6034=ADVANCED_FACE('',(#6033),#6024,.T.);
#6035=CARTESIAN_POINT('',(-1.44284E1,4.06E0,-4.69E0));
#6036=DIRECTION('',(-1.E0,0.E0,0.E0));
#6037=DIRECTION('',(0.E0,0.E0,-1.E0));
#6038=AXIS2_PLACEMENT_3D('',#6035,#6036,#6037);
#6039=PLANE('',#6038);
#6040=ORIENTED_EDGE('',*,*,#5924,.F.);
#6042=ORIENTED_EDGE('',*,*,#6041,.T.);
#6044=ORIENTED_EDGE('',*,*,#6043,.T.);
#6046=ORIENTED_EDGE('',*,*,#6045,.F.);
#6047=EDGE_LOOP('',(#6040,#6042,#6044,#6046));
#6048=FACE_OUTER_BOUND('',#6047,.F.);
#6049=ADVANCED_FACE('',(#6048),#6039,.F.);
#6050=CARTESIAN_POINT('',(-1.33084E1,4.06E0,-4.69E0));
#6051=DIRECTION('',(0.E0,0.E0,1.E0));
#6052=DIRECTION('',(-1.E0,0.E0,0.E0));
#6053=AXIS2_PLACEMENT_3D('',#6050,#6051,#6052);
#6054=PLANE('',#6053);
#6055=ORIENTED_EDGE('',*,*,#5930,.F.);
#6057=ORIENTED_EDGE('',*,*,#6056,.T.);
#6059=ORIENTED_EDGE('',*,*,#6058,.T.);
#6060=ORIENTED_EDGE('',*,*,#6041,.F.);
#6061=EDGE_LOOP('',(#6055,#6057,#6059,#6060));
#6062=FACE_OUTER_BOUND('',#6061,.F.);
#6063=ADVANCED_FACE('',(#6062),#6054,.F.);
#6064=CARTESIAN_POINT('',(-1.33084E1,4.06E0,-7.87E0));
#6065=DIRECTION('',(1.E0,0.E0,0.E0));
#6066=DIRECTION('',(0.E0,0.E0,1.E0));
#6067=AXIS2_PLACEMENT_3D('',#6064,#6065,#6066);
#6068=PLANE('',#6067);
#6069=ORIENTED_EDGE('',*,*,#5928,.T.);
#6071=ORIENTED_EDGE('',*,*,#6070,.T.);
#6073=ORIENTED_EDGE('',*,*,#6072,.T.);
#6074=ORIENTED_EDGE('',*,*,#6056,.F.);
#6075=EDGE_LOOP('',(#6069,#6071,#6073,#6074));
#6076=FACE_OUTER_BOUND('',#6075,.F.);
#6077=ADVANCED_FACE('',(#6076),#6068,.F.);
#6078=CARTESIAN_POINT('',(-1.44284E1,4.06E0,-7.87E0));
#6079=DIRECTION('',(0.E0,0.E0,-1.E0));
#6080=DIRECTION('',(1.E0,0.E0,0.E0));
#6081=AXIS2_PLACEMENT_3D('',#6078,#6079,#6080);
#6082=PLANE('',#6081);
#6083=ORIENTED_EDGE('',*,*,#5926,.F.);
#6084=ORIENTED_EDGE('',*,*,#6045,.T.);
#6086=ORIENTED_EDGE('',*,*,#6085,.T.);
#6087=ORIENTED_EDGE('',*,*,#6070,.F.);
#6088=EDGE_LOOP('',(#6083,#6084,#6086,#6087));
#6089=FACE_OUTER_BOUND('',#6088,.F.);
#6090=ADVANCED_FACE('',(#6089),#6082,.F.);
#6091=CARTESIAN_POINT('',(-1.57988E1,4.568E0,-2.03E0));
#6092=DIRECTION('',(0.E0,-1.E0,0.E0));
#6093=DIRECTION('',(1.E0,0.E0,0.E0));
#6094=AXIS2_PLACEMENT_3D('',#6091,#6092,#6093);
#6095=PLANE('',#6094);
#6096=ORIENTED_EDGE('',*,*,#6043,.F.);
#6097=ORIENTED_EDGE('',*,*,#6058,.F.);
#6098=ORIENTED_EDGE('',*,*,#6072,.F.);
#6099=ORIENTED_EDGE('',*,*,#6085,.F.);
#6100=EDGE_LOOP('',(#6096,#6097,#6098,#6099));
#6101=FACE_OUTER_BOUND('',#6100,.F.);
#6102=ADVANCED_FACE('',(#6101),#6095,.T.);
#6103=CARTESIAN_POINT('',(-1.04684E1,4.06E0,-4.69E0));
#6104=DIRECTION('',(-1.E0,0.E0,0.E0));
#6105=DIRECTION('',(0.E0,0.E0,-1.E0));
#6106=AXIS2_PLACEMENT_3D('',#6103,#6104,#6105);
#6107=PLANE('',#6106);
#6108=ORIENTED_EDGE('',*,*,#5934,.F.);
#6110=ORIENTED_EDGE('',*,*,#6109,.T.);
#6112=ORIENTED_EDGE('',*,*,#6111,.T.);
#6114=ORIENTED_EDGE('',*,*,#6113,.F.);
#6115=EDGE_LOOP('',(#6108,#6110,#6112,#6114));
#6116=FACE_OUTER_BOUND('',#6115,.F.);
#6117=ADVANCED_FACE('',(#6116),#6107,.F.);
#6118=CARTESIAN_POINT('',(-9.3484E0,4.06E0,-4.69E0));
#6119=DIRECTION('',(0.E0,0.E0,1.E0));
#6120=DIRECTION('',(-1.E0,0.E0,0.E0));
#6121=AXIS2_PLACEMENT_3D('',#6118,#6119,#6120);
#6122=PLANE('',#6121);
#6123=ORIENTED_EDGE('',*,*,#5940,.F.);
#6125=ORIENTED_EDGE('',*,*,#6124,.T.);
#6127=ORIENTED_EDGE('',*,*,#6126,.T.);
#6128=ORIENTED_EDGE('',*,*,#6109,.F.);
#6129=EDGE_LOOP('',(#6123,#6125,#6127,#6128));
#6130=FACE_OUTER_BOUND('',#6129,.F.);
#6131=ADVANCED_FACE('',(#6130),#6122,.F.);
#6132=CARTESIAN_POINT('',(-9.3484E0,4.06E0,-7.87E0));
#6133=DIRECTION('',(1.E0,0.E0,0.E0));
#6134=DIRECTION('',(0.E0,0.E0,1.E0));
#6135=AXIS2_PLACEMENT_3D('',#6132,#6133,#6134);
#6136=PLANE('',#6135);
#6137=ORIENTED_EDGE('',*,*,#5938,.F.);
#6139=ORIENTED_EDGE('',*,*,#6138,.T.);
#6141=ORIENTED_EDGE('',*,*,#6140,.T.);
#6142=ORIENTED_EDGE('',*,*,#6124,.F.);
#6143=EDGE_LOOP('',(#6137,#6139,#6141,#6142));
#6144=FACE_OUTER_BOUND('',#6143,.F.);
#6145=ADVANCED_FACE('',(#6144),#6136,.F.);
#6146=CARTESIAN_POINT('',(-1.04684E1,4.06E0,-7.87E0));
#6147=DIRECTION('',(0.E0,0.E0,-1.E0));
#6148=DIRECTION('',(1.E0,0.E0,0.E0));
#6149=AXIS2_PLACEMENT_3D('',#6146,#6147,#6148);
#6150=PLANE('',#6149);
#6151=ORIENTED_EDGE('',*,*,#5936,.F.);
#6152=ORIENTED_EDGE('',*,*,#6113,.T.);
#6154=ORIENTED_EDGE('',*,*,#6153,.T.);
#6155=ORIENTED_EDGE('',*,*,#6138,.F.);
#6156=EDGE_LOOP('',(#6151,#6152,#6154,#6155));
#6157=FACE_OUTER_BOUND('',#6156,.F.);
#6158=ADVANCED_FACE('',(#6157),#6150,.F.);
#6159=CARTESIAN_POINT('',(-1.57988E1,4.568E0,-2.03E0));
#6160=DIRECTION('',(0.E0,-1.E0,0.E0));
#6161=DIRECTION('',(1.E0,0.E0,0.E0));
#6162=AXIS2_PLACEMENT_3D('',#6159,#6160,#6161);
#6163=PLANE('',#6162);
#6164=ORIENTED_EDGE('',*,*,#6111,.F.);
#6165=ORIENTED_EDGE('',*,*,#6126,.F.);
#6166=ORIENTED_EDGE('',*,*,#6140,.F.);
#6167=ORIENTED_EDGE('',*,*,#6153,.F.);
#6168=EDGE_LOOP('',(#6164,#6165,#6166,#6167));
#6169=FACE_OUTER_BOUND('',#6168,.F.);
#6170=ADVANCED_FACE('',(#6169),#6163,.T.);
#6171=CARTESIAN_POINT('',(-6.5084E0,4.06E0,-4.69E0));
#6172=DIRECTION('',(-1.E0,0.E0,0.E0));
#6173=DIRECTION('',(0.E0,0.E0,-1.E0));
#6174=AXIS2_PLACEMENT_3D('',#6171,#6172,#6173);
#6175=PLANE('',#6174);
#6176=ORIENTED_EDGE('',*,*,#5944,.F.);
#6178=ORIENTED_EDGE('',*,*,#6177,.T.);
#6180=ORIENTED_EDGE('',*,*,#6179,.T.);
#6182=ORIENTED_EDGE('',*,*,#6181,.F.);
#6183=EDGE_LOOP('',(#6176,#6178,#6180,#6182));
#6184=FACE_OUTER_BOUND('',#6183,.F.);
#6185=ADVANCED_FACE('',(#6184),#6175,.F.);
#6186=CARTESIAN_POINT('',(-5.3884E0,4.06E0,-4.69E0));
#6187=DIRECTION('',(0.E0,0.E0,1.E0));
#6188=DIRECTION('',(-1.E0,0.E0,0.E0));
#6189=AXIS2_PLACEMENT_3D('',#6186,#6187,#6188);
#6190=PLANE('',#6189);
#6191=ORIENTED_EDGE('',*,*,#5950,.F.);
#6193=ORIENTED_EDGE('',*,*,#6192,.T.);
#6195=ORIENTED_EDGE('',*,*,#6194,.T.);
#6196=ORIENTED_EDGE('',*,*,#6177,.F.);
#6197=EDGE_LOOP('',(#6191,#6193,#6195,#6196));
#6198=FACE_OUTER_BOUND('',#6197,.F.);
#6199=ADVANCED_FACE('',(#6198),#6190,.F.);
#6200=CARTESIAN_POINT('',(-5.3884E0,4.06E0,-7.87E0));
#6201=DIRECTION('',(1.E0,0.E0,0.E0));
#6202=DIRECTION('',(0.E0,0.E0,1.E0));
#6203=AXIS2_PLACEMENT_3D('',#6200,#6201,#6202);
#6204=PLANE('',#6203);
#6205=ORIENTED_EDGE('',*,*,#5948,.F.);
#6207=ORIENTED_EDGE('',*,*,#6206,.T.);
#6209=ORIENTED_EDGE('',*,*,#6208,.T.);
#6210=ORIENTED_EDGE('',*,*,#6192,.F.);
#6211=EDGE_LOOP('',(#6205,#6207,#6209,#6210));
#6212=FACE_OUTER_BOUND('',#6211,.F.);
#6213=ADVANCED_FACE('',(#6212),#6204,.F.);
#6214=CARTESIAN_POINT('',(-6.5084E0,4.06E0,-7.87E0));
#6215=DIRECTION('',(0.E0,0.E0,-1.E0));
#6216=DIRECTION('',(1.E0,0.E0,0.E0));
#6217=AXIS2_PLACEMENT_3D('',#6214,#6215,#6216);
#6218=PLANE('',#6217);
#6219=ORIENTED_EDGE('',*,*,#5946,.F.);
#6220=ORIENTED_EDGE('',*,*,#6181,.T.);
#6222=ORIENTED_EDGE('',*,*,#6221,.T.);
#6223=ORIENTED_EDGE('',*,*,#6206,.F.);
#6224=EDGE_LOOP('',(#6219,#6220,#6222,#6223));
#6225=FACE_OUTER_BOUND('',#6224,.F.);
#6226=ADVANCED_FACE('',(#6225),#6218,.F.);
#6227=CARTESIAN_POINT('',(-1.57988E1,4.568E0,-2.03E0));
#6228=DIRECTION('',(0.E0,-1.E0,0.E0));
#6229=DIRECTION('',(1.E0,0.E0,0.E0));
#6230=AXIS2_PLACEMENT_3D('',#6227,#6228,#6229);
#6231=PLANE('',#6230);
#6232=ORIENTED_EDGE('',*,*,#6179,.F.);
#6233=ORIENTED_EDGE('',*,*,#6194,.F.);
#6234=ORIENTED_EDGE('',*,*,#6208,.F.);
#6235=ORIENTED_EDGE('',*,*,#6221,.F.);
#6236=EDGE_LOOP('',(#6232,#6233,#6234,#6235));
#6237=FACE_OUTER_BOUND('',#6236,.F.);
#6238=ADVANCED_FACE('',(#6237),#6231,.T.);
#6239=CARTESIAN_POINT('',(-2.5484E0,4.06E0,-4.69E0));
#6240=DIRECTION('',(-1.E0,0.E0,0.E0));
#6241=DIRECTION('',(0.E0,0.E0,-1.E0));
#6242=AXIS2_PLACEMENT_3D('',#6239,#6240,#6241);
#6243=PLANE('',#6242);
#6244=ORIENTED_EDGE('',*,*,#5954,.F.);
#6246=ORIENTED_EDGE('',*,*,#6245,.T.);
#6248=ORIENTED_EDGE('',*,*,#6247,.T.);
#6250=ORIENTED_EDGE('',*,*,#6249,.F.);
#6251=EDGE_LOOP('',(#6244,#6246,#6248,#6250));
#6252=FACE_OUTER_BOUND('',#6251,.F.);
#6253=ADVANCED_FACE('',(#6252),#6243,.F.);
#6254=CARTESIAN_POINT('',(-1.4284E0,4.06E0,-4.69E0));
#6255=DIRECTION('',(0.E0,0.E0,1.E0));
#6256=DIRECTION('',(-1.E0,0.E0,0.E0));
#6257=AXIS2_PLACEMENT_3D('',#6254,#6255,#6256);
#6258=PLANE('',#6257);
#6259=ORIENTED_EDGE('',*,*,#5960,.F.);
#6261=ORIENTED_EDGE('',*,*,#6260,.T.);
#6263=ORIENTED_EDGE('',*,*,#6262,.T.);
#6264=ORIENTED_EDGE('',*,*,#6245,.F.);
#6265=EDGE_LOOP('',(#6259,#6261,#6263,#6264));
#6266=FACE_OUTER_BOUND('',#6265,.F.);
#6267=ADVANCED_FACE('',(#6266),#6258,.F.);
#6268=CARTESIAN_POINT('',(-1.4284E0,4.06E0,-7.87E0));
#6269=DIRECTION('',(1.E0,0.E0,0.E0));
#6270=DIRECTION('',(0.E0,0.E0,1.E0));
#6271=AXIS2_PLACEMENT_3D('',#6268,#6269,#6270);
#6272=PLANE('',#6271);
#6273=ORIENTED_EDGE('',*,*,#5958,.F.);
#6275=ORIENTED_EDGE('',*,*,#6274,.T.);
#6277=ORIENTED_EDGE('',*,*,#6276,.T.);
#6278=ORIENTED_EDGE('',*,*,#6260,.F.);
#6279=EDGE_LOOP('',(#6273,#6275,#6277,#6278));
#6280=FACE_OUTER_BOUND('',#6279,.F.);
#6281=ADVANCED_FACE('',(#6280),#6272,.F.);
#6282=CARTESIAN_POINT('',(-2.5484E0,4.06E0,-7.87E0));
#6283=DIRECTION('',(0.E0,0.E0,-1.E0));
#6284=DIRECTION('',(1.E0,0.E0,0.E0));
#6285=AXIS2_PLACEMENT_3D('',#6282,#6283,#6284);
#6286=PLANE('',#6285);
#6287=ORIENTED_EDGE('',*,*,#5956,.F.);
#6288=ORIENTED_EDGE('',*,*,#6249,.T.);
#6290=ORIENTED_EDGE('',*,*,#6289,.T.);
#6291=ORIENTED_EDGE('',*,*,#6274,.F.);
#6292=EDGE_LOOP('',(#6287,#6288,#6290,#6291));
#6293=FACE_OUTER_BOUND('',#6292,.F.);
#6294=ADVANCED_FACE('',(#6293),#6286,.F.);
#6295=CARTESIAN_POINT('',(-1.57988E1,4.568E0,-2.03E0));
#6296=DIRECTION('',(0.E0,-1.E0,0.E0));
#6297=DIRECTION('',(1.E0,0.E0,0.E0));
#6298=AXIS2_PLACEMENT_3D('',#6295,#6296,#6297);
#6299=PLANE('',#6298);
#6300=ORIENTED_EDGE('',*,*,#6247,.F.);
#6301=ORIENTED_EDGE('',*,*,#6262,.F.);
#6302=ORIENTED_EDGE('',*,*,#6276,.F.);
#6303=ORIENTED_EDGE('',*,*,#6289,.F.);
#6304=EDGE_LOOP('',(#6300,#6301,#6302,#6303));
#6305=FACE_OUTER_BOUND('',#6304,.F.);
#6306=ADVANCED_FACE('',(#6305),#6299,.T.);
#6307=CARTESIAN_POINT('',(1.4116E0,4.06E0,-4.69E0));
#6308=DIRECTION('',(-1.E0,0.E0,0.E0));
#6309=DIRECTION('',(0.E0,0.E0,-1.E0));
#6310=AXIS2_PLACEMENT_3D('',#6307,#6308,#6309);
#6311=PLANE('',#6310);
#6312=ORIENTED_EDGE('',*,*,#5964,.F.);
#6314=ORIENTED_EDGE('',*,*,#6313,.T.);
#6316=ORIENTED_EDGE('',*,*,#6315,.T.);
#6318=ORIENTED_EDGE('',*,*,#6317,.F.);
#6319=EDGE_LOOP('',(#6312,#6314,#6316,#6318));
#6320=FACE_OUTER_BOUND('',#6319,.F.);
#6321=ADVANCED_FACE('',(#6320),#6311,.F.);
#6322=CARTESIAN_POINT('',(2.5316E0,4.06E0,-4.69E0));
#6323=DIRECTION('',(0.E0,0.E0,1.E0));
#6324=DIRECTION('',(-1.E0,0.E0,0.E0));
#6325=AXIS2_PLACEMENT_3D('',#6322,#6323,#6324);
#6326=PLANE('',#6325);
#6327=ORIENTED_EDGE('',*,*,#5970,.F.);
#6329=ORIENTED_EDGE('',*,*,#6328,.T.);
#6331=ORIENTED_EDGE('',*,*,#6330,.T.);
#6332=ORIENTED_EDGE('',*,*,#6313,.F.);
#6333=EDGE_LOOP('',(#6327,#6329,#6331,#6332));
#6334=FACE_OUTER_BOUND('',#6333,.F.);
#6335=ADVANCED_FACE('',(#6334),#6326,.F.);
#6336=CARTESIAN_POINT('',(2.5316E0,4.06E0,-7.87E0));
#6337=DIRECTION('',(1.E0,0.E0,0.E0));
#6338=DIRECTION('',(0.E0,0.E0,1.E0));
#6339=AXIS2_PLACEMENT_3D('',#6336,#6337,#6338);
#6340=PLANE('',#6339);
#6341=ORIENTED_EDGE('',*,*,#5968,.F.);
#6343=ORIENTED_EDGE('',*,*,#6342,.T.);
#6345=ORIENTED_EDGE('',*,*,#6344,.T.);
#6346=ORIENTED_EDGE('',*,*,#6328,.F.);
#6347=EDGE_LOOP('',(#6341,#6343,#6345,#6346));
#6348=FACE_OUTER_BOUND('',#6347,.F.);
#6349=ADVANCED_FACE('',(#6348),#6340,.F.);
#6350=CARTESIAN_POINT('',(1.4116E0,4.06E0,-7.87E0));
#6351=DIRECTION('',(0.E0,0.E0,-1.E0));
#6352=DIRECTION('',(1.E0,0.E0,0.E0));
#6353=AXIS2_PLACEMENT_3D('',#6350,#6351,#6352);
#6354=PLANE('',#6353);
#6355=ORIENTED_EDGE('',*,*,#5966,.F.);
#6356=ORIENTED_EDGE('',*,*,#6317,.T.);
#6358=ORIENTED_EDGE('',*,*,#6357,.T.);
#6359=ORIENTED_EDGE('',*,*,#6342,.F.);
#6360=EDGE_LOOP('',(#6355,#6356,#6358,#6359));
#6361=FACE_OUTER_BOUND('',#6360,.F.);
#6362=ADVANCED_FACE('',(#6361),#6354,.F.);
#6363=CARTESIAN_POINT('',(-1.57988E1,4.568E0,-2.03E0));
#6364=DIRECTION('',(0.E0,-1.E0,0.E0));
#6365=DIRECTION('',(1.E0,0.E0,0.E0));
#6366=AXIS2_PLACEMENT_3D('',#6363,#6364,#6365);
#6367=PLANE('',#6366);
#6368=ORIENTED_EDGE('',*,*,#6315,.F.);
#6369=ORIENTED_EDGE('',*,*,#6330,.F.);
#6370=ORIENTED_EDGE('',*,*,#6344,.F.);
#6371=ORIENTED_EDGE('',*,*,#6357,.F.);
#6372=EDGE_LOOP('',(#6368,#6369,#6370,#6371));
#6373=FACE_OUTER_BOUND('',#6372,.F.);
#6374=ADVANCED_FACE('',(#6373),#6367,.T.);
#6375=CARTESIAN_POINT('',(5.3716E0,4.06E0,-4.69E0));
#6376=DIRECTION('',(-1.E0,0.E0,0.E0));
#6377=DIRECTION('',(0.E0,0.E0,-1.E0));
#6378=AXIS2_PLACEMENT_3D('',#6375,#6376,#6377);
#6379=PLANE('',#6378);
#6380=ORIENTED_EDGE('',*,*,#5974,.F.);
#6382=ORIENTED_EDGE('',*,*,#6381,.T.);
#6384=ORIENTED_EDGE('',*,*,#6383,.T.);
#6386=ORIENTED_EDGE('',*,*,#6385,.F.);
#6387=EDGE_LOOP('',(#6380,#6382,#6384,#6386));
#6388=FACE_OUTER_BOUND('',#6387,.F.);
#6389=ADVANCED_FACE('',(#6388),#6379,.F.);
#6390=CARTESIAN_POINT('',(6.4916E0,4.06E0,-4.69E0));
#6391=DIRECTION('',(0.E0,0.E0,1.E0));
#6392=DIRECTION('',(-1.E0,0.E0,0.E0));
#6393=AXIS2_PLACEMENT_3D('',#6390,#6391,#6392);
#6394=PLANE('',#6393);
#6395=ORIENTED_EDGE('',*,*,#5980,.F.);
#6397=ORIENTED_EDGE('',*,*,#6396,.T.);
#6399=ORIENTED_EDGE('',*,*,#6398,.T.);
#6400=ORIENTED_EDGE('',*,*,#6381,.F.);
#6401=EDGE_LOOP('',(#6395,#6397,#6399,#6400));
#6402=FACE_OUTER_BOUND('',#6401,.F.);
#6403=ADVANCED_FACE('',(#6402),#6394,.F.);
#6404=CARTESIAN_POINT('',(6.4916E0,4.06E0,-7.87E0));
#6405=DIRECTION('',(1.E0,0.E0,0.E0));
#6406=DIRECTION('',(0.E0,0.E0,1.E0));
#6407=AXIS2_PLACEMENT_3D('',#6404,#6405,#6406);
#6408=PLANE('',#6407);
#6409=ORIENTED_EDGE('',*,*,#5978,.F.);
#6411=ORIENTED_EDGE('',*,*,#6410,.T.);
#6413=ORIENTED_EDGE('',*,*,#6412,.T.);
#6414=ORIENTED_EDGE('',*,*,#6396,.F.);
#6415=EDGE_LOOP('',(#6409,#6411,#6413,#6414));
#6416=FACE_OUTER_BOUND('',#6415,.F.);
#6417=ADVANCED_FACE('',(#6416),#6408,.F.);
#6418=CARTESIAN_POINT('',(5.3716E0,4.06E0,-7.87E0));
#6419=DIRECTION('',(0.E0,0.E0,-1.E0));
#6420=DIRECTION('',(1.E0,0.E0,0.E0));
#6421=AXIS2_PLACEMENT_3D('',#6418,#6419,#6420);
#6422=PLANE('',#6421);
#6423=ORIENTED_EDGE('',*,*,#5976,.F.);
#6424=ORIENTED_EDGE('',*,*,#6385,.T.);
#6426=ORIENTED_EDGE('',*,*,#6425,.T.);
#6427=ORIENTED_EDGE('',*,*,#6410,.F.);
#6428=EDGE_LOOP('',(#6423,#6424,#6426,#6427));
#6429=FACE_OUTER_BOUND('',#6428,.F.);
#6430=ADVANCED_FACE('',(#6429),#6422,.F.);
#6431=CARTESIAN_POINT('',(-1.57988E1,4.568E0,-2.03E0));
#6432=DIRECTION('',(0.E0,-1.E0,0.E0));
#6433=DIRECTION('',(1.E0,0.E0,0.E0));
#6434=AXIS2_PLACEMENT_3D('',#6431,#6432,#6433);
#6435=PLANE('',#6434);
#6436=ORIENTED_EDGE('',*,*,#6383,.F.);
#6437=ORIENTED_EDGE('',*,*,#6398,.F.);
#6438=ORIENTED_EDGE('',*,*,#6412,.F.);
#6439=ORIENTED_EDGE('',*,*,#6425,.F.);
#6440=EDGE_LOOP('',(#6436,#6437,#6438,#6439));
#6441=FACE_OUTER_BOUND('',#6440,.F.);
#6442=ADVANCED_FACE('',(#6441),#6435,.T.);
#6443=CARTESIAN_POINT('',(9.3316E0,4.06E0,-4.69E0));
#6444=DIRECTION('',(-1.E0,0.E0,0.E0));
#6445=DIRECTION('',(0.E0,0.E0,-1.E0));
#6446=AXIS2_PLACEMENT_3D('',#6443,#6444,#6445);
#6447=PLANE('',#6446);
#6448=ORIENTED_EDGE('',*,*,#5984,.F.);
#6450=ORIENTED_EDGE('',*,*,#6449,.T.);
#6452=ORIENTED_EDGE('',*,*,#6451,.T.);
#6454=ORIENTED_EDGE('',*,*,#6453,.F.);
#6455=EDGE_LOOP('',(#6448,#6450,#6452,#6454));
#6456=FACE_OUTER_BOUND('',#6455,.F.);
#6457=ADVANCED_FACE('',(#6456),#6447,.F.);
#6458=CARTESIAN_POINT('',(1.04516E1,4.06E0,-4.69E0));
#6459=DIRECTION('',(0.E0,0.E0,1.E0));
#6460=DIRECTION('',(-1.E0,0.E0,0.E0));
#6461=AXIS2_PLACEMENT_3D('',#6458,#6459,#6460);
#6462=PLANE('',#6461);
#6463=ORIENTED_EDGE('',*,*,#5990,.F.);
#6465=ORIENTED_EDGE('',*,*,#6464,.T.);
#6467=ORIENTED_EDGE('',*,*,#6466,.T.);
#6468=ORIENTED_EDGE('',*,*,#6449,.F.);
#6469=EDGE_LOOP('',(#6463,#6465,#6467,#6468));
#6470=FACE_OUTER_BOUND('',#6469,.F.);
#6471=ADVANCED_FACE('',(#6470),#6462,.F.);
#6472=CARTESIAN_POINT('',(1.04516E1,4.06E0,-7.87E0));
#6473=DIRECTION('',(1.E0,0.E0,0.E0));
#6474=DIRECTION('',(0.E0,0.E0,1.E0));
#6475=AXIS2_PLACEMENT_3D('',#6472,#6473,#6474);
#6476=PLANE('',#6475);
#6477=ORIENTED_EDGE('',*,*,#5988,.F.);
#6479=ORIENTED_EDGE('',*,*,#6478,.T.);
#6481=ORIENTED_EDGE('',*,*,#6480,.T.);
#6482=ORIENTED_EDGE('',*,*,#6464,.F.);
#6483=EDGE_LOOP('',(#6477,#6479,#6481,#6482));
#6484=FACE_OUTER_BOUND('',#6483,.F.);
#6485=ADVANCED_FACE('',(#6484),#6476,.F.);
#6486=CARTESIAN_POINT('',(9.3316E0,4.06E0,-7.87E0));
#6487=DIRECTION('',(0.E0,0.E0,-1.E0));
#6488=DIRECTION('',(1.E0,0.E0,0.E0));
#6489=AXIS2_PLACEMENT_3D('',#6486,#6487,#6488);
#6490=PLANE('',#6489);
#6491=ORIENTED_EDGE('',*,*,#5986,.F.);
#6492=ORIENTED_EDGE('',*,*,#6453,.T.);
#6494=ORIENTED_EDGE('',*,*,#6493,.T.);
#6495=ORIENTED_EDGE('',*,*,#6478,.F.);
#6496=EDGE_LOOP('',(#6491,#6492,#6494,#6495));
#6497=FACE_OUTER_BOUND('',#6496,.F.);
#6498=ADVANCED_FACE('',(#6497),#6490,.F.);
#6499=CARTESIAN_POINT('',(-1.57988E1,4.568E0,-2.03E0));
#6500=DIRECTION('',(0.E0,-1.E0,0.E0));
#6501=DIRECTION('',(1.E0,0.E0,0.E0));
#6502=AXIS2_PLACEMENT_3D('',#6499,#6500,#6501);
#6503=PLANE('',#6502);
#6504=ORIENTED_EDGE('',*,*,#6451,.F.);
#6505=ORIENTED_EDGE('',*,*,#6466,.F.);
#6506=ORIENTED_EDGE('',*,*,#6480,.F.);
#6507=ORIENTED_EDGE('',*,*,#6493,.F.);
#6508=EDGE_LOOP('',(#6504,#6505,#6506,#6507));
#6509=FACE_OUTER_BOUND('',#6508,.F.);
#6510=ADVANCED_FACE('',(#6509),#6503,.T.);
#6511=CARTESIAN_POINT('',(1.32916E1,4.06E0,-4.69E0));
#6512=DIRECTION('',(-1.E0,0.E0,0.E0));
#6513=DIRECTION('',(0.E0,0.E0,-1.E0));
#6514=AXIS2_PLACEMENT_3D('',#6511,#6512,#6513);
#6515=PLANE('',#6514);
#6516=ORIENTED_EDGE('',*,*,#5994,.F.);
#6518=ORIENTED_EDGE('',*,*,#6517,.T.);
#6520=ORIENTED_EDGE('',*,*,#6519,.T.);
#6522=ORIENTED_EDGE('',*,*,#6521,.F.);
#6523=EDGE_LOOP('',(#6516,#6518,#6520,#6522));
#6524=FACE_OUTER_BOUND('',#6523,.F.);
#6525=ADVANCED_FACE('',(#6524),#6515,.F.);
#6526=CARTESIAN_POINT('',(1.44116E1,4.06E0,-4.69E0));
#6527=DIRECTION('',(0.E0,0.E0,1.E0));
#6528=DIRECTION('',(-1.E0,0.E0,0.E0));
#6529=AXIS2_PLACEMENT_3D('',#6526,#6527,#6528);
#6530=PLANE('',#6529);
#6531=ORIENTED_EDGE('',*,*,#6000,.F.);
#6533=ORIENTED_EDGE('',*,*,#6532,.T.);
#6535=ORIENTED_EDGE('',*,*,#6534,.T.);
#6536=ORIENTED_EDGE('',*,*,#6517,.F.);
#6537=EDGE_LOOP('',(#6531,#6533,#6535,#6536));
#6538=FACE_OUTER_BOUND('',#6537,.F.);
#6539=ADVANCED_FACE('',(#6538),#6530,.F.);
#6540=CARTESIAN_POINT('',(1.44116E1,4.06E0,-7.87E0));
#6541=DIRECTION('',(1.E0,0.E0,0.E0));
#6542=DIRECTION('',(0.E0,0.E0,1.E0));
#6543=AXIS2_PLACEMENT_3D('',#6540,#6541,#6542);
#6544=PLANE('',#6543);
#6545=ORIENTED_EDGE('',*,*,#5998,.F.);
#6547=ORIENTED_EDGE('',*,*,#6546,.T.);
#6549=ORIENTED_EDGE('',*,*,#6548,.T.);
#6550=ORIENTED_EDGE('',*,*,#6532,.F.);
#6551=EDGE_LOOP('',(#6545,#6547,#6549,#6550));
#6552=FACE_OUTER_BOUND('',#6551,.F.);
#6553=ADVANCED_FACE('',(#6552),#6544,.F.);
#6554=CARTESIAN_POINT('',(1.32916E1,4.06E0,-7.87E0));
#6555=DIRECTION('',(0.E0,0.E0,-1.E0));
#6556=DIRECTION('',(1.E0,0.E0,0.E0));
#6557=AXIS2_PLACEMENT_3D('',#6554,#6555,#6556);
#6558=PLANE('',#6557);
#6559=ORIENTED_EDGE('',*,*,#5996,.F.);
#6560=ORIENTED_EDGE('',*,*,#6521,.T.);
#6562=ORIENTED_EDGE('',*,*,#6561,.T.);
#6563=ORIENTED_EDGE('',*,*,#6546,.F.);
#6564=EDGE_LOOP('',(#6559,#6560,#6562,#6563));
#6565=FACE_OUTER_BOUND('',#6564,.F.);
#6566=ADVANCED_FACE('',(#6565),#6558,.F.);
#6567=CARTESIAN_POINT('',(-1.57988E1,4.568E0,-2.03E0));
#6568=DIRECTION('',(0.E0,-1.E0,0.E0));
#6569=DIRECTION('',(1.E0,0.E0,0.E0));
#6570=AXIS2_PLACEMENT_3D('',#6567,#6568,#6569);
#6571=PLANE('',#6570);
#6572=ORIENTED_EDGE('',*,*,#6519,.F.);
#6573=ORIENTED_EDGE('',*,*,#6534,.F.);
#6574=ORIENTED_EDGE('',*,*,#6548,.F.);
#6575=ORIENTED_EDGE('',*,*,#6561,.F.);
#6576=EDGE_LOOP('',(#6572,#6573,#6574,#6575));
#6577=FACE_OUTER_BOUND('',#6576,.F.);
#6578=ADVANCED_FACE('',(#6577),#6571,.T.);
#6579=CARTESIAN_POINT('',(-1.57988E1,2.28E0,-2.03E0));
#6580=DIRECTION('',(0.E0,0.E0,-1.E0));
#6581=DIRECTION('',(0.E0,1.E0,0.E0));
#6582=AXIS2_PLACEMENT_3D('',#6579,#6580,#6581);
#6583=PLANE('',#6582);
#6584=ORIENTED_EDGE('',*,*,#5861,.T.);
#6586=ORIENTED_EDGE('',*,*,#6585,.T.);
#6588=ORIENTED_EDGE('',*,*,#6587,.F.);
#6590=ORIENTED_EDGE('',*,*,#6589,.F.);
#6592=ORIENTED_EDGE('',*,*,#6591,.F.);
#6594=ORIENTED_EDGE('',*,*,#6593,.F.);
#6596=ORIENTED_EDGE('',*,*,#6595,.T.);
#6597=ORIENTED_EDGE('',*,*,#5484,.T.);
#6598=EDGE_LOOP('',(#6584,#6586,#6588,#6590,#6592,#6594,#6596,#6597));
#6599=FACE_OUTER_BOUND('',#6598,.F.);
#6600=ADVANCED_FACE('',(#6599),#6583,.T.);
#6601=CARTESIAN_POINT('',(-1.57988E1,2.28E0,-2.03E0));
#6602=DIRECTION('',(0.E0,0.E0,-1.E0));
#6603=DIRECTION('',(0.E0,1.E0,0.E0));
#6604=AXIS2_PLACEMENT_3D('',#6601,#6602,#6603);
#6605=PLANE('',#6604);
#6607=ORIENTED_EDGE('',*,*,#6606,.T.);
#6609=ORIENTED_EDGE('',*,*,#6608,.F.);
#6611=ORIENTED_EDGE('',*,*,#6610,.T.);
#6613=ORIENTED_EDGE('',*,*,#6612,.F.);
#6615=ORIENTED_EDGE('',*,*,#6614,.F.);
#6616=ORIENTED_EDGE('',*,*,#5797,.T.);
#6617=ORIENTED_EDGE('',*,*,#4148,.F.);
#6619=ORIENTED_EDGE('',*,*,#6618,.T.);
#6620=EDGE_LOOP('',(#6607,#6609,#6611,#6613,#6615,#6616,#6617,#6619));
#6621=FACE_OUTER_BOUND('',#6620,.F.);
#6622=ADVANCED_FACE('',(#6621),#6605,.T.);
#6623=CARTESIAN_POINT('',(1.44089E1,8.68E0,-1.52E0));
#6624=DIRECTION('',(1.E0,0.E0,0.E0));
#6625=DIRECTION('',(0.E0,0.E0,-1.E0));
#6626=AXIS2_PLACEMENT_3D('',#6623,#6624,#6625);
#6627=PLANE('',#6626);
#6628=ORIENTED_EDGE('',*,*,#6585,.F.);
#6629=ORIENTED_EDGE('',*,*,#5859,.T.);
#6631=ORIENTED_EDGE('',*,*,#6630,.T.);
#6632=EDGE_LOOP('',(#6628,#6629,#6631));
#6633=FACE_OUTER_BOUND('',#6632,.F.);
#6634=ADVANCED_FACE('',(#6633),#6627,.F.);
#6635=CARTESIAN_POINT('',(1.44089E1,8.68E0,-1.52E0));
#6636=DIRECTION('',(1.E0,0.E0,0.E0));
#6637=DIRECTION('',(0.E0,0.E0,-1.E0));
#6638=AXIS2_PLACEMENT_3D('',#6635,#6636,#6637);
#6639=PLANE('',#6638);
#6641=ORIENTED_EDGE('',*,*,#6640,.T.);
#6643=ORIENTED_EDGE('',*,*,#6642,.T.);
#6645=ORIENTED_EDGE('',*,*,#6644,.F.);
#6647=ORIENTED_EDGE('',*,*,#6646,.T.);
#6649=ORIENTED_EDGE('',*,*,#6648,.T.);
#6650=ORIENTED_EDGE('',*,*,#4268,.F.);
#6651=ORIENTED_EDGE('',*,*,#6027,.T.);
#6652=EDGE_LOOP('',(#6641,#6643,#6645,#6647,#6649,#6650,#6651));
#6653=FACE_OUTER_BOUND('',#6652,.F.);
#6654=ADVANCED_FACE('',(#6653),#6639,.F.);
#6655=CARTESIAN_POINT('',(1.44089E1,4.06E0,-2.316175746993E0));
#6656=DIRECTION('',(0.E0,5.E-1,-8.660254037844E-1));
#6657=DIRECTION('',(0.E0,8.660254037844E-1,5.E-1));
#6658=AXIS2_PLACEMENT_3D('',#6655,#6656,#6657);
#6659=PLANE('',#6658);
#6661=ORIENTED_EDGE('',*,*,#6660,.F.);
#6663=ORIENTED_EDGE('',*,*,#6662,.T.);
#6665=ORIENTED_EDGE('',*,*,#6664,.F.);
#6666=ORIENTED_EDGE('',*,*,#6646,.F.);
#6667=EDGE_LOOP('',(#6661,#6663,#6665,#6666));
#6668=FACE_OUTER_BOUND('',#6667,.F.);
#6669=ADVANCED_FACE('',(#6668),#6659,.F.);
#6670=CARTESIAN_POINT('',(1.44089E1,4.06E0,-2.316175746993E0));
#6671=DIRECTION('',(0.E0,5.E-1,-8.660254037844E-1));
#6672=DIRECTION('',(0.E0,8.660254037844E-1,5.E-1));
#6673=AXIS2_PLACEMENT_3D('',#6670,#6671,#6672);
#6674=PLANE('',#6673);
#6675=ORIENTED_EDGE('',*,*,#6587,.T.);
#6676=ORIENTED_EDGE('',*,*,#6630,.F.);
#6677=ORIENTED_EDGE('',*,*,#5857,.F.);
#6679=ORIENTED_EDGE('',*,*,#6678,.T.);
#6680=EDGE_LOOP('',(#6675,#6676,#6677,#6679));
#6681=FACE_OUTER_BOUND('',#6680,.F.);
#6682=ADVANCED_FACE('',(#6681),#6674,.F.);
#6683=CARTESIAN_POINT('',(1.44089E1,4.06E0,-2.316175746993E0));
#6684=DIRECTION('',(0.E0,5.E-1,-8.660254037844E-1));
#6685=DIRECTION('',(0.E0,8.660254037844E-1,5.E-1));
#6686=AXIS2_PLACEMENT_3D('',#6683,#6684,#6685);
#6687=PLANE('',#6686);
#6688=ORIENTED_EDGE('',*,*,#6642,.F.);
#6690=ORIENTED_EDGE('',*,*,#6689,.F.);
#6692=ORIENTED_EDGE('',*,*,#6691,.T.);
#6694=ORIENTED_EDGE('',*,*,#6693,.T.);
#6695=EDGE_LOOP('',(#6688,#6690,#6692,#6694));
#6696=FACE_OUTER_BOUND('',#6695,.F.);
#6697=ADVANCED_FACE('',(#6696),#6687,.F.);
#6698=CARTESIAN_POINT('',(1.32151E1,5.810327295514E0,-1.820327295514E0));
#6699=DIRECTION('',(1.E0,0.E0,0.E0));
#6700=DIRECTION('',(0.E0,0.E0,-1.E0));
#6701=AXIS2_PLACEMENT_3D('',#6698,#6699,#6700);
#6702=CYLINDRICAL_SURFACE('',#6701,5.553272955143E-1);
#6703=ORIENTED_EDGE('',*,*,#6644,.T.);
#6704=ORIENTED_EDGE('',*,*,#6693,.F.);
#6706=ORIENTED_EDGE('',*,*,#6705,.F.);
#6707=ORIENTED_EDGE('',*,*,#6660,.T.);
#6708=EDGE_LOOP('',(#6703,#6704,#6706,#6707));
#6709=FACE_OUTER_BOUND('',#6708,.F.);
#6710=ADVANCED_FACE('',(#6709),#6702,.T.);
#6711=CARTESIAN_POINT('',(1.32913E1,8.68E0,-1.52E0));
#6712=DIRECTION('',(1.E0,0.E0,0.E0));
#6713=DIRECTION('',(0.E0,0.E0,-1.E0));
#6714=AXIS2_PLACEMENT_3D('',#6711,#6712,#6713);
#6715=PLANE('',#6714);
#6716=ORIENTED_EDGE('',*,*,#6589,.T.);
#6717=ORIENTED_EDGE('',*,*,#6678,.F.);
#6718=ORIENTED_EDGE('',*,*,#5855,.F.);
#6719=ORIENTED_EDGE('',*,*,#4272,.T.);
#6721=ORIENTED_EDGE('',*,*,#6720,.F.);
#6722=ORIENTED_EDGE('',*,*,#6662,.F.);
#6723=ORIENTED_EDGE('',*,*,#6705,.T.);
#6724=ORIENTED_EDGE('',*,*,#6691,.F.);
#6726=ORIENTED_EDGE('',*,*,#6725,.F.);
#6728=ORIENTED_EDGE('',*,*,#6727,.T.);
#6729=EDGE_LOOP('',(#6716,#6717,#6718,#6719,#6721,#6722,#6723,#6724,#6726,
#6728));
#6730=FACE_OUTER_BOUND('',#6729,.F.);
#6731=ADVANCED_FACE('',(#6730),#6715,.T.);
#6732=CARTESIAN_POINT('',(1.44089E1,6.092E0,-1.143E0));
#6733=DIRECTION('',(0.E0,1.E0,0.E0));
#6734=DIRECTION('',(0.E0,0.E0,1.E0));
#6735=AXIS2_PLACEMENT_3D('',#6732,#6733,#6734);
#6736=PLANE('',#6735);
#6737=ORIENTED_EDGE('',*,*,#4270,.T.);
#6738=ORIENTED_EDGE('',*,*,#6648,.F.);
#6739=ORIENTED_EDGE('',*,*,#6664,.T.);
#6740=ORIENTED_EDGE('',*,*,#6720,.T.);
#6741=EDGE_LOOP('',(#6737,#6738,#6739,#6740));
#6742=FACE_OUTER_BOUND('',#6741,.F.);
#6743=ADVANCED_FACE('',(#6742),#6736,.F.);
#6744=CARTESIAN_POINT('',(-1.57988E1,0.E0,-1.73E0));
#6745=DIRECTION('',(0.E0,0.E0,-1.E0));
#6746=DIRECTION('',(1.E0,0.E0,0.E0));
#6747=AXIS2_PLACEMENT_3D('',#6744,#6745,#6746);
#6748=PLANE('',#6747);
#6749=ORIENTED_EDGE('',*,*,#6010,.T.);
#6751=ORIENTED_EDGE('',*,*,#6750,.T.);
#6753=ORIENTED_EDGE('',*,*,#6752,.T.);
#6755=ORIENTED_EDGE('',*,*,#6754,.F.);
#6757=ORIENTED_EDGE('',*,*,#6756,.T.);
#6759=ORIENTED_EDGE('',*,*,#6758,.F.);
#6760=EDGE_LOOP('',(#6749,#6751,#6753,#6755,#6757,#6759));
#6761=FACE_OUTER_BOUND('',#6760,.F.);
#6762=ADVANCED_FACE('',(#6761),#6748,.F.);
#6763=CARTESIAN_POINT('',(-1.57988E1,0.E0,-1.73E0));
#6764=DIRECTION('',(0.E0,0.E0,-1.E0));
#6765=DIRECTION('',(1.E0,0.E0,0.E0));
#6766=AXIS2_PLACEMENT_3D('',#6763,#6764,#6765);
#6767=PLANE('',#6766);
#6768=ORIENTED_EDGE('',*,*,#6025,.T.);
#6770=ORIENTED_EDGE('',*,*,#6769,.T.);
#6772=ORIENTED_EDGE('',*,*,#6771,.T.);
#6773=ORIENTED_EDGE('',*,*,#6725,.T.);
#6774=ORIENTED_EDGE('',*,*,#6689,.T.);
#6775=ORIENTED_EDGE('',*,*,#6640,.F.);
#6776=EDGE_LOOP('',(#6768,#6770,#6772,#6773,#6774,#6775));
#6777=FACE_OUTER_BOUND('',#6776,.F.);
#6778=ADVANCED_FACE('',(#6777),#6767,.F.);
#6779=CARTESIAN_POINT('',(-1.44287E1,8.68E0,-1.52E0));
#6780=DIRECTION('',(1.E0,0.E0,0.E0));
#6781=DIRECTION('',(0.E0,0.E0,-1.E0));
#6782=AXIS2_PLACEMENT_3D('',#6779,#6780,#6781);
#6783=PLANE('',#6782);
#6784=ORIENTED_EDGE('',*,*,#6614,.T.);
#6786=ORIENTED_EDGE('',*,*,#6785,.F.);
#6787=ORIENTED_EDGE('',*,*,#5799,.F.);
#6788=EDGE_LOOP('',(#6784,#6786,#6787));
#6789=FACE_OUTER_BOUND('',#6788,.F.);
#6790=ADVANCED_FACE('',(#6789),#6783,.T.);
#6791=CARTESIAN_POINT('',(-1.44287E1,8.68E0,-1.52E0));
#6792=DIRECTION('',(1.E0,0.E0,0.E0));
#6793=DIRECTION('',(0.E0,0.E0,-1.E0));
#6794=AXIS2_PLACEMENT_3D('',#6791,#6792,#6793);
#6795=PLANE('',#6794);
#6796=ORIENTED_EDGE('',*,*,#6750,.F.);
#6797=ORIENTED_EDGE('',*,*,#6015,.F.);
#6798=ORIENTED_EDGE('',*,*,#4336,.T.);
#6800=ORIENTED_EDGE('',*,*,#6799,.F.);
#6802=ORIENTED_EDGE('',*,*,#6801,.F.);
#6804=ORIENTED_EDGE('',*,*,#6803,.T.);
#6806=ORIENTED_EDGE('',*,*,#6805,.F.);
#6807=EDGE_LOOP('',(#6796,#6797,#6798,#6800,#6802,#6804,#6806));
#6808=FACE_OUTER_BOUND('',#6807,.F.);
#6809=ADVANCED_FACE('',(#6808),#6795,.T.);
#6810=CARTESIAN_POINT('',(-1.33111E1,4.06E0,-2.316175746993E0));
#6811=DIRECTION('',(0.E0,5.E-1,-8.660254037844E-1));
#6812=DIRECTION('',(0.E0,8.660254037844E-1,5.E-1));
#6813=AXIS2_PLACEMENT_3D('',#6810,#6811,#6812);
#6814=PLANE('',#6813);
#6816=ORIENTED_EDGE('',*,*,#6815,.F.);
#6817=ORIENTED_EDGE('',*,*,#6801,.T.);
#6819=ORIENTED_EDGE('',*,*,#6818,.F.);
#6821=ORIENTED_EDGE('',*,*,#6820,.F.);
#6822=EDGE_LOOP('',(#6816,#6817,#6819,#6821));
#6823=FACE_OUTER_BOUND('',#6822,.F.);
#6824=ADVANCED_FACE('',(#6823),#6814,.F.);
#6825=CARTESIAN_POINT('',(-1.33111E1,4.06E0,-2.316175746993E0));
#6826=DIRECTION('',(0.E0,5.E-1,-8.660254037844E-1));
#6827=DIRECTION('',(0.E0,8.660254037844E-1,5.E-1));
#6828=AXIS2_PLACEMENT_3D('',#6825,#6826,#6827);
#6829=PLANE('',#6828);
#6830=ORIENTED_EDGE('',*,*,#6612,.T.);
#6832=ORIENTED_EDGE('',*,*,#6831,.F.);
#6833=ORIENTED_EDGE('',*,*,#5801,.F.);
#6834=ORIENTED_EDGE('',*,*,#6785,.T.);
#6835=EDGE_LOOP('',(#6830,#6832,#6833,#6834));
#6836=FACE_OUTER_BOUND('',#6835,.F.);
#6837=ADVANCED_FACE('',(#6836),#6829,.F.);
#6838=CARTESIAN_POINT('',(-1.33111E1,4.06E0,-2.316175746993E0));
#6839=DIRECTION('',(0.E0,5.E-1,-8.660254037844E-1));
#6840=DIRECTION('',(0.E0,8.660254037844E-1,5.E-1));
#6841=AXIS2_PLACEMENT_3D('',#6838,#6839,#6840);
#6842=PLANE('',#6841);
#6844=ORIENTED_EDGE('',*,*,#6843,.F.);
#6845=ORIENTED_EDGE('',*,*,#6752,.F.);
#6846=ORIENTED_EDGE('',*,*,#6805,.T.);
#6848=ORIENTED_EDGE('',*,*,#6847,.T.);
#6849=EDGE_LOOP('',(#6844,#6845,#6846,#6848));
#6850=FACE_OUTER_BOUND('',#6849,.F.);
#6851=ADVANCED_FACE('',(#6850),#6842,.F.);
#6852=CARTESIAN_POINT('',(-1.45049E1,5.810327295514E0,-1.820327295514E0));
#6853=DIRECTION('',(1.E0,0.E0,0.E0));
#6854=DIRECTION('',(0.E0,0.E0,-1.E0));
#6855=AXIS2_PLACEMENT_3D('',#6852,#6853,#6854);
#6856=CYLINDRICAL_SURFACE('',#6855,5.553272955143E-1);
#6858=ORIENTED_EDGE('',*,*,#6857,.T.);
#6859=ORIENTED_EDGE('',*,*,#6847,.F.);
#6860=ORIENTED_EDGE('',*,*,#6803,.F.);
#6861=ORIENTED_EDGE('',*,*,#6815,.T.);
#6862=EDGE_LOOP('',(#6858,#6859,#6860,#6861));
#6863=FACE_OUTER_BOUND('',#6862,.F.);
#6864=ADVANCED_FACE('',(#6863),#6856,.T.);
#6865=CARTESIAN_POINT('',(-1.33111E1,8.68E0,-1.52E0));
#6866=DIRECTION('',(1.E0,0.E0,0.E0));
#6867=DIRECTION('',(0.E0,0.E0,-1.E0));
#6868=AXIS2_PLACEMENT_3D('',#6865,#6866,#6867);
#6869=PLANE('',#6868);
#6870=ORIENTED_EDGE('',*,*,#6610,.F.);
#6872=ORIENTED_EDGE('',*,*,#6871,.F.);
#6873=ORIENTED_EDGE('',*,*,#6754,.T.);
#6874=ORIENTED_EDGE('',*,*,#6843,.T.);
#6875=ORIENTED_EDGE('',*,*,#6857,.F.);
#6876=ORIENTED_EDGE('',*,*,#6820,.T.);
#6878=ORIENTED_EDGE('',*,*,#6877,.T.);
#6879=ORIENTED_EDGE('',*,*,#4332,.F.);
#6880=ORIENTED_EDGE('',*,*,#5803,.T.);
#6881=ORIENTED_EDGE('',*,*,#6831,.T.);
#6882=EDGE_LOOP('',(#6870,#6872,#6873,#6874,#6875,#6876,#6878,#6879,#6880,
#6881));
#6883=FACE_OUTER_BOUND('',#6882,.F.);
#6884=ADVANCED_FACE('',(#6883),#6869,.F.);
#6885=CARTESIAN_POINT('',(-1.21188E1,5.33E0,-2.03E0));
#6886=DIRECTION('',(7.071067811865E-1,-7.071067811865E-1,0.E0));
#6887=DIRECTION('',(-7.071067811865E-1,-7.071067811865E-1,0.E0));
#6888=AXIS2_PLACEMENT_3D('',#6885,#6886,#6887);
#6889=PLANE('',#6888);
#6891=ORIENTED_EDGE('',*,*,#6890,.F.);
#6892=ORIENTED_EDGE('',*,*,#6756,.F.);
#6893=ORIENTED_EDGE('',*,*,#6871,.T.);
#6894=ORIENTED_EDGE('',*,*,#6608,.T.);
#6895=EDGE_LOOP('',(#6891,#6892,#6893,#6894));
#6896=FACE_OUTER_BOUND('',#6895,.F.);
#6897=ADVANCED_FACE('',(#6896),#6889,.T.);
#6898=CARTESIAN_POINT('',(-1.46588E1,0.E0,0.E0));
#6899=DIRECTION('',(-1.E0,0.E0,0.E0));
#6900=DIRECTION('',(0.E0,1.E0,0.E0));
#6901=AXIS2_PLACEMENT_3D('',#6898,#6899,#6900);
#6902=PLANE('',#6901);
#6903=ORIENTED_EDGE('',*,*,#6758,.T.);
#6904=ORIENTED_EDGE('',*,*,#6890,.T.);
#6905=ORIENTED_EDGE('',*,*,#6606,.F.);
#6907=ORIENTED_EDGE('',*,*,#6906,.F.);
#6909=ORIENTED_EDGE('',*,*,#6908,.F.);
#6910=ORIENTED_EDGE('',*,*,#4340,.T.);
#6911=ORIENTED_EDGE('',*,*,#6012,.T.);
#6912=EDGE_LOOP('',(#6903,#6904,#6905,#6907,#6909,#6910,#6911));
#6913=FACE_OUTER_BOUND('',#6912,.F.);
#6914=ADVANCED_FACE('',(#6913),#6902,.F.);
#6915=CARTESIAN_POINT('',(-1.57988E1,-1.02E0,-2.03E0));
#6916=DIRECTION('',(1.E0,0.E0,0.E0));
#6917=DIRECTION('',(0.E0,0.E0,-1.E0));
#6918=AXIS2_PLACEMENT_3D('',#6915,#6916,#6917);
#6919=CYLINDRICAL_SURFACE('',#6918,3.3E0);
#6921=ORIENTED_EDGE('',*,*,#6920,.F.);
#6923=ORIENTED_EDGE('',*,*,#6922,.T.);
#6924=ORIENTED_EDGE('',*,*,#5486,.T.);
#6925=ORIENTED_EDGE('',*,*,#6595,.F.);
#6926=EDGE_LOOP('',(#6921,#6923,#6924,#6925));
#6927=FACE_OUTER_BOUND('',#6926,.F.);
#6928=ADVANCED_FACE('',(#6927),#6919,.T.);
#6929=CARTESIAN_POINT('',(-1.57988E1,-1.02E0,-2.03E0));
#6930=DIRECTION('',(1.E0,0.E0,0.E0));
#6931=DIRECTION('',(0.E0,0.E0,-1.E0));
#6932=AXIS2_PLACEMENT_3D('',#6929,#6930,#6931);
#6933=CYLINDRICAL_SURFACE('',#6932,3.3E0);
#6934=ORIENTED_EDGE('',*,*,#6906,.T.);
#6935=ORIENTED_EDGE('',*,*,#6618,.F.);
#6936=ORIENTED_EDGE('',*,*,#4146,.F.);
#6938=ORIENTED_EDGE('',*,*,#6937,.T.);
#6939=EDGE_LOOP('',(#6934,#6935,#6936,#6938));
#6940=FACE_OUTER_BOUND('',#6939,.F.);
#6941=ADVANCED_FACE('',(#6940),#6933,.T.);
#6942=CARTESIAN_POINT('',(1.46588E1,4.06E0,0.E0));
#6943=DIRECTION('',(1.E0,0.E0,0.E0));
#6944=DIRECTION('',(0.E0,-1.E0,0.E0));
#6945=AXIS2_PLACEMENT_3D('',#6942,#6943,#6944);
#6946=PLANE('',#6945);
#6947=ORIENTED_EDGE('',*,*,#6769,.F.);
#6948=ORIENTED_EDGE('',*,*,#6030,.F.);
#6949=ORIENTED_EDGE('',*,*,#4264,.F.);
#6951=ORIENTED_EDGE('',*,*,#6950,.T.);
#6952=ORIENTED_EDGE('',*,*,#6920,.T.);
#6953=ORIENTED_EDGE('',*,*,#6593,.T.);
#6955=ORIENTED_EDGE('',*,*,#6954,.F.);
#6956=EDGE_LOOP('',(#6947,#6948,#6949,#6951,#6952,#6953,#6955));
#6957=FACE_OUTER_BOUND('',#6956,.F.);
#6958=ADVANCED_FACE('',(#6957),#6946,.F.);
#6959=CARTESIAN_POINT('',(-1.57988E1,0.E0,0.E0));
#6960=DIRECTION('',(0.E0,-1.E0,0.E0));
#6961=DIRECTION('',(0.E0,0.E0,-1.E0));
#6962=AXIS2_PLACEMENT_3D('',#6959,#6960,#6961);
#6963=PLANE('',#6962);
#6964=ORIENTED_EDGE('',*,*,#6950,.F.);
#6965=ORIENTED_EDGE('',*,*,#4262,.T.);
#6966=ORIENTED_EDGE('',*,*,#5488,.T.);
#6967=ORIENTED_EDGE('',*,*,#6922,.F.);
#6968=EDGE_LOOP('',(#6964,#6965,#6966,#6967));
#6969=FACE_OUTER_BOUND('',#6968,.F.);
#6970=ADVANCED_FACE('',(#6969),#6963,.T.);
#6971=CARTESIAN_POINT('',(-1.57988E1,0.E0,0.E0));
#6972=DIRECTION('',(0.E0,-1.E0,0.E0));
#6973=DIRECTION('',(0.E0,0.E0,-1.E0));
#6974=AXIS2_PLACEMENT_3D('',#6971,#6972,#6973);
#6975=PLANE('',#6974);
#6976=ORIENTED_EDGE('',*,*,#6908,.T.);
#6977=ORIENTED_EDGE('',*,*,#6937,.F.);
#6978=ORIENTED_EDGE('',*,*,#4144,.F.);
#6979=ORIENTED_EDGE('',*,*,#4342,.T.);
#6980=EDGE_LOOP('',(#6976,#6977,#6978,#6979));
#6981=FACE_OUTER_BOUND('',#6980,.F.);
#6982=ADVANCED_FACE('',(#6981),#6975,.T.);
#6983=CARTESIAN_POINT('',(1.46588E1,2.79E0,-2.03E0));
#6984=DIRECTION('',(-7.071067811865E-1,-7.071067811865E-1,0.E0));
#6985=DIRECTION('',(-7.071067811865E-1,7.071067811865E-1,0.E0));
#6986=AXIS2_PLACEMENT_3D('',#6983,#6984,#6985);
#6987=PLANE('',#6986);
#6988=ORIENTED_EDGE('',*,*,#6954,.T.);
#6989=ORIENTED_EDGE('',*,*,#6591,.T.);
#6990=ORIENTED_EDGE('',*,*,#6727,.F.);
#6991=ORIENTED_EDGE('',*,*,#6771,.F.);
#6992=EDGE_LOOP('',(#6988,#6989,#6990,#6991));
#6993=FACE_OUTER_BOUND('',#6992,.F.);
#6994=ADVANCED_FACE('',(#6993),#6987,.T.);
#6995=CARTESIAN_POINT('',(-1.33111E1,6.092E0,-1.143E0));
#6996=DIRECTION('',(0.E0,1.E0,0.E0));
#6997=DIRECTION('',(0.E0,0.E0,1.E0));
#6998=AXIS2_PLACEMENT_3D('',#6995,#6996,#6997);
#6999=PLANE('',#6998);
#7000=ORIENTED_EDGE('',*,*,#4334,.T.);
#7001=ORIENTED_EDGE('',*,*,#6877,.F.);
#7002=ORIENTED_EDGE('',*,*,#6818,.T.);
#7003=ORIENTED_EDGE('',*,*,#6799,.T.);
#7004=EDGE_LOOP('',(#7000,#7001,#7002,#7003));
#7005=FACE_OUTER_BOUND('',#7004,.F.);
#7006=ADVANCED_FACE('',(#7005),#6999,.F.);
#7007=CARTESIAN_POINT('',(-1.04687E1,8.68E0,-1.52E0));
#7008=DIRECTION('',(1.E0,0.E0,0.E0));
#7009=DIRECTION('',(0.E0,0.E0,-1.E0));
#7010=AXIS2_PLACEMENT_3D('',#7007,#7008,#7009);
#7011=PLANE('',#7010);
#7013=ORIENTED_EDGE('',*,*,#7012,.T.);
#7015=ORIENTED_EDGE('',*,*,#7014,.F.);
#7016=ORIENTED_EDGE('',*,*,#5806,.F.);
#7017=ORIENTED_EDGE('',*,*,#4328,.T.);
#7019=ORIENTED_EDGE('',*,*,#7018,.F.);
#7021=ORIENTED_EDGE('',*,*,#7020,.F.);
#7022=EDGE_LOOP('',(#7013,#7015,#7016,#7017,#7019,#7021));
#7023=FACE_OUTER_BOUND('',#7022,.F.);
#7024=ADVANCED_FACE('',(#7023),#7011,.T.);
#7025=CARTESIAN_POINT('',(-1.05449E1,5.810327295514E0,-1.820327295514E0));
#7026=DIRECTION('',(1.E0,0.E0,0.E0));
#7027=DIRECTION('',(0.E0,0.E0,-1.E0));
#7028=AXIS2_PLACEMENT_3D('',#7025,#7026,#7027);
#7029=CYLINDRICAL_SURFACE('',#7028,5.553272955143E-1);
#7031=ORIENTED_EDGE('',*,*,#7030,.T.);
#7033=ORIENTED_EDGE('',*,*,#7032,.F.);
#7034=ORIENTED_EDGE('',*,*,#7012,.F.);
#7036=ORIENTED_EDGE('',*,*,#7035,.T.);
#7037=EDGE_LOOP('',(#7031,#7033,#7034,#7036));
#7038=FACE_OUTER_BOUND('',#7037,.F.);
#7039=ADVANCED_FACE('',(#7038),#7029,.T.);
#7040=CARTESIAN_POINT('',(-9.3511E0,8.68E0,-1.52E0));
#7041=DIRECTION('',(1.E0,0.E0,0.E0));
#7042=DIRECTION('',(0.E0,0.E0,-1.E0));
#7043=AXIS2_PLACEMENT_3D('',#7040,#7041,#7042);
#7044=PLANE('',#7043);
#7045=ORIENTED_EDGE('',*,*,#7030,.F.);
#7047=ORIENTED_EDGE('',*,*,#7046,.T.);
#7049=ORIENTED_EDGE('',*,*,#7048,.T.);
#7050=ORIENTED_EDGE('',*,*,#4324,.F.);
#7051=ORIENTED_EDGE('',*,*,#5810,.T.);
#7053=ORIENTED_EDGE('',*,*,#7052,.T.);
#7054=EDGE_LOOP('',(#7045,#7047,#7049,#7050,#7051,#7053));
#7055=FACE_OUTER_BOUND('',#7054,.F.);
#7056=ADVANCED_FACE('',(#7055),#7044,.F.);
#7057=CARTESIAN_POINT('',(-9.3511E0,4.06E0,-2.316175746993E0));
#7058=DIRECTION('',(0.E0,5.E-1,-8.660254037844E-1));
#7059=DIRECTION('',(0.E0,8.660254037844E-1,5.E-1));
#7060=AXIS2_PLACEMENT_3D('',#7057,#7058,#7059);
#7061=PLANE('',#7060);
#7062=ORIENTED_EDGE('',*,*,#7035,.F.);
#7063=ORIENTED_EDGE('',*,*,#7020,.T.);
#7065=ORIENTED_EDGE('',*,*,#7064,.F.);
#7066=ORIENTED_EDGE('',*,*,#7046,.F.);
#7067=EDGE_LOOP('',(#7062,#7063,#7065,#7066));
#7068=FACE_OUTER_BOUND('',#7067,.F.);
#7069=ADVANCED_FACE('',(#7068),#7061,.F.);
#7070=CARTESIAN_POINT('',(-9.3511E0,4.06E0,-2.316175746993E0));
#7071=DIRECTION('',(0.E0,5.E-1,-8.660254037844E-1));
#7072=DIRECTION('',(0.E0,8.660254037844E-1,5.E-1));
#7073=AXIS2_PLACEMENT_3D('',#7070,#7071,#7072);
#7074=PLANE('',#7073);
#7075=ORIENTED_EDGE('',*,*,#7032,.T.);
#7076=ORIENTED_EDGE('',*,*,#7052,.F.);
#7077=ORIENTED_EDGE('',*,*,#5808,.F.);
#7078=ORIENTED_EDGE('',*,*,#7014,.T.);
#7079=EDGE_LOOP('',(#7075,#7076,#7077,#7078));
#7080=FACE_OUTER_BOUND('',#7079,.F.);
#7081=ADVANCED_FACE('',(#7080),#7074,.F.);
#7082=CARTESIAN_POINT('',(-9.3511E0,6.092E0,-1.143E0));
#7083=DIRECTION('',(0.E0,1.E0,0.E0));
#7084=DIRECTION('',(0.E0,0.E0,1.E0));
#7085=AXIS2_PLACEMENT_3D('',#7082,#7083,#7084);
#7086=PLANE('',#7085);
#7087=ORIENTED_EDGE('',*,*,#4326,.T.);
#7088=ORIENTED_EDGE('',*,*,#7048,.F.);
#7089=ORIENTED_EDGE('',*,*,#7064,.T.);
#7090=ORIENTED_EDGE('',*,*,#7018,.T.);
#7091=EDGE_LOOP('',(#7087,#7088,#7089,#7090));
#7092=FACE_OUTER_BOUND('',#7091,.F.);
#7093=ADVANCED_FACE('',(#7092),#7086,.F.);
#7094=CARTESIAN_POINT('',(-6.5087E0,8.68E0,-1.52E0));
#7095=DIRECTION('',(1.E0,0.E0,0.E0));
#7096=DIRECTION('',(0.E0,0.E0,-1.E0));
#7097=AXIS2_PLACEMENT_3D('',#7094,#7095,#7096);
#7098=PLANE('',#7097);
#7100=ORIENTED_EDGE('',*,*,#7099,.T.);
#7102=ORIENTED_EDGE('',*,*,#7101,.F.);
#7103=ORIENTED_EDGE('',*,*,#5813,.F.);
#7104=ORIENTED_EDGE('',*,*,#4320,.T.);
#7106=ORIENTED_EDGE('',*,*,#7105,.F.);
#7108=ORIENTED_EDGE('',*,*,#7107,.F.);
#7109=EDGE_LOOP('',(#7100,#7102,#7103,#7104,#7106,#7108));
#7110=FACE_OUTER_BOUND('',#7109,.F.);
#7111=ADVANCED_FACE('',(#7110),#7098,.T.);
#7112=CARTESIAN_POINT('',(-6.5849E0,5.810327295514E0,-1.820327295514E0));
#7113=DIRECTION('',(1.E0,0.E0,0.E0));
#7114=DIRECTION('',(0.E0,0.E0,-1.E0));
#7115=AXIS2_PLACEMENT_3D('',#7112,#7113,#7114);
#7116=CYLINDRICAL_SURFACE('',#7115,5.553272955143E-1);
#7118=ORIENTED_EDGE('',*,*,#7117,.T.);
#7120=ORIENTED_EDGE('',*,*,#7119,.F.);
#7121=ORIENTED_EDGE('',*,*,#7099,.F.);
#7123=ORIENTED_EDGE('',*,*,#7122,.T.);
#7124=EDGE_LOOP('',(#7118,#7120,#7121,#7123));
#7125=FACE_OUTER_BOUND('',#7124,.F.);
#7126=ADVANCED_FACE('',(#7125),#7116,.T.);
#7127=CARTESIAN_POINT('',(-5.3911E0,8.68E0,-1.52E0));
#7128=DIRECTION('',(1.E0,0.E0,0.E0));
#7129=DIRECTION('',(0.E0,0.E0,-1.E0));
#7130=AXIS2_PLACEMENT_3D('',#7127,#7128,#7129);
#7131=PLANE('',#7130);
#7132=ORIENTED_EDGE('',*,*,#7117,.F.);
#7134=ORIENTED_EDGE('',*,*,#7133,.T.);
#7136=ORIENTED_EDGE('',*,*,#7135,.T.);
#7137=ORIENTED_EDGE('',*,*,#4316,.F.);
#7138=ORIENTED_EDGE('',*,*,#5817,.T.);
#7140=ORIENTED_EDGE('',*,*,#7139,.T.);
#7141=EDGE_LOOP('',(#7132,#7134,#7136,#7137,#7138,#7140));
#7142=FACE_OUTER_BOUND('',#7141,.F.);
#7143=ADVANCED_FACE('',(#7142),#7131,.F.);
#7144=CARTESIAN_POINT('',(-5.3911E0,4.06E0,-2.316175746993E0));
#7145=DIRECTION('',(0.E0,5.E-1,-8.660254037844E-1));
#7146=DIRECTION('',(0.E0,8.660254037844E-1,5.E-1));
#7147=AXIS2_PLACEMENT_3D('',#7144,#7145,#7146);
#7148=PLANE('',#7147);
#7149=ORIENTED_EDGE('',*,*,#7122,.F.);
#7150=ORIENTED_EDGE('',*,*,#7107,.T.);
#7152=ORIENTED_EDGE('',*,*,#7151,.F.);
#7153=ORIENTED_EDGE('',*,*,#7133,.F.);
#7154=EDGE_LOOP('',(#7149,#7150,#7152,#7153));
#7155=FACE_OUTER_BOUND('',#7154,.F.);
#7156=ADVANCED_FACE('',(#7155),#7148,.F.);
#7157=CARTESIAN_POINT('',(-5.3911E0,4.06E0,-2.316175746993E0));
#7158=DIRECTION('',(0.E0,5.E-1,-8.660254037844E-1));
#7159=DIRECTION('',(0.E0,8.660254037844E-1,5.E-1));
#7160=AXIS2_PLACEMENT_3D('',#7157,#7158,#7159);
#7161=PLANE('',#7160);
#7162=ORIENTED_EDGE('',*,*,#7119,.T.);
#7163=ORIENTED_EDGE('',*,*,#7139,.F.);
#7164=ORIENTED_EDGE('',*,*,#5815,.F.);
#7165=ORIENTED_EDGE('',*,*,#7101,.T.);
#7166=EDGE_LOOP('',(#7162,#7163,#7164,#7165));
#7167=FACE_OUTER_BOUND('',#7166,.F.);
#7168=ADVANCED_FACE('',(#7167),#7161,.F.);
#7169=CARTESIAN_POINT('',(-5.3911E0,6.092E0,-1.143E0));
#7170=DIRECTION('',(0.E0,1.E0,0.E0));
#7171=DIRECTION('',(0.E0,0.E0,1.E0));
#7172=AXIS2_PLACEMENT_3D('',#7169,#7170,#7171);
#7173=PLANE('',#7172);
#7174=ORIENTED_EDGE('',*,*,#4318,.T.);
#7175=ORIENTED_EDGE('',*,*,#7135,.F.);
#7176=ORIENTED_EDGE('',*,*,#7151,.T.);
#7177=ORIENTED_EDGE('',*,*,#7105,.T.);
#7178=EDGE_LOOP('',(#7174,#7175,#7176,#7177));
#7179=FACE_OUTER_BOUND('',#7178,.F.);
#7180=ADVANCED_FACE('',(#7179),#7173,.F.);
#7181=CARTESIAN_POINT('',(-2.5487E0,8.68E0,-1.52E0));
#7182=DIRECTION('',(1.E0,0.E0,0.E0));
#7183=DIRECTION('',(0.E0,0.E0,-1.E0));
#7184=AXIS2_PLACEMENT_3D('',#7181,#7182,#7183);
#7185=PLANE('',#7184);
#7187=ORIENTED_EDGE('',*,*,#7186,.T.);
#7189=ORIENTED_EDGE('',*,*,#7188,.F.);
#7190=ORIENTED_EDGE('',*,*,#5820,.F.);
#7191=ORIENTED_EDGE('',*,*,#4312,.T.);
#7193=ORIENTED_EDGE('',*,*,#7192,.F.);
#7195=ORIENTED_EDGE('',*,*,#7194,.F.);
#7196=EDGE_LOOP('',(#7187,#7189,#7190,#7191,#7193,#7195));
#7197=FACE_OUTER_BOUND('',#7196,.F.);
#7198=ADVANCED_FACE('',(#7197),#7185,.T.);
#7199=CARTESIAN_POINT('',(-2.6249E0,5.810327295514E0,-1.820327295514E0));
#7200=DIRECTION('',(1.E0,0.E0,0.E0));
#7201=DIRECTION('',(0.E0,0.E0,-1.E0));
#7202=AXIS2_PLACEMENT_3D('',#7199,#7200,#7201);
#7203=CYLINDRICAL_SURFACE('',#7202,5.553272955143E-1);
#7205=ORIENTED_EDGE('',*,*,#7204,.T.);
#7207=ORIENTED_EDGE('',*,*,#7206,.F.);
#7208=ORIENTED_EDGE('',*,*,#7186,.F.);
#7210=ORIENTED_EDGE('',*,*,#7209,.T.);
#7211=EDGE_LOOP('',(#7205,#7207,#7208,#7210));
#7212=FACE_OUTER_BOUND('',#7211,.F.);
#7213=ADVANCED_FACE('',(#7212),#7203,.T.);
#7214=CARTESIAN_POINT('',(-1.4311E0,8.68E0,-1.52E0));
#7215=DIRECTION('',(1.E0,0.E0,0.E0));
#7216=DIRECTION('',(0.E0,0.E0,-1.E0));
#7217=AXIS2_PLACEMENT_3D('',#7214,#7215,#7216);
#7218=PLANE('',#7217);
#7219=ORIENTED_EDGE('',*,*,#7204,.F.);
#7221=ORIENTED_EDGE('',*,*,#7220,.T.);
#7223=ORIENTED_EDGE('',*,*,#7222,.T.);
#7224=ORIENTED_EDGE('',*,*,#4308,.F.);
#7225=ORIENTED_EDGE('',*,*,#5824,.T.);
#7227=ORIENTED_EDGE('',*,*,#7226,.T.);
#7228=EDGE_LOOP('',(#7219,#7221,#7223,#7224,#7225,#7227));
#7229=FACE_OUTER_BOUND('',#7228,.F.);
#7230=ADVANCED_FACE('',(#7229),#7218,.F.);
#7231=CARTESIAN_POINT('',(-1.4311E0,4.06E0,-2.316175746993E0));
#7232=DIRECTION('',(0.E0,5.E-1,-8.660254037844E-1));
#7233=DIRECTION('',(0.E0,8.660254037844E-1,5.E-1));
#7234=AXIS2_PLACEMENT_3D('',#7231,#7232,#7233);
#7235=PLANE('',#7234);
#7236=ORIENTED_EDGE('',*,*,#7209,.F.);
#7237=ORIENTED_EDGE('',*,*,#7194,.T.);
#7239=ORIENTED_EDGE('',*,*,#7238,.F.);
#7240=ORIENTED_EDGE('',*,*,#7220,.F.);
#7241=EDGE_LOOP('',(#7236,#7237,#7239,#7240));
#7242=FACE_OUTER_BOUND('',#7241,.F.);
#7243=ADVANCED_FACE('',(#7242),#7235,.F.);
#7244=CARTESIAN_POINT('',(-1.4311E0,4.06E0,-2.316175746993E0));
#7245=DIRECTION('',(0.E0,5.E-1,-8.660254037844E-1));
#7246=DIRECTION('',(0.E0,8.660254037844E-1,5.E-1));
#7247=AXIS2_PLACEMENT_3D('',#7244,#7245,#7246);
#7248=PLANE('',#7247);
#7249=ORIENTED_EDGE('',*,*,#7206,.T.);
#7250=ORIENTED_EDGE('',*,*,#7226,.F.);
#7251=ORIENTED_EDGE('',*,*,#5822,.F.);
#7252=ORIENTED_EDGE('',*,*,#7188,.T.);
#7253=EDGE_LOOP('',(#7249,#7250,#7251,#7252));
#7254=FACE_OUTER_BOUND('',#7253,.F.);
#7255=ADVANCED_FACE('',(#7254),#7248,.F.);
#7256=CARTESIAN_POINT('',(-1.4311E0,6.092E0,-1.143E0));
#7257=DIRECTION('',(0.E0,1.E0,0.E0));
#7258=DIRECTION('',(0.E0,0.E0,1.E0));
#7259=AXIS2_PLACEMENT_3D('',#7256,#7257,#7258);
#7260=PLANE('',#7259);
#7261=ORIENTED_EDGE('',*,*,#4310,.T.);
#7262=ORIENTED_EDGE('',*,*,#7222,.F.);
#7263=ORIENTED_EDGE('',*,*,#7238,.T.);
#7264=ORIENTED_EDGE('',*,*,#7192,.T.);
#7265=EDGE_LOOP('',(#7261,#7262,#7263,#7264));
#7266=FACE_OUTER_BOUND('',#7265,.F.);
#7267=ADVANCED_FACE('',(#7266),#7260,.F.);
#7268=CARTESIAN_POINT('',(-5.7E-1,0.E0,0.E0));
#7269=DIRECTION('',(1.E0,0.E0,0.E0));
#7270=DIRECTION('',(0.E0,0.E0,-1.E0));
#7271=AXIS2_PLACEMENT_3D('',#7268,#7269,#7270);
#7272=PLANE('',#7271);
#7273=ORIENTED_EDGE('',*,*,#5827,.F.);
#7274=ORIENTED_EDGE('',*,*,#4304,.T.);
#7276=ORIENTED_EDGE('',*,*,#7275,.T.);
#7278=ORIENTED_EDGE('',*,*,#7277,.T.);
#7280=ORIENTED_EDGE('',*,*,#7279,.T.);
#7281=EDGE_LOOP('',(#7273,#7274,#7276,#7278,#7280));
#7282=FACE_OUTER_BOUND('',#7281,.F.);
#7283=ADVANCED_FACE('',(#7282),#7272,.F.);
#7284=CARTESIAN_POINT('',(-5.7E-1,0.E0,0.E0));
#7285=DIRECTION('',(0.E0,-1.E0,0.E0));
#7286=DIRECTION('',(0.E0,0.E0,-1.E0));
#7287=AXIS2_PLACEMENT_3D('',#7284,#7285,#7286);
#7288=PLANE('',#7287);
#7289=ORIENTED_EDGE('',*,*,#7275,.F.);
#7290=ORIENTED_EDGE('',*,*,#4302,.T.);
#7292=ORIENTED_EDGE('',*,*,#7291,.T.);
#7294=ORIENTED_EDGE('',*,*,#7293,.F.);
#7295=EDGE_LOOP('',(#7289,#7290,#7292,#7294));
#7296=FACE_OUTER_BOUND('',#7295,.F.);
#7297=ADVANCED_FACE('',(#7296),#7288,.T.);
#7298=CARTESIAN_POINT('',(5.7E-1,0.E0,0.E0));
#7299=DIRECTION('',(1.E0,0.E0,0.E0));
#7300=DIRECTION('',(0.E0,0.E0,-1.E0));
#7301=AXIS2_PLACEMENT_3D('',#7298,#7299,#7300);
#7302=PLANE('',#7301);
#7303=ORIENTED_EDGE('',*,*,#5831,.T.);
#7305=ORIENTED_EDGE('',*,*,#7304,.F.);
#7307=ORIENTED_EDGE('',*,*,#7306,.F.);
#7308=ORIENTED_EDGE('',*,*,#7291,.F.);
#7309=ORIENTED_EDGE('',*,*,#4300,.F.);
#7310=EDGE_LOOP('',(#7303,#7305,#7307,#7308,#7309));
#7311=FACE_OUTER_BOUND('',#7310,.F.);
#7312=ADVANCED_FACE('',(#7311),#7302,.T.);
#7313=CARTESIAN_POINT('',(-5.7E-1,2.28E0,-2.03E0));
#7314=DIRECTION('',(0.E0,0.E0,-1.E0));
#7315=DIRECTION('',(0.E0,1.E0,0.E0));
#7316=AXIS2_PLACEMENT_3D('',#7313,#7314,#7315);
#7317=PLANE('',#7316);
#7318=ORIENTED_EDGE('',*,*,#5829,.F.);
#7319=ORIENTED_EDGE('',*,*,#7279,.F.);
#7321=ORIENTED_EDGE('',*,*,#7320,.T.);
#7322=ORIENTED_EDGE('',*,*,#7304,.T.);
#7323=EDGE_LOOP('',(#7318,#7319,#7321,#7322));
#7324=FACE_OUTER_BOUND('',#7323,.F.);
#7325=ADVANCED_FACE('',(#7324),#7317,.T.);
#7326=CARTESIAN_POINT('',(-5.7E-1,-1.02E0,-2.03E0));
#7327=DIRECTION('',(1.E0,0.E0,0.E0));
#7328=DIRECTION('',(0.E0,0.E0,-1.E0));
#7329=AXIS2_PLACEMENT_3D('',#7326,#7327,#7328);
#7330=CYLINDRICAL_SURFACE('',#7329,3.3E0);
#7331=ORIENTED_EDGE('',*,*,#7277,.F.);
#7332=ORIENTED_EDGE('',*,*,#7293,.T.);
#7333=ORIENTED_EDGE('',*,*,#7306,.T.);
#7334=ORIENTED_EDGE('',*,*,#7320,.F.);
#7335=EDGE_LOOP('',(#7331,#7332,#7333,#7334));
#7336=FACE_OUTER_BOUND('',#7335,.F.);
#7337=ADVANCED_FACE('',(#7336),#7330,.T.);
#7338=CARTESIAN_POINT('',(1.4113E0,8.68E0,-1.52E0));
#7339=DIRECTION('',(1.E0,0.E0,0.E0));
#7340=DIRECTION('',(0.E0,0.E0,-1.E0));
#7341=AXIS2_PLACEMENT_3D('',#7338,#7339,#7340);
#7342=PLANE('',#7341);
#7344=ORIENTED_EDGE('',*,*,#7343,.T.);
#7346=ORIENTED_EDGE('',*,*,#7345,.F.);
#7347=ORIENTED_EDGE('',*,*,#5834,.F.);
#7348=ORIENTED_EDGE('',*,*,#4296,.T.);
#7350=ORIENTED_EDGE('',*,*,#7349,.F.);
#7352=ORIENTED_EDGE('',*,*,#7351,.F.);
#7353=EDGE_LOOP('',(#7344,#7346,#7347,#7348,#7350,#7352));
#7354=FACE_OUTER_BOUND('',#7353,.F.);
#7355=ADVANCED_FACE('',(#7354),#7342,.T.);
#7356=CARTESIAN_POINT('',(1.3351E0,5.810327295514E0,-1.820327295514E0));
#7357=DIRECTION('',(1.E0,0.E0,0.E0));
#7358=DIRECTION('',(0.E0,0.E0,-1.E0));
#7359=AXIS2_PLACEMENT_3D('',#7356,#7357,#7358);
#7360=CYLINDRICAL_SURFACE('',#7359,5.553272955143E-1);
#7362=ORIENTED_EDGE('',*,*,#7361,.T.);
#7364=ORIENTED_EDGE('',*,*,#7363,.F.);
#7365=ORIENTED_EDGE('',*,*,#7343,.F.);
#7367=ORIENTED_EDGE('',*,*,#7366,.T.);
#7368=EDGE_LOOP('',(#7362,#7364,#7365,#7367));
#7369=FACE_OUTER_BOUND('',#7368,.F.);
#7370=ADVANCED_FACE('',(#7369),#7360,.T.);
#7371=CARTESIAN_POINT('',(2.5289E0,8.68E0,-1.52E0));
#7372=DIRECTION('',(1.E0,0.E0,0.E0));
#7373=DIRECTION('',(0.E0,0.E0,-1.E0));
#7374=AXIS2_PLACEMENT_3D('',#7371,#7372,#7373);
#7375=PLANE('',#7374);
#7376=ORIENTED_EDGE('',*,*,#7361,.F.);
#7378=ORIENTED_EDGE('',*,*,#7377,.T.);
#7380=ORIENTED_EDGE('',*,*,#7379,.T.);
#7381=ORIENTED_EDGE('',*,*,#4292,.F.);
#7382=ORIENTED_EDGE('',*,*,#5838,.T.);
#7384=ORIENTED_EDGE('',*,*,#7383,.T.);
#7385=EDGE_LOOP('',(#7376,#7378,#7380,#7381,#7382,#7384));
#7386=FACE_OUTER_BOUND('',#7385,.F.);
#7387=ADVANCED_FACE('',(#7386),#7375,.F.);
#7388=CARTESIAN_POINT('',(2.5289E0,4.06E0,-2.316175746993E0));
#7389=DIRECTION('',(0.E0,5.E-1,-8.660254037844E-1));
#7390=DIRECTION('',(0.E0,8.660254037844E-1,5.E-1));
#7391=AXIS2_PLACEMENT_3D('',#7388,#7389,#7390);
#7392=PLANE('',#7391);
#7393=ORIENTED_EDGE('',*,*,#7366,.F.);
#7394=ORIENTED_EDGE('',*,*,#7351,.T.);
#7396=ORIENTED_EDGE('',*,*,#7395,.F.);
#7397=ORIENTED_EDGE('',*,*,#7377,.F.);
#7398=EDGE_LOOP('',(#7393,#7394,#7396,#7397));
#7399=FACE_OUTER_BOUND('',#7398,.F.);
#7400=ADVANCED_FACE('',(#7399),#7392,.F.);
#7401=CARTESIAN_POINT('',(2.5289E0,4.06E0,-2.316175746993E0));
#7402=DIRECTION('',(0.E0,5.E-1,-8.660254037844E-1));
#7403=DIRECTION('',(0.E0,8.660254037844E-1,5.E-1));
#7404=AXIS2_PLACEMENT_3D('',#7401,#7402,#7403);
#7405=PLANE('',#7404);
#7406=ORIENTED_EDGE('',*,*,#7363,.T.);
#7407=ORIENTED_EDGE('',*,*,#7383,.F.);
#7408=ORIENTED_EDGE('',*,*,#5836,.F.);
#7409=ORIENTED_EDGE('',*,*,#7345,.T.);
#7410=EDGE_LOOP('',(#7406,#7407,#7408,#7409));
#7411=FACE_OUTER_BOUND('',#7410,.F.);
#7412=ADVANCED_FACE('',(#7411),#7405,.F.);
#7413=CARTESIAN_POINT('',(2.5289E0,6.092E0,-1.143E0));
#7414=DIRECTION('',(0.E0,1.E0,0.E0));
#7415=DIRECTION('',(0.E0,0.E0,1.E0));
#7416=AXIS2_PLACEMENT_3D('',#7413,#7414,#7415);
#7417=PLANE('',#7416);
#7418=ORIENTED_EDGE('',*,*,#4294,.T.);
#7419=ORIENTED_EDGE('',*,*,#7379,.F.);
#7420=ORIENTED_EDGE('',*,*,#7395,.T.);
#7421=ORIENTED_EDGE('',*,*,#7349,.T.);
#7422=EDGE_LOOP('',(#7418,#7419,#7420,#7421));
#7423=FACE_OUTER_BOUND('',#7422,.F.);
#7424=ADVANCED_FACE('',(#7423),#7417,.F.);
#7425=CARTESIAN_POINT('',(5.3713E0,8.68E0,-1.52E0));
#7426=DIRECTION('',(1.E0,0.E0,0.E0));
#7427=DIRECTION('',(0.E0,0.E0,-1.E0));
#7428=AXIS2_PLACEMENT_3D('',#7425,#7426,#7427);
#7429=PLANE('',#7428);
#7431=ORIENTED_EDGE('',*,*,#7430,.T.);
#7433=ORIENTED_EDGE('',*,*,#7432,.F.);
#7434=ORIENTED_EDGE('',*,*,#5841,.F.);
#7435=ORIENTED_EDGE('',*,*,#4288,.T.);
#7437=ORIENTED_EDGE('',*,*,#7436,.F.);
#7439=ORIENTED_EDGE('',*,*,#7438,.F.);
#7440=EDGE_LOOP('',(#7431,#7433,#7434,#7435,#7437,#7439));
#7441=FACE_OUTER_BOUND('',#7440,.F.);
#7442=ADVANCED_FACE('',(#7441),#7429,.T.);
#7443=CARTESIAN_POINT('',(5.2951E0,5.810327295514E0,-1.820327295514E0));
#7444=DIRECTION('',(1.E0,0.E0,0.E0));
#7445=DIRECTION('',(0.E0,0.E0,-1.E0));
#7446=AXIS2_PLACEMENT_3D('',#7443,#7444,#7445);
#7447=CYLINDRICAL_SURFACE('',#7446,5.553272955142E-1);
#7449=ORIENTED_EDGE('',*,*,#7448,.T.);
#7451=ORIENTED_EDGE('',*,*,#7450,.F.);
#7452=ORIENTED_EDGE('',*,*,#7430,.F.);
#7454=ORIENTED_EDGE('',*,*,#7453,.T.);
#7455=EDGE_LOOP('',(#7449,#7451,#7452,#7454));
#7456=FACE_OUTER_BOUND('',#7455,.F.);
#7457=ADVANCED_FACE('',(#7456),#7447,.T.);
#7458=CARTESIAN_POINT('',(6.4889E0,8.68E0,-1.52E0));
#7459=DIRECTION('',(1.E0,0.E0,0.E0));
#7460=DIRECTION('',(0.E0,0.E0,-1.E0));
#7461=AXIS2_PLACEMENT_3D('',#7458,#7459,#7460);
#7462=PLANE('',#7461);
#7463=ORIENTED_EDGE('',*,*,#7448,.F.);
#7465=ORIENTED_EDGE('',*,*,#7464,.T.);
#7467=ORIENTED_EDGE('',*,*,#7466,.T.);
#7468=ORIENTED_EDGE('',*,*,#4284,.F.);
#7469=ORIENTED_EDGE('',*,*,#5845,.T.);
#7471=ORIENTED_EDGE('',*,*,#7470,.T.);
#7472=EDGE_LOOP('',(#7463,#7465,#7467,#7468,#7469,#7471));
#7473=FACE_OUTER_BOUND('',#7472,.F.);
#7474=ADVANCED_FACE('',(#7473),#7462,.F.);
#7475=CARTESIAN_POINT('',(6.4889E0,4.06E0,-2.316175746993E0));
#7476=DIRECTION('',(0.E0,5.E-1,-8.660254037844E-1));
#7477=DIRECTION('',(0.E0,8.660254037844E-1,5.E-1));
#7478=AXIS2_PLACEMENT_3D('',#7475,#7476,#7477);
#7479=PLANE('',#7478);
#7480=ORIENTED_EDGE('',*,*,#7453,.F.);
#7481=ORIENTED_EDGE('',*,*,#7438,.T.);
#7483=ORIENTED_EDGE('',*,*,#7482,.F.);
#7484=ORIENTED_EDGE('',*,*,#7464,.F.);
#7485=EDGE_LOOP('',(#7480,#7481,#7483,#7484));
#7486=FACE_OUTER_BOUND('',#7485,.F.);
#7487=ADVANCED_FACE('',(#7486),#7479,.F.);
#7488=CARTESIAN_POINT('',(6.4889E0,4.06E0,-2.316175746993E0));
#7489=DIRECTION('',(0.E0,5.E-1,-8.660254037844E-1));
#7490=DIRECTION('',(0.E0,8.660254037844E-1,5.E-1));
#7491=AXIS2_PLACEMENT_3D('',#7488,#7489,#7490);
#7492=PLANE('',#7491);
#7493=ORIENTED_EDGE('',*,*,#7450,.T.);
#7494=ORIENTED_EDGE('',*,*,#7470,.F.);
#7495=ORIENTED_EDGE('',*,*,#5843,.F.);
#7496=ORIENTED_EDGE('',*,*,#7432,.T.);
#7497=EDGE_LOOP('',(#7493,#7494,#7495,#7496));
#7498=FACE_OUTER_BOUND('',#7497,.F.);
#7499=ADVANCED_FACE('',(#7498),#7492,.F.);
#7500=CARTESIAN_POINT('',(6.4889E0,6.092E0,-1.143E0));
#7501=DIRECTION('',(0.E0,1.E0,0.E0));
#7502=DIRECTION('',(0.E0,0.E0,1.E0));
#7503=AXIS2_PLACEMENT_3D('',#7500,#7501,#7502);
#7504=PLANE('',#7503);
#7505=ORIENTED_EDGE('',*,*,#4286,.T.);
#7506=ORIENTED_EDGE('',*,*,#7466,.F.);
#7507=ORIENTED_EDGE('',*,*,#7482,.T.);
#7508=ORIENTED_EDGE('',*,*,#7436,.T.);
#7509=EDGE_LOOP('',(#7505,#7506,#7507,#7508));
#7510=FACE_OUTER_BOUND('',#7509,.F.);
#7511=ADVANCED_FACE('',(#7510),#7504,.F.);
#7512=CARTESIAN_POINT('',(9.3313E0,8.68E0,-1.52E0));
#7513=DIRECTION('',(1.E0,0.E0,0.E0));
#7514=DIRECTION('',(0.E0,0.E0,-1.E0));
#7515=AXIS2_PLACEMENT_3D('',#7512,#7513,#7514);
#7516=PLANE('',#7515);
#7518=ORIENTED_EDGE('',*,*,#7517,.T.);
#7520=ORIENTED_EDGE('',*,*,#7519,.F.);
#7521=ORIENTED_EDGE('',*,*,#5848,.F.);
#7522=ORIENTED_EDGE('',*,*,#4280,.T.);
#7524=ORIENTED_EDGE('',*,*,#7523,.F.);
#7526=ORIENTED_EDGE('',*,*,#7525,.F.);
#7527=EDGE_LOOP('',(#7518,#7520,#7521,#7522,#7524,#7526));
#7528=FACE_OUTER_BOUND('',#7527,.F.);
#7529=ADVANCED_FACE('',(#7528),#7516,.T.);
#7530=CARTESIAN_POINT('',(9.2551E0,5.810327295514E0,-1.820327295514E0));
#7531=DIRECTION('',(1.E0,0.E0,0.E0));
#7532=DIRECTION('',(0.E0,0.E0,-1.E0));
#7533=AXIS2_PLACEMENT_3D('',#7530,#7531,#7532);
#7534=CYLINDRICAL_SURFACE('',#7533,5.553272955143E-1);
#7536=ORIENTED_EDGE('',*,*,#7535,.T.);
#7538=ORIENTED_EDGE('',*,*,#7537,.F.);
#7539=ORIENTED_EDGE('',*,*,#7517,.F.);
#7541=ORIENTED_EDGE('',*,*,#7540,.T.);
#7542=EDGE_LOOP('',(#7536,#7538,#7539,#7541));
#7543=FACE_OUTER_BOUND('',#7542,.F.);
#7544=ADVANCED_FACE('',(#7543),#7534,.T.);
#7545=CARTESIAN_POINT('',(1.04489E1,8.68E0,-1.52E0));
#7546=DIRECTION('',(1.E0,0.E0,0.E0));
#7547=DIRECTION('',(0.E0,0.E0,-1.E0));
#7548=AXIS2_PLACEMENT_3D('',#7545,#7546,#7547);
#7549=PLANE('',#7548);
#7550=ORIENTED_EDGE('',*,*,#7535,.F.);
#7552=ORIENTED_EDGE('',*,*,#7551,.T.);
#7554=ORIENTED_EDGE('',*,*,#7553,.T.);
#7555=ORIENTED_EDGE('',*,*,#4276,.F.);
#7556=ORIENTED_EDGE('',*,*,#5852,.T.);
#7558=ORIENTED_EDGE('',*,*,#7557,.T.);
#7559=EDGE_LOOP('',(#7550,#7552,#7554,#7555,#7556,#7558));
#7560=FACE_OUTER_BOUND('',#7559,.F.);
#7561=ADVANCED_FACE('',(#7560),#7549,.F.);
#7562=CARTESIAN_POINT('',(1.04489E1,4.06E0,-2.316175746993E0));
#7563=DIRECTION('',(0.E0,5.E-1,-8.660254037844E-1));
#7564=DIRECTION('',(0.E0,8.660254037844E-1,5.E-1));
#7565=AXIS2_PLACEMENT_3D('',#7562,#7563,#7564);
#7566=PLANE('',#7565);
#7567=ORIENTED_EDGE('',*,*,#7540,.F.);
#7568=ORIENTED_EDGE('',*,*,#7525,.T.);
#7570=ORIENTED_EDGE('',*,*,#7569,.F.);
#7571=ORIENTED_EDGE('',*,*,#7551,.F.);
#7572=EDGE_LOOP('',(#7567,#7568,#7570,#7571));
#7573=FACE_OUTER_BOUND('',#7572,.F.);
#7574=ADVANCED_FACE('',(#7573),#7566,.F.);
#7575=CARTESIAN_POINT('',(1.04489E1,4.06E0,-2.316175746993E0));
#7576=DIRECTION('',(0.E0,5.E-1,-8.660254037844E-1));
#7577=DIRECTION('',(0.E0,8.660254037844E-1,5.E-1));
#7578=AXIS2_PLACEMENT_3D('',#7575,#7576,#7577);
#7579=PLANE('',#7578);
#7580=ORIENTED_EDGE('',*,*,#7537,.T.);
#7581=ORIENTED_EDGE('',*,*,#7557,.F.);
#7582=ORIENTED_EDGE('',*,*,#5850,.F.);
#7583=ORIENTED_EDGE('',*,*,#7519,.T.);
#7584=EDGE_LOOP('',(#7580,#7581,#7582,#7583));
#7585=FACE_OUTER_BOUND('',#7584,.F.);
#7586=ADVANCED_FACE('',(#7585),#7579,.F.);
#7587=CARTESIAN_POINT('',(1.04489E1,6.092E0,-1.143E0));
#7588=DIRECTION('',(0.E0,1.E0,0.E0));
#7589=DIRECTION('',(0.E0,0.E0,1.E0));
#7590=AXIS2_PLACEMENT_3D('',#7587,#7588,#7589);
#7591=PLANE('',#7590);
#7592=ORIENTED_EDGE('',*,*,#4278,.T.);
#7593=ORIENTED_EDGE('',*,*,#7553,.F.);
#7594=ORIENTED_EDGE('',*,*,#7569,.T.);
#7595=ORIENTED_EDGE('',*,*,#7523,.T.);
#7596=EDGE_LOOP('',(#7592,#7593,#7594,#7595));
#7597=FACE_OUTER_BOUND('',#7596,.F.);
#7598=ADVANCED_FACE('',(#7597),#7591,.F.);
#7599=CARTESIAN_POINT('',(-1.57988E1,4.06E0,-1.143E1));
#7600=DIRECTION('',(0.E0,0.E0,-1.E0));
#7601=DIRECTION('',(0.E0,1.E0,0.E0));
#7602=AXIS2_PLACEMENT_3D('',#7599,#7600,#7601);
#7603=PLANE('',#7602);
#7605=ORIENTED_EDGE('',*,*,#7604,.T.);
#7607=ORIENTED_EDGE('',*,*,#7606,.F.);
#7609=ORIENTED_EDGE('',*,*,#7608,.F.);
#7610=ORIENTED_EDGE('',*,*,#4152,.F.);
#7611=ORIENTED_EDGE('',*,*,#5919,.T.);
#7613=ORIENTED_EDGE('',*,*,#7612,.T.);
#7614=EDGE_LOOP('',(#7605,#7607,#7609,#7610,#7611,#7613));
#7615=FACE_OUTER_BOUND('',#7614,.F.);
#7616=ADVANCED_FACE('',(#7615),#7603,.T.);
#7617=CARTESIAN_POINT('',(-1.57988E1,4.06E0,-1.143E1));
#7618=DIRECTION('',(0.E0,0.E0,-1.E0));
#7619=DIRECTION('',(0.E0,1.E0,0.E0));
#7620=AXIS2_PLACEMENT_3D('',#7617,#7618,#7619);
#7621=PLANE('',#7620);
#7622=ORIENTED_EDGE('',*,*,#5912,.T.);
#7623=ORIENTED_EDGE('',*,*,#5787,.T.);
#7624=ORIENTED_EDGE('',*,*,#5668,.F.);
#7626=ORIENTED_EDGE('',*,*,#7625,.F.);
#7627=EDGE_LOOP('',(#7622,#7623,#7624,#7626));
#7628=FACE_OUTER_BOUND('',#7627,.F.);
#7629=ADVANCED_FACE('',(#7628),#7621,.T.);
#7630=CARTESIAN_POINT('',(-1.57988E1,4.06E0,-1.143E1));
#7631=DIRECTION('',(0.E0,0.E0,-1.E0));
#7632=DIRECTION('',(0.E0,1.E0,0.E0));
#7633=AXIS2_PLACEMENT_3D('',#7630,#7631,#7632);
#7634=PLANE('',#7633);
#7635=ORIENTED_EDGE('',*,*,#5906,.T.);
#7637=ORIENTED_EDGE('',*,*,#7636,.T.);
#7638=ORIENTED_EDGE('',*,*,#5683,.F.);
#7640=ORIENTED_EDGE('',*,*,#7639,.F.);
#7641=EDGE_LOOP('',(#7635,#7637,#7638,#7640));
#7642=FACE_OUTER_BOUND('',#7641,.F.);
#7643=ADVANCED_FACE('',(#7642),#7634,.T.);
#7644=CARTESIAN_POINT('',(-1.57988E1,4.06E0,-1.143E1));
#7645=DIRECTION('',(0.E0,0.E0,-1.E0));
#7646=DIRECTION('',(0.E0,1.E0,0.E0));
#7647=AXIS2_PLACEMENT_3D('',#7644,#7645,#7646);
#7648=PLANE('',#7647);
#7649=ORIENTED_EDGE('',*,*,#5899,.T.);
#7651=ORIENTED_EDGE('',*,*,#7650,.T.);
#7652=ORIENTED_EDGE('',*,*,#5698,.F.);
#7654=ORIENTED_EDGE('',*,*,#7653,.F.);
#7655=EDGE_LOOP('',(#7649,#7651,#7652,#7654));
#7656=FACE_OUTER_BOUND('',#7655,.F.);
#7657=ADVANCED_FACE('',(#7656),#7648,.T.);
#7658=CARTESIAN_POINT('',(-1.57988E1,4.06E0,-1.143E1));
#7659=DIRECTION('',(0.E0,0.E0,-1.E0));
#7660=DIRECTION('',(0.E0,1.E0,0.E0));
#7661=AXIS2_PLACEMENT_3D('',#7658,#7659,#7660);
#7662=PLANE('',#7661);
#7663=ORIENTED_EDGE('',*,*,#5892,.T.);
#7665=ORIENTED_EDGE('',*,*,#7664,.T.);
#7666=ORIENTED_EDGE('',*,*,#5713,.F.);
#7668=ORIENTED_EDGE('',*,*,#7667,.F.);
#7669=EDGE_LOOP('',(#7663,#7665,#7666,#7668));
#7670=FACE_OUTER_BOUND('',#7669,.F.);
#7671=ADVANCED_FACE('',(#7670),#7662,.T.);
#7672=CARTESIAN_POINT('',(-1.57988E1,4.06E0,-1.143E1));
#7673=DIRECTION('',(0.E0,0.E0,-1.E0));
#7674=DIRECTION('',(0.E0,1.E0,0.E0));
#7675=AXIS2_PLACEMENT_3D('',#7672,#7673,#7674);
#7676=PLANE('',#7675);
#7677=ORIENTED_EDGE('',*,*,#5885,.T.);
#7679=ORIENTED_EDGE('',*,*,#7678,.T.);
#7680=ORIENTED_EDGE('',*,*,#5728,.F.);
#7682=ORIENTED_EDGE('',*,*,#7681,.F.);
#7683=EDGE_LOOP('',(#7677,#7679,#7680,#7682));
#7684=FACE_OUTER_BOUND('',#7683,.F.);
#7685=ADVANCED_FACE('',(#7684),#7676,.T.);
#7686=CARTESIAN_POINT('',(-1.57988E1,4.06E0,-1.143E1));
#7687=DIRECTION('',(0.E0,0.E0,-1.E0));
#7688=DIRECTION('',(0.E0,1.E0,0.E0));
#7689=AXIS2_PLACEMENT_3D('',#7686,#7687,#7688);
#7690=PLANE('',#7689);
#7691=ORIENTED_EDGE('',*,*,#5878,.T.);
#7693=ORIENTED_EDGE('',*,*,#7692,.T.);
#7694=ORIENTED_EDGE('',*,*,#5743,.F.);
#7696=ORIENTED_EDGE('',*,*,#7695,.F.);
#7697=EDGE_LOOP('',(#7691,#7693,#7694,#7696));
#7698=FACE_OUTER_BOUND('',#7697,.F.);
#7699=ADVANCED_FACE('',(#7698),#7690,.T.);
#7700=CARTESIAN_POINT('',(-1.57988E1,4.06E0,-1.143E1));
#7701=DIRECTION('',(0.E0,0.E0,-1.E0));
#7702=DIRECTION('',(0.E0,1.E0,0.E0));
#7703=AXIS2_PLACEMENT_3D('',#7700,#7701,#7702);
#7704=PLANE('',#7703);
#7705=ORIENTED_EDGE('',*,*,#5871,.T.);
#7707=ORIENTED_EDGE('',*,*,#7706,.T.);
#7708=ORIENTED_EDGE('',*,*,#5773,.F.);
#7710=ORIENTED_EDGE('',*,*,#7709,.F.);
#7711=EDGE_LOOP('',(#7705,#7707,#7708,#7710));
#7712=FACE_OUTER_BOUND('',#7711,.F.);
#7713=ADVANCED_FACE('',(#7712),#7704,.T.);
#7714=CARTESIAN_POINT('',(-1.57988E1,4.06E0,-1.143E1));
#7715=DIRECTION('',(0.E0,0.E0,-1.E0));
#7716=DIRECTION('',(0.E0,1.E0,0.E0));
#7717=AXIS2_PLACEMENT_3D('',#7714,#7715,#7716);
#7718=PLANE('',#7717);
#7719=ORIENTED_EDGE('',*,*,#5864,.T.);
#7720=ORIENTED_EDGE('',*,*,#5480,.T.);
#7722=ORIENTED_EDGE('',*,*,#7721,.F.);
#7724=ORIENTED_EDGE('',*,*,#7723,.T.);
#7725=ORIENTED_EDGE('',*,*,#5755,.F.);
#7727=ORIENTED_EDGE('',*,*,#7726,.F.);
#7728=EDGE_LOOP('',(#7719,#7720,#7722,#7724,#7725,#7727));
#7729=FACE_OUTER_BOUND('',#7728,.F.);
#7730=ADVANCED_FACE('',(#7729),#7718,.T.);
#7731=CARTESIAN_POINT('',(1.50388E1,5.33E0,-9.4E0));
#7732=DIRECTION('',(0.E0,-1.E0,0.E0));
#7733=DIRECTION('',(0.E0,0.E0,-1.E0));
#7734=AXIS2_PLACEMENT_3D('',#7731,#7732,#7733);
#7735=PLANE('',#7734);
#7736=ORIENTED_EDGE('',*,*,#7604,.F.);
#7738=ORIENTED_EDGE('',*,*,#7737,.F.);
#7739=ORIENTED_EDGE('',*,*,#5519,.F.);
#7741=ORIENTED_EDGE('',*,*,#7740,.F.);
#7742=EDGE_LOOP('',(#7736,#7738,#7739,#7741));
#7743=FACE_OUTER_BOUND('',#7742,.F.);
#7744=ADVANCED_FACE('',(#7743),#7735,.T.);
#7745=CARTESIAN_POINT('',(-1.51534E1,4.06E0,-9.4E0));
#7746=DIRECTION('',(-1.E0,0.E0,0.E0));
#7747=DIRECTION('',(0.E0,0.E0,-1.E0));
#7748=AXIS2_PLACEMENT_3D('',#7745,#7746,#7747);
#7749=PLANE('',#7748);
#7750=ORIENTED_EDGE('',*,*,#5917,.F.);
#7751=ORIENTED_EDGE('',*,*,#5521,.T.);
#7752=ORIENTED_EDGE('',*,*,#7737,.T.);
#7753=ORIENTED_EDGE('',*,*,#7612,.F.);
#7754=EDGE_LOOP('',(#7750,#7751,#7752,#7753));
#7755=FACE_OUTER_BOUND('',#7754,.F.);
#7756=ADVANCED_FACE('',(#7755),#7749,.F.);
#7757=CARTESIAN_POINT('',(-1.50388E1,0.E0,0.E0));
#7758=DIRECTION('',(-1.E0,0.E0,0.E0));
#7759=DIRECTION('',(0.E0,0.E0,1.E0));
#7760=AXIS2_PLACEMENT_3D('',#7757,#7758,#7759);
#7761=PLANE('',#7760);
#7762=ORIENTED_EDGE('',*,*,#7740,.T.);
#7763=ORIENTED_EDGE('',*,*,#5517,.F.);
#7765=ORIENTED_EDGE('',*,*,#7764,.F.);
#7766=ORIENTED_EDGE('',*,*,#7606,.T.);
#7767=EDGE_LOOP('',(#7762,#7763,#7765,#7766));
#7768=FACE_OUTER_BOUND('',#7767,.F.);
#7769=ADVANCED_FACE('',(#7768),#7761,.F.);
#7770=CARTESIAN_POINT('',(-1.57988E1,9.14E0,-1.143E1));
#7771=DIRECTION('',(0.E0,1.E0,0.E0));
#7772=DIRECTION('',(0.E0,0.E0,1.E0));
#7773=AXIS2_PLACEMENT_3D('',#7770,#7771,#7772);
#7774=PLANE('',#7773);
#7775=ORIENTED_EDGE('',*,*,#7608,.T.);
#7776=ORIENTED_EDGE('',*,*,#7764,.T.);
#7777=ORIENTED_EDGE('',*,*,#5515,.F.);
#7778=ORIENTED_EDGE('',*,*,#4154,.F.);
#7779=EDGE_LOOP('',(#7775,#7776,#7777,#7778));
#7780=FACE_OUTER_BOUND('',#7779,.F.);
#7781=ADVANCED_FACE('',(#7780),#7774,.T.);
#7782=CARTESIAN_POINT('',(-1.57988E1,9.14E0,-1.143E1));
#7783=DIRECTION('',(0.E0,1.E0,0.E0));
#7784=DIRECTION('',(0.E0,0.E0,1.E0));
#7785=AXIS2_PLACEMENT_3D('',#7782,#7783,#7784);
#7786=PLANE('',#7785);
#7787=ORIENTED_EDGE('',*,*,#7721,.T.);
#7788=ORIENTED_EDGE('',*,*,#5478,.T.);
#7789=ORIENTED_EDGE('',*,*,#5510,.F.);
#7791=ORIENTED_EDGE('',*,*,#7790,.F.);
#7792=EDGE_LOOP('',(#7787,#7788,#7789,#7791));
#7793=FACE_OUTER_BOUND('',#7792,.F.);
#7794=ADVANCED_FACE('',(#7793),#7786,.T.);
#7795=CARTESIAN_POINT('',(1.50388E1,0.E0,0.E0));
#7796=DIRECTION('',(1.E0,0.E0,0.E0));
#7797=DIRECTION('',(0.E0,0.E0,-1.E0));
#7798=AXIS2_PLACEMENT_3D('',#7795,#7796,#7797);
#7799=PLANE('',#7798);
#7800=ORIENTED_EDGE('',*,*,#5757,.T.);
#7801=ORIENTED_EDGE('',*,*,#7723,.F.);
#7802=ORIENTED_EDGE('',*,*,#7790,.T.);
#7803=ORIENTED_EDGE('',*,*,#5508,.T.);
#7804=EDGE_LOOP('',(#7800,#7801,#7802,#7803));
#7805=FACE_OUTER_BOUND('',#7804,.F.);
#7806=ADVANCED_FACE('',(#7805),#7799,.F.);
#7807=CARTESIAN_POINT('',(-1.28634E1,4.06E0,-1.143E1));
#7808=DIRECTION('',(1.E0,0.E0,0.E0));
#7809=DIRECTION('',(0.E0,0.E0,1.E0));
#7810=AXIS2_PLACEMENT_3D('',#7807,#7808,#7809);
#7811=PLANE('',#7810);
#7812=ORIENTED_EDGE('',*,*,#5914,.F.);
#7813=ORIENTED_EDGE('',*,*,#7625,.T.);
#7814=ORIENTED_EDGE('',*,*,#5666,.T.);
#7815=ORIENTED_EDGE('',*,*,#5525,.F.);
#7816=EDGE_LOOP('',(#7812,#7813,#7814,#7815));
#7817=FACE_OUTER_BOUND('',#7816,.F.);
#7818=ADVANCED_FACE('',(#7817),#7811,.F.);
#7819=CARTESIAN_POINT('',(-7.2334E0,4.06E0,-9.4E0));
#7820=DIRECTION('',(-1.E0,0.E0,0.E0));
#7821=DIRECTION('',(0.E0,0.E0,-1.E0));
#7822=AXIS2_PLACEMENT_3D('',#7819,#7820,#7821);
#7823=PLANE('',#7822);
#7824=ORIENTED_EDGE('',*,*,#5904,.F.);
#7825=ORIENTED_EDGE('',*,*,#5537,.T.);
#7826=ORIENTED_EDGE('',*,*,#5678,.T.);
#7827=ORIENTED_EDGE('',*,*,#7636,.F.);
#7828=EDGE_LOOP('',(#7824,#7825,#7826,#7827));
#7829=FACE_OUTER_BOUND('',#7828,.F.);
#7830=ADVANCED_FACE('',(#7829),#7823,.F.);
#7831=CARTESIAN_POINT('',(-8.9034E0,4.06E0,-1.143E1));
#7832=DIRECTION('',(1.E0,0.E0,0.E0));
#7833=DIRECTION('',(0.E0,0.E0,1.E0));
#7834=AXIS2_PLACEMENT_3D('',#7831,#7832,#7833);
#7835=PLANE('',#7834);
#7836=ORIENTED_EDGE('',*,*,#5908,.F.);
#7837=ORIENTED_EDGE('',*,*,#7639,.T.);
#7838=ORIENTED_EDGE('',*,*,#5681,.T.);
#7839=ORIENTED_EDGE('',*,*,#5533,.F.);
#7840=EDGE_LOOP('',(#7836,#7837,#7838,#7839));
#7841=FACE_OUTER_BOUND('',#7840,.F.);
#7842=ADVANCED_FACE('',(#7841),#7835,.F.);
#7843=CARTESIAN_POINT('',(-3.2734E0,4.06E0,-9.4E0));
#7844=DIRECTION('',(-1.E0,0.E0,0.E0));
#7845=DIRECTION('',(0.E0,0.E0,-1.E0));
#7846=AXIS2_PLACEMENT_3D('',#7843,#7844,#7845);
#7847=PLANE('',#7846);
#7848=ORIENTED_EDGE('',*,*,#5897,.F.);
#7849=ORIENTED_EDGE('',*,*,#5545,.T.);
#7850=ORIENTED_EDGE('',*,*,#5693,.T.);
#7851=ORIENTED_EDGE('',*,*,#7650,.F.);
#7852=EDGE_LOOP('',(#7848,#7849,#7850,#7851));
#7853=FACE_OUTER_BOUND('',#7852,.F.);
#7854=ADVANCED_FACE('',(#7853),#7847,.F.);
#7855=CARTESIAN_POINT('',(-4.9434E0,4.06E0,-1.143E1));
#7856=DIRECTION('',(1.E0,0.E0,0.E0));
#7857=DIRECTION('',(0.E0,0.E0,1.E0));
#7858=AXIS2_PLACEMENT_3D('',#7855,#7856,#7857);
#7859=PLANE('',#7858);
#7860=ORIENTED_EDGE('',*,*,#5901,.F.);
#7861=ORIENTED_EDGE('',*,*,#7653,.T.);
#7862=ORIENTED_EDGE('',*,*,#5696,.T.);
#7863=ORIENTED_EDGE('',*,*,#5541,.F.);
#7864=EDGE_LOOP('',(#7860,#7861,#7862,#7863));
#7865=FACE_OUTER_BOUND('',#7864,.F.);
#7866=ADVANCED_FACE('',(#7865),#7859,.F.);
#7867=CARTESIAN_POINT('',(6.866E-1,4.06E0,-9.4E0));
#7868=DIRECTION('',(-1.E0,0.E0,0.E0));
#7869=DIRECTION('',(0.E0,0.E0,-1.E0));
#7870=AXIS2_PLACEMENT_3D('',#7867,#7868,#7869);
#7871=PLANE('',#7870);
#7872=ORIENTED_EDGE('',*,*,#5890,.F.);
#7873=ORIENTED_EDGE('',*,*,#5553,.T.);
#7874=ORIENTED_EDGE('',*,*,#5708,.T.);
#7875=ORIENTED_EDGE('',*,*,#7664,.F.);
#7876=EDGE_LOOP('',(#7872,#7873,#7874,#7875));
#7877=FACE_OUTER_BOUND('',#7876,.F.);
#7878=ADVANCED_FACE('',(#7877),#7871,.F.);
#7879=CARTESIAN_POINT('',(-9.834E-1,4.06E0,-1.143E1));
#7880=DIRECTION('',(1.E0,0.E0,0.E0));
#7881=DIRECTION('',(0.E0,0.E0,1.E0));
#7882=AXIS2_PLACEMENT_3D('',#7879,#7880,#7881);
#7883=PLANE('',#7882);
#7884=ORIENTED_EDGE('',*,*,#5894,.F.);
#7885=ORIENTED_EDGE('',*,*,#7667,.T.);
#7886=ORIENTED_EDGE('',*,*,#5711,.T.);
#7887=ORIENTED_EDGE('',*,*,#5549,.F.);
#7888=EDGE_LOOP('',(#7884,#7885,#7886,#7887));
#7889=FACE_OUTER_BOUND('',#7888,.F.);
#7890=ADVANCED_FACE('',(#7889),#7883,.F.);
#7891=CARTESIAN_POINT('',(4.6466E0,4.06E0,-9.4E0));
#7892=DIRECTION('',(-1.E0,0.E0,0.E0));
#7893=DIRECTION('',(0.E0,0.E0,-1.E0));
#7894=AXIS2_PLACEMENT_3D('',#7891,#7892,#7893);
#7895=PLANE('',#7894);
#7896=ORIENTED_EDGE('',*,*,#5883,.F.);
#7897=ORIENTED_EDGE('',*,*,#5561,.T.);
#7898=ORIENTED_EDGE('',*,*,#5723,.T.);
#7899=ORIENTED_EDGE('',*,*,#7678,.F.);
#7900=EDGE_LOOP('',(#7896,#7897,#7898,#7899));
#7901=FACE_OUTER_BOUND('',#7900,.F.);
#7902=ADVANCED_FACE('',(#7901),#7895,.F.);
#7903=CARTESIAN_POINT('',(2.9766E0,4.06E0,-1.143E1));
#7904=DIRECTION('',(1.E0,0.E0,0.E0));
#7905=DIRECTION('',(0.E0,0.E0,1.E0));
#7906=AXIS2_PLACEMENT_3D('',#7903,#7904,#7905);
#7907=PLANE('',#7906);
#7908=ORIENTED_EDGE('',*,*,#5887,.F.);
#7909=ORIENTED_EDGE('',*,*,#7681,.T.);
#7910=ORIENTED_EDGE('',*,*,#5726,.T.);
#7911=ORIENTED_EDGE('',*,*,#5557,.F.);
#7912=EDGE_LOOP('',(#7908,#7909,#7910,#7911));
#7913=FACE_OUTER_BOUND('',#7912,.F.);
#7914=ADVANCED_FACE('',(#7913),#7907,.F.);
#7915=CARTESIAN_POINT('',(8.6066E0,4.06E0,-9.4E0));
#7916=DIRECTION('',(-1.E0,0.E0,0.E0));
#7917=DIRECTION('',(0.E0,0.E0,-1.E0));
#7918=AXIS2_PLACEMENT_3D('',#7915,#7916,#7917);
#7919=PLANE('',#7918);
#7920=ORIENTED_EDGE('',*,*,#5876,.F.);
#7921=ORIENTED_EDGE('',*,*,#5569,.T.);
#7922=ORIENTED_EDGE('',*,*,#5738,.T.);
#7923=ORIENTED_EDGE('',*,*,#7692,.F.);
#7924=EDGE_LOOP('',(#7920,#7921,#7922,#7923));
#7925=FACE_OUTER_BOUND('',#7924,.F.);
#7926=ADVANCED_FACE('',(#7925),#7919,.F.);
#7927=CARTESIAN_POINT('',(6.9366E0,4.06E0,-1.143E1));
#7928=DIRECTION('',(1.E0,0.E0,0.E0));
#7929=DIRECTION('',(0.E0,0.E0,1.E0));
#7930=AXIS2_PLACEMENT_3D('',#7927,#7928,#7929);
#7931=PLANE('',#7930);
#7932=ORIENTED_EDGE('',*,*,#5880,.F.);
#7933=ORIENTED_EDGE('',*,*,#7695,.T.);
#7934=ORIENTED_EDGE('',*,*,#5741,.T.);
#7935=ORIENTED_EDGE('',*,*,#5565,.F.);
#7936=EDGE_LOOP('',(#7932,#7933,#7934,#7935));
#7937=FACE_OUTER_BOUND('',#7936,.F.);
#7938=ADVANCED_FACE('',(#7937),#7931,.F.);
#7939=CARTESIAN_POINT('',(1.25666E1,4.06E0,-9.4E0));
#7940=DIRECTION('',(-1.E0,0.E0,0.E0));
#7941=DIRECTION('',(0.E0,0.E0,-1.E0));
#7942=AXIS2_PLACEMENT_3D('',#7939,#7940,#7941);
#7943=PLANE('',#7942);
#7944=ORIENTED_EDGE('',*,*,#5869,.F.);
#7945=ORIENTED_EDGE('',*,*,#5500,.T.);
#7946=ORIENTED_EDGE('',*,*,#5768,.T.);
#7947=ORIENTED_EDGE('',*,*,#7706,.F.);
#7948=EDGE_LOOP('',(#7944,#7945,#7946,#7947));
#7949=FACE_OUTER_BOUND('',#7948,.F.);
#7950=ADVANCED_FACE('',(#7949),#7943,.F.);
#7951=CARTESIAN_POINT('',(1.08966E1,4.06E0,-1.143E1));
#7952=DIRECTION('',(1.E0,0.E0,0.E0));
#7953=DIRECTION('',(0.E0,0.E0,1.E0));
#7954=AXIS2_PLACEMENT_3D('',#7951,#7952,#7953);
#7955=PLANE('',#7954);
#7956=ORIENTED_EDGE('',*,*,#5873,.F.);
#7957=ORIENTED_EDGE('',*,*,#7709,.T.);
#7958=ORIENTED_EDGE('',*,*,#5771,.T.);
#7959=ORIENTED_EDGE('',*,*,#5573,.F.);
#7960=EDGE_LOOP('',(#7956,#7957,#7958,#7959));
#7961=FACE_OUTER_BOUND('',#7960,.F.);
#7962=ADVANCED_FACE('',(#7961),#7955,.F.);
#7963=CARTESIAN_POINT('',(1.48566E1,4.06E0,-1.143E1));
#7964=DIRECTION('',(1.E0,0.E0,0.E0));
#7965=DIRECTION('',(0.E0,0.E0,1.E0));
#7966=AXIS2_PLACEMENT_3D('',#7963,#7964,#7965);
#7967=PLANE('',#7966);
#7968=ORIENTED_EDGE('',*,*,#5866,.F.);
#7969=ORIENTED_EDGE('',*,*,#7726,.T.);
#7970=ORIENTED_EDGE('',*,*,#5753,.T.);
#7971=ORIENTED_EDGE('',*,*,#5504,.F.);
#7972=EDGE_LOOP('',(#7968,#7969,#7970,#7971));
#7973=FACE_OUTER_BOUND('',#7972,.F.);
#7974=ADVANCED_FACE('',(#7973),#7967,.F.);
#7975=CARTESIAN_POINT('',(-1.45049E1,8.68E0,-1.52E0));
#7976=DIRECTION('',(1.E0,0.E0,0.E0));
#7977=DIRECTION('',(0.E0,0.E0,-1.E0));
#7978=AXIS2_PLACEMENT_3D('',#7975,#7976,#7977);
#7979=PLANE('',#7978);
#7981=ORIENTED_EDGE('',*,*,#7980,.T.);
#7983=ORIENTED_EDGE('',*,*,#7982,.T.);
#7984=ORIENTED_EDGE('',*,*,#5577,.F.);
#7986=ORIENTED_EDGE('',*,*,#7985,.T.);
#7987=EDGE_LOOP('',(#7981,#7983,#7984,#7986));
#7988=FACE_OUTER_BOUND('',#7987,.F.);
#7989=ADVANCED_FACE('',(#7988),#7979,.F.);
#7990=CARTESIAN_POINT('',(-1.45049E1,5.255E0,-1.3718E1));
#7991=DIRECTION('',(8.944271909999E-1,0.E0,4.472135955E-1));
#7992=DIRECTION('',(4.472135955E-1,0.E0,-8.944271909999E-1));
#7993=AXIS2_PLACEMENT_3D('',#7990,#7991,#7992);
#7994=PLANE('',#7993);
#7995=ORIENTED_EDGE('',*,*,#7980,.F.);
#7997=ORIENTED_EDGE('',*,*,#7996,.T.);
#7999=ORIENTED_EDGE('',*,*,#7998,.T.);
#8001=ORIENTED_EDGE('',*,*,#8000,.F.);
#8002=EDGE_LOOP('',(#7995,#7997,#7999,#8001));
#8003=FACE_OUTER_BOUND('',#8002,.F.);
#8004=ADVANCED_FACE('',(#8003),#7994,.F.);
#8005=CARTESIAN_POINT('',(-1.45049E1,5.255E0,-1.820327295514E0));
#8006=DIRECTION('',(0.E0,-1.E0,0.E0));
#8007=DIRECTION('',(0.E0,0.E0,-1.E0));
#8008=AXIS2_PLACEMENT_3D('',#8005,#8006,#8007);
#8009=PLANE('',#8008);
#8011=ORIENTED_EDGE('',*,*,#8010,.F.);
#8013=ORIENTED_EDGE('',*,*,#8012,.F.);
#8014=ORIENTED_EDGE('',*,*,#7996,.F.);
#8015=ORIENTED_EDGE('',*,*,#7985,.F.);
#8016=ORIENTED_EDGE('',*,*,#5583,.T.);
#8018=ORIENTED_EDGE('',*,*,#8017,.T.);
#8019=EDGE_LOOP('',(#8011,#8013,#8014,#8015,#8016,#8018));
#8020=FACE_OUTER_BOUND('',#8019,.F.);
#8021=ADVANCED_FACE('',(#8020),#8009,.T.);
#8022=CARTESIAN_POINT('',(-1.36149E1,5.255E0,-1.4478E1));
#8023=DIRECTION('',(-8.944271909999E-1,0.E0,4.472135955E-1));
#8024=DIRECTION('',(4.472135955E-1,0.E0,8.944271909999E-1));
#8025=AXIS2_PLACEMENT_3D('',#8022,#8023,#8024);
#8026=PLANE('',#8025);
#8028=ORIENTED_EDGE('',*,*,#8027,.T.);
#8030=ORIENTED_EDGE('',*,*,#8029,.F.);
#8032=ORIENTED_EDGE('',*,*,#8031,.F.);
#8033=ORIENTED_EDGE('',*,*,#8010,.T.);
#8034=EDGE_LOOP('',(#8028,#8030,#8032,#8033));
#8035=FACE_OUTER_BOUND('',#8034,.F.);
#8036=ADVANCED_FACE('',(#8035),#8026,.F.);
#8037=CARTESIAN_POINT('',(-1.32349E1,8.68E0,-1.52E0));
#8038=DIRECTION('',(1.E0,0.E0,0.E0));
#8039=DIRECTION('',(0.E0,0.E0,-1.E0));
#8040=AXIS2_PLACEMENT_3D('',#8037,#8038,#8039);
#8041=PLANE('',#8040);
#8042=ORIENTED_EDGE('',*,*,#8027,.F.);
#8043=ORIENTED_EDGE('',*,*,#8017,.F.);
#8044=ORIENTED_EDGE('',*,*,#5581,.T.);
#8046=ORIENTED_EDGE('',*,*,#8045,.F.);
#8047=EDGE_LOOP('',(#8042,#8043,#8044,#8046));
#8048=FACE_OUTER_BOUND('',#8047,.F.);
#8049=ADVANCED_FACE('',(#8048),#8041,.T.);
#8050=CARTESIAN_POINT('',(-1.45049E1,5.765E0,-1.4478E1));
#8051=DIRECTION('',(0.E0,1.E0,0.E0));
#8052=DIRECTION('',(0.E0,0.E0,1.E0));
#8053=AXIS2_PLACEMENT_3D('',#8050,#8051,#8052);
#8054=PLANE('',#8053);
#8055=ORIENTED_EDGE('',*,*,#8029,.T.);
#8056=ORIENTED_EDGE('',*,*,#8045,.T.);
#8057=ORIENTED_EDGE('',*,*,#5579,.F.);
#8058=ORIENTED_EDGE('',*,*,#7982,.F.);
#8059=ORIENTED_EDGE('',*,*,#8000,.T.);
#8061=ORIENTED_EDGE('',*,*,#8060,.T.);
#8062=EDGE_LOOP('',(#8055,#8056,#8057,#8058,#8059,#8061));
#8063=FACE_OUTER_BOUND('',#8062,.F.);
#8064=ADVANCED_FACE('',(#8063),#8054,.T.);
#8065=CARTESIAN_POINT('',(-1.45049E1,5.255E0,-1.4478E1));
#8066=DIRECTION('',(0.E0,0.E0,-1.E0));
#8067=DIRECTION('',(0.E0,1.E0,0.E0));
#8068=AXIS2_PLACEMENT_3D('',#8065,#8066,#8067);
#8069=PLANE('',#8068);
#8070=ORIENTED_EDGE('',*,*,#8031,.T.);
#8071=ORIENTED_EDGE('',*,*,#8060,.F.);
#8072=ORIENTED_EDGE('',*,*,#7998,.F.);
#8073=ORIENTED_EDGE('',*,*,#8012,.T.);
#8074=EDGE_LOOP('',(#8070,#8071,#8072,#8073));
#8075=FACE_OUTER_BOUND('',#8074,.F.);
#8076=ADVANCED_FACE('',(#8075),#8069,.T.);
#8077=CARTESIAN_POINT('',(-1.05449E1,8.68E0,-1.52E0));
#8078=DIRECTION('',(1.E0,0.E0,0.E0));
#8079=DIRECTION('',(0.E0,0.E0,-1.E0));
#8080=AXIS2_PLACEMENT_3D('',#8077,#8078,#8079);
#8081=PLANE('',#8080);
#8083=ORIENTED_EDGE('',*,*,#8082,.T.);
#8085=ORIENTED_EDGE('',*,*,#8084,.T.);
#8086=ORIENTED_EDGE('',*,*,#5587,.F.);
#8088=ORIENTED_EDGE('',*,*,#8087,.T.);
#8089=EDGE_LOOP('',(#8083,#8085,#8086,#8088));
#8090=FACE_OUTER_BOUND('',#8089,.F.);
#8091=ADVANCED_FACE('',(#8090),#8081,.F.);
#8092=CARTESIAN_POINT('',(-1.05449E1,5.255E0,-1.3718E1));
#8093=DIRECTION('',(8.944271909999E-1,0.E0,4.472135955E-1));
#8094=DIRECTION('',(4.472135955E-1,0.E0,-8.944271909999E-1));
#8095=AXIS2_PLACEMENT_3D('',#8092,#8093,#8094);
#8096=PLANE('',#8095);
#8097=ORIENTED_EDGE('',*,*,#8082,.F.);
#8099=ORIENTED_EDGE('',*,*,#8098,.T.);
#8101=ORIENTED_EDGE('',*,*,#8100,.T.);
#8103=ORIENTED_EDGE('',*,*,#8102,.F.);
#8104=EDGE_LOOP('',(#8097,#8099,#8101,#8103));
#8105=FACE_OUTER_BOUND('',#8104,.F.);
#8106=ADVANCED_FACE('',(#8105),#8096,.F.);
#8107=CARTESIAN_POINT('',(-1.05449E1,5.255E0,-1.820327295514E0));
#8108=DIRECTION('',(0.E0,-1.E0,0.E0));
#8109=DIRECTION('',(0.E0,0.E0,-1.E0));
#8110=AXIS2_PLACEMENT_3D('',#8107,#8108,#8109);
#8111=PLANE('',#8110);
#8113=ORIENTED_EDGE('',*,*,#8112,.F.);
#8115=ORIENTED_EDGE('',*,*,#8114,.F.);
#8116=ORIENTED_EDGE('',*,*,#8098,.F.);
#8117=ORIENTED_EDGE('',*,*,#8087,.F.);
#8118=ORIENTED_EDGE('',*,*,#5593,.T.);
#8120=ORIENTED_EDGE('',*,*,#8119,.T.);
#8121=EDGE_LOOP('',(#8113,#8115,#8116,#8117,#8118,#8120));
#8122=FACE_OUTER_BOUND('',#8121,.F.);
#8123=ADVANCED_FACE('',(#8122),#8111,.T.);
#8124=CARTESIAN_POINT('',(-9.6549E0,5.255E0,-1.4478E1));
#8125=DIRECTION('',(-8.944271909999E-1,0.E0,4.472135955E-1));
#8126=DIRECTION('',(4.472135955E-1,0.E0,8.944271909999E-1));
#8127=AXIS2_PLACEMENT_3D('',#8124,#8125,#8126);
#8128=PLANE('',#8127);
#8130=ORIENTED_EDGE('',*,*,#8129,.T.);
#8132=ORIENTED_EDGE('',*,*,#8131,.F.);
#8134=ORIENTED_EDGE('',*,*,#8133,.F.);
#8135=ORIENTED_EDGE('',*,*,#8112,.T.);
#8136=EDGE_LOOP('',(#8130,#8132,#8134,#8135));
#8137=FACE_OUTER_BOUND('',#8136,.F.);
#8138=ADVANCED_FACE('',(#8137),#8128,.F.);
#8139=CARTESIAN_POINT('',(-9.2749E0,8.68E0,-1.52E0));
#8140=DIRECTION('',(1.E0,0.E0,0.E0));
#8141=DIRECTION('',(0.E0,0.E0,-1.E0));
#8142=AXIS2_PLACEMENT_3D('',#8139,#8140,#8141);
#8143=PLANE('',#8142);
#8144=ORIENTED_EDGE('',*,*,#8129,.F.);
#8145=ORIENTED_EDGE('',*,*,#8119,.F.);
#8146=ORIENTED_EDGE('',*,*,#5591,.T.);
#8148=ORIENTED_EDGE('',*,*,#8147,.F.);
#8149=EDGE_LOOP('',(#8144,#8145,#8146,#8148));
#8150=FACE_OUTER_BOUND('',#8149,.F.);
#8151=ADVANCED_FACE('',(#8150),#8143,.T.);
#8152=CARTESIAN_POINT('',(-1.05449E1,5.765E0,-1.4478E1));
#8153=DIRECTION('',(0.E0,1.E0,0.E0));
#8154=DIRECTION('',(0.E0,0.E0,1.E0));
#8155=AXIS2_PLACEMENT_3D('',#8152,#8153,#8154);
#8156=PLANE('',#8155);
#8157=ORIENTED_EDGE('',*,*,#8131,.T.);
#8158=ORIENTED_EDGE('',*,*,#8147,.T.);
#8159=ORIENTED_EDGE('',*,*,#5589,.F.);
#8160=ORIENTED_EDGE('',*,*,#8084,.F.);
#8161=ORIENTED_EDGE('',*,*,#8102,.T.);
#8163=ORIENTED_EDGE('',*,*,#8162,.T.);
#8164=EDGE_LOOP('',(#8157,#8158,#8159,#8160,#8161,#8163));
#8165=FACE_OUTER_BOUND('',#8164,.F.);
#8166=ADVANCED_FACE('',(#8165),#8156,.T.);
#8167=CARTESIAN_POINT('',(-1.05449E1,5.255E0,-1.4478E1));
#8168=DIRECTION('',(0.E0,0.E0,-1.E0));
#8169=DIRECTION('',(0.E0,1.E0,0.E0));
#8170=AXIS2_PLACEMENT_3D('',#8167,#8168,#8169);
#8171=PLANE('',#8170);
#8172=ORIENTED_EDGE('',*,*,#8133,.T.);
#8173=ORIENTED_EDGE('',*,*,#8162,.F.);
#8174=ORIENTED_EDGE('',*,*,#8100,.F.);
#8175=ORIENTED_EDGE('',*,*,#8114,.T.);
#8176=EDGE_LOOP('',(#8172,#8173,#8174,#8175));
#8177=FACE_OUTER_BOUND('',#8176,.F.);
#8178=ADVANCED_FACE('',(#8177),#8171,.T.);
#8179=CARTESIAN_POINT('',(-6.5849E0,8.68E0,-1.52E0));
#8180=DIRECTION('',(1.E0,0.E0,0.E0));
#8181=DIRECTION('',(0.E0,0.E0,-1.E0));
#8182=AXIS2_PLACEMENT_3D('',#8179,#8180,#8181);
#8183=PLANE('',#8182);
#8185=ORIENTED_EDGE('',*,*,#8184,.T.);
#8187=ORIENTED_EDGE('',*,*,#8186,.T.);
#8188=ORIENTED_EDGE('',*,*,#5597,.F.);
#8190=ORIENTED_EDGE('',*,*,#8189,.T.);
#8191=EDGE_LOOP('',(#8185,#8187,#8188,#8190));
#8192=FACE_OUTER_BOUND('',#8191,.F.);
#8193=ADVANCED_FACE('',(#8192),#8183,.F.);
#8194=CARTESIAN_POINT('',(-6.5849E0,5.255E0,-1.3718E1));
#8195=DIRECTION('',(8.944271909999E-1,0.E0,4.472135955E-1));
#8196=DIRECTION('',(4.472135955E-1,0.E0,-8.944271909999E-1));
#8197=AXIS2_PLACEMENT_3D('',#8194,#8195,#8196);
#8198=PLANE('',#8197);
#8199=ORIENTED_EDGE('',*,*,#8184,.F.);
#8201=ORIENTED_EDGE('',*,*,#8200,.T.);
#8203=ORIENTED_EDGE('',*,*,#8202,.T.);
#8205=ORIENTED_EDGE('',*,*,#8204,.F.);
#8206=EDGE_LOOP('',(#8199,#8201,#8203,#8205));
#8207=FACE_OUTER_BOUND('',#8206,.F.);
#8208=ADVANCED_FACE('',(#8207),#8198,.F.);
#8209=CARTESIAN_POINT('',(-6.5849E0,5.255E0,-1.820327295514E0));
#8210=DIRECTION('',(0.E0,-1.E0,0.E0));
#8211=DIRECTION('',(0.E0,0.E0,-1.E0));
#8212=AXIS2_PLACEMENT_3D('',#8209,#8210,#8211);
#8213=PLANE('',#8212);
#8215=ORIENTED_EDGE('',*,*,#8214,.F.);
#8217=ORIENTED_EDGE('',*,*,#8216,.F.);
#8218=ORIENTED_EDGE('',*,*,#8200,.F.);
#8219=ORIENTED_EDGE('',*,*,#8189,.F.);
#8220=ORIENTED_EDGE('',*,*,#5603,.T.);
#8222=ORIENTED_EDGE('',*,*,#8221,.T.);
#8223=EDGE_LOOP('',(#8215,#8217,#8218,#8219,#8220,#8222));
#8224=FACE_OUTER_BOUND('',#8223,.F.);
#8225=ADVANCED_FACE('',(#8224),#8213,.T.);
#8226=CARTESIAN_POINT('',(-5.6949E0,5.255E0,-1.4478E1));
#8227=DIRECTION('',(-8.944271909999E-1,0.E0,4.472135955E-1));
#8228=DIRECTION('',(4.472135955E-1,0.E0,8.944271909999E-1));
#8229=AXIS2_PLACEMENT_3D('',#8226,#8227,#8228);
#8230=PLANE('',#8229);
#8232=ORIENTED_EDGE('',*,*,#8231,.T.);
#8234=ORIENTED_EDGE('',*,*,#8233,.F.);
#8236=ORIENTED_EDGE('',*,*,#8235,.F.);
#8237=ORIENTED_EDGE('',*,*,#8214,.T.);
#8238=EDGE_LOOP('',(#8232,#8234,#8236,#8237));
#8239=FACE_OUTER_BOUND('',#8238,.F.);
#8240=ADVANCED_FACE('',(#8239),#8230,.F.);
#8241=CARTESIAN_POINT('',(-5.3149E0,8.68E0,-1.52E0));
#8242=DIRECTION('',(1.E0,0.E0,0.E0));
#8243=DIRECTION('',(0.E0,0.E0,-1.E0));
#8244=AXIS2_PLACEMENT_3D('',#8241,#8242,#8243);
#8245=PLANE('',#8244);
#8246=ORIENTED_EDGE('',*,*,#8231,.F.);
#8247=ORIENTED_EDGE('',*,*,#8221,.F.);
#8248=ORIENTED_EDGE('',*,*,#5601,.T.);
#8250=ORIENTED_EDGE('',*,*,#8249,.F.);
#8251=EDGE_LOOP('',(#8246,#8247,#8248,#8250));
#8252=FACE_OUTER_BOUND('',#8251,.F.);
#8253=ADVANCED_FACE('',(#8252),#8245,.T.);
#8254=CARTESIAN_POINT('',(-6.5849E0,5.765E0,-1.4478E1));
#8255=DIRECTION('',(0.E0,1.E0,0.E0));
#8256=DIRECTION('',(0.E0,0.E0,1.E0));
#8257=AXIS2_PLACEMENT_3D('',#8254,#8255,#8256);
#8258=PLANE('',#8257);
#8259=ORIENTED_EDGE('',*,*,#8233,.T.);
#8260=ORIENTED_EDGE('',*,*,#8249,.T.);
#8261=ORIENTED_EDGE('',*,*,#5599,.F.);
#8262=ORIENTED_EDGE('',*,*,#8186,.F.);
#8263=ORIENTED_EDGE('',*,*,#8204,.T.);
#8265=ORIENTED_EDGE('',*,*,#8264,.T.);
#8266=EDGE_LOOP('',(#8259,#8260,#8261,#8262,#8263,#8265));
#8267=FACE_OUTER_BOUND('',#8266,.F.);
#8268=ADVANCED_FACE('',(#8267),#8258,.T.);
#8269=CARTESIAN_POINT('',(-6.5849E0,5.255E0,-1.4478E1));
#8270=DIRECTION('',(0.E0,0.E0,-1.E0));
#8271=DIRECTION('',(0.E0,1.E0,0.E0));
#8272=AXIS2_PLACEMENT_3D('',#8269,#8270,#8271);
#8273=PLANE('',#8272);
#8274=ORIENTED_EDGE('',*,*,#8235,.T.);
#8275=ORIENTED_EDGE('',*,*,#8264,.F.);
#8276=ORIENTED_EDGE('',*,*,#8202,.F.);
#8277=ORIENTED_EDGE('',*,*,#8216,.T.);
#8278=EDGE_LOOP('',(#8274,#8275,#8276,#8277));
#8279=FACE_OUTER_BOUND('',#8278,.F.);
#8280=ADVANCED_FACE('',(#8279),#8273,.T.);
#8281=CARTESIAN_POINT('',(-2.6249E0,8.68E0,-1.52E0));
#8282=DIRECTION('',(1.E0,0.E0,0.E0));
#8283=DIRECTION('',(0.E0,0.E0,-1.E0));
#8284=AXIS2_PLACEMENT_3D('',#8281,#8282,#8283);
#8285=PLANE('',#8284);
#8287=ORIENTED_EDGE('',*,*,#8286,.T.);
#8289=ORIENTED_EDGE('',*,*,#8288,.T.);
#8290=ORIENTED_EDGE('',*,*,#5607,.F.);
#8292=ORIENTED_EDGE('',*,*,#8291,.T.);
#8293=EDGE_LOOP('',(#8287,#8289,#8290,#8292));
#8294=FACE_OUTER_BOUND('',#8293,.F.);
#8295=ADVANCED_FACE('',(#8294),#8285,.F.);
#8296=CARTESIAN_POINT('',(-2.6249E0,5.255E0,-1.3718E1));
#8297=DIRECTION('',(8.944271909999E-1,0.E0,4.472135955E-1));
#8298=DIRECTION('',(4.472135955E-1,0.E0,-8.944271909999E-1));
#8299=AXIS2_PLACEMENT_3D('',#8296,#8297,#8298);
#8300=PLANE('',#8299);
#8301=ORIENTED_EDGE('',*,*,#8286,.F.);
#8303=ORIENTED_EDGE('',*,*,#8302,.T.);
#8305=ORIENTED_EDGE('',*,*,#8304,.T.);
#8307=ORIENTED_EDGE('',*,*,#8306,.F.);
#8308=EDGE_LOOP('',(#8301,#8303,#8305,#8307));
#8309=FACE_OUTER_BOUND('',#8308,.F.);
#8310=ADVANCED_FACE('',(#8309),#8300,.F.);
#8311=CARTESIAN_POINT('',(-2.6249E0,5.255E0,-1.820327295514E0));
#8312=DIRECTION('',(0.E0,-1.E0,0.E0));
#8313=DIRECTION('',(0.E0,0.E0,-1.E0));
#8314=AXIS2_PLACEMENT_3D('',#8311,#8312,#8313);
#8315=PLANE('',#8314);
#8317=ORIENTED_EDGE('',*,*,#8316,.F.);
#8319=ORIENTED_EDGE('',*,*,#8318,.F.);
#8320=ORIENTED_EDGE('',*,*,#8302,.F.);
#8321=ORIENTED_EDGE('',*,*,#8291,.F.);
#8322=ORIENTED_EDGE('',*,*,#5613,.T.);
#8324=ORIENTED_EDGE('',*,*,#8323,.T.);
#8325=EDGE_LOOP('',(#8317,#8319,#8320,#8321,#8322,#8324));
#8326=FACE_OUTER_BOUND('',#8325,.F.);
#8327=ADVANCED_FACE('',(#8326),#8315,.T.);
#8328=CARTESIAN_POINT('',(-1.7349E0,5.255E0,-1.4478E1));
#8329=DIRECTION('',(-8.944271909999E-1,0.E0,4.472135955E-1));
#8330=DIRECTION('',(4.472135955E-1,0.E0,8.944271909999E-1));
#8331=AXIS2_PLACEMENT_3D('',#8328,#8329,#8330);
#8332=PLANE('',#8331);
#8334=ORIENTED_EDGE('',*,*,#8333,.T.);
#8336=ORIENTED_EDGE('',*,*,#8335,.F.);
#8338=ORIENTED_EDGE('',*,*,#8337,.F.);
#8339=ORIENTED_EDGE('',*,*,#8316,.T.);
#8340=EDGE_LOOP('',(#8334,#8336,#8338,#8339));
#8341=FACE_OUTER_BOUND('',#8340,.F.);
#8342=ADVANCED_FACE('',(#8341),#8332,.F.);
#8343=CARTESIAN_POINT('',(-1.3549E0,8.68E0,-1.52E0));
#8344=DIRECTION('',(1.E0,0.E0,0.E0));
#8345=DIRECTION('',(0.E0,0.E0,-1.E0));
#8346=AXIS2_PLACEMENT_3D('',#8343,#8344,#8345);
#8347=PLANE('',#8346);
#8348=ORIENTED_EDGE('',*,*,#8333,.F.);
#8349=ORIENTED_EDGE('',*,*,#8323,.F.);
#8350=ORIENTED_EDGE('',*,*,#5611,.T.);
#8352=ORIENTED_EDGE('',*,*,#8351,.F.);
#8353=EDGE_LOOP('',(#8348,#8349,#8350,#8352));
#8354=FACE_OUTER_BOUND('',#8353,.F.);
#8355=ADVANCED_FACE('',(#8354),#8347,.T.);
#8356=CARTESIAN_POINT('',(-2.6249E0,5.765E0,-1.4478E1));
#8357=DIRECTION('',(0.E0,1.E0,0.E0));
#8358=DIRECTION('',(0.E0,0.E0,1.E0));
#8359=AXIS2_PLACEMENT_3D('',#8356,#8357,#8358);
#8360=PLANE('',#8359);
#8361=ORIENTED_EDGE('',*,*,#8335,.T.);
#8362=ORIENTED_EDGE('',*,*,#8351,.T.);
#8363=ORIENTED_EDGE('',*,*,#5609,.F.);
#8364=ORIENTED_EDGE('',*,*,#8288,.F.);
#8365=ORIENTED_EDGE('',*,*,#8306,.T.);
#8367=ORIENTED_EDGE('',*,*,#8366,.T.);
#8368=EDGE_LOOP('',(#8361,#8362,#8363,#8364,#8365,#8367));
#8369=FACE_OUTER_BOUND('',#8368,.F.);
#8370=ADVANCED_FACE('',(#8369),#8360,.T.);
#8371=CARTESIAN_POINT('',(-2.6249E0,5.255E0,-1.4478E1));
#8372=DIRECTION('',(0.E0,0.E0,-1.E0));
#8373=DIRECTION('',(0.E0,1.E0,0.E0));
#8374=AXIS2_PLACEMENT_3D('',#8371,#8372,#8373);
#8375=PLANE('',#8374);
#8376=ORIENTED_EDGE('',*,*,#8337,.T.);
#8377=ORIENTED_EDGE('',*,*,#8366,.F.);
#8378=ORIENTED_EDGE('',*,*,#8304,.F.);
#8379=ORIENTED_EDGE('',*,*,#8318,.T.);
#8380=EDGE_LOOP('',(#8376,#8377,#8378,#8379));
#8381=FACE_OUTER_BOUND('',#8380,.F.);
#8382=ADVANCED_FACE('',(#8381),#8375,.T.);
#8383=CARTESIAN_POINT('',(1.3351E0,8.68E0,-1.52E0));
#8384=DIRECTION('',(1.E0,0.E0,0.E0));
#8385=DIRECTION('',(0.E0,0.E0,-1.E0));
#8386=AXIS2_PLACEMENT_3D('',#8383,#8384,#8385);
#8387=PLANE('',#8386);
#8389=ORIENTED_EDGE('',*,*,#8388,.T.);
#8391=ORIENTED_EDGE('',*,*,#8390,.T.);
#8392=ORIENTED_EDGE('',*,*,#5617,.F.);
#8394=ORIENTED_EDGE('',*,*,#8393,.T.);
#8395=EDGE_LOOP('',(#8389,#8391,#8392,#8394));
#8396=FACE_OUTER_BOUND('',#8395,.F.);
#8397=ADVANCED_FACE('',(#8396),#8387,.F.);
#8398=CARTESIAN_POINT('',(1.3351E0,5.255E0,-1.3718E1));
#8399=DIRECTION('',(8.944271909999E-1,0.E0,4.472135955E-1));
#8400=DIRECTION('',(4.472135955E-1,0.E0,-8.944271909999E-1));
#8401=AXIS2_PLACEMENT_3D('',#8398,#8399,#8400);
#8402=PLANE('',#8401);
#8403=ORIENTED_EDGE('',*,*,#8388,.F.);
#8405=ORIENTED_EDGE('',*,*,#8404,.T.);
#8407=ORIENTED_EDGE('',*,*,#8406,.T.);
#8409=ORIENTED_EDGE('',*,*,#8408,.F.);
#8410=EDGE_LOOP('',(#8403,#8405,#8407,#8409));
#8411=FACE_OUTER_BOUND('',#8410,.F.);
#8412=ADVANCED_FACE('',(#8411),#8402,.F.);
#8413=CARTESIAN_POINT('',(1.3351E0,5.255E0,-1.820327295514E0));
#8414=DIRECTION('',(0.E0,-1.E0,0.E0));
#8415=DIRECTION('',(0.E0,0.E0,-1.E0));
#8416=AXIS2_PLACEMENT_3D('',#8413,#8414,#8415);
#8417=PLANE('',#8416);
#8419=ORIENTED_EDGE('',*,*,#8418,.F.);
#8421=ORIENTED_EDGE('',*,*,#8420,.F.);
#8422=ORIENTED_EDGE('',*,*,#8404,.F.);
#8423=ORIENTED_EDGE('',*,*,#8393,.F.);
#8424=ORIENTED_EDGE('',*,*,#5623,.T.);
#8426=ORIENTED_EDGE('',*,*,#8425,.T.);
#8427=EDGE_LOOP('',(#8419,#8421,#8422,#8423,#8424,#8426));
#8428=FACE_OUTER_BOUND('',#8427,.F.);
#8429=ADVANCED_FACE('',(#8428),#8417,.T.);
#8430=CARTESIAN_POINT('',(2.2251E0,5.255E0,-1.4478E1));
#8431=DIRECTION('',(-8.944271909999E-1,0.E0,4.472135955E-1));
#8432=DIRECTION('',(4.472135955E-1,0.E0,8.944271909999E-1));
#8433=AXIS2_PLACEMENT_3D('',#8430,#8431,#8432);
#8434=PLANE('',#8433);
#8436=ORIENTED_EDGE('',*,*,#8435,.T.);
#8438=ORIENTED_EDGE('',*,*,#8437,.F.);
#8440=ORIENTED_EDGE('',*,*,#8439,.F.);
#8441=ORIENTED_EDGE('',*,*,#8418,.T.);
#8442=EDGE_LOOP('',(#8436,#8438,#8440,#8441));
#8443=FACE_OUTER_BOUND('',#8442,.F.);
#8444=ADVANCED_FACE('',(#8443),#8434,.F.);
#8445=CARTESIAN_POINT('',(2.6051E0,8.68E0,-1.52E0));
#8446=DIRECTION('',(1.E0,0.E0,0.E0));
#8447=DIRECTION('',(0.E0,0.E0,-1.E0));
#8448=AXIS2_PLACEMENT_3D('',#8445,#8446,#8447);
#8449=PLANE('',#8448);
#8450=ORIENTED_EDGE('',*,*,#8435,.F.);
#8451=ORIENTED_EDGE('',*,*,#8425,.F.);
#8452=ORIENTED_EDGE('',*,*,#5621,.T.);
#8454=ORIENTED_EDGE('',*,*,#8453,.F.);
#8455=EDGE_LOOP('',(#8450,#8451,#8452,#8454));
#8456=FACE_OUTER_BOUND('',#8455,.F.);
#8457=ADVANCED_FACE('',(#8456),#8449,.T.);
#8458=CARTESIAN_POINT('',(1.3351E0,5.765E0,-1.4478E1));
#8459=DIRECTION('',(0.E0,1.E0,0.E0));
#8460=DIRECTION('',(0.E0,0.E0,1.E0));
#8461=AXIS2_PLACEMENT_3D('',#8458,#8459,#8460);
#8462=PLANE('',#8461);
#8463=ORIENTED_EDGE('',*,*,#8437,.T.);
#8464=ORIENTED_EDGE('',*,*,#8453,.T.);
#8465=ORIENTED_EDGE('',*,*,#5619,.F.);
#8466=ORIENTED_EDGE('',*,*,#8390,.F.);
#8467=ORIENTED_EDGE('',*,*,#8408,.T.);
#8469=ORIENTED_EDGE('',*,*,#8468,.T.);
#8470=EDGE_LOOP('',(#8463,#8464,#8465,#8466,#8467,#8469));
#8471=FACE_OUTER_BOUND('',#8470,.F.);
#8472=ADVANCED_FACE('',(#8471),#8462,.T.);
#8473=CARTESIAN_POINT('',(1.3351E0,5.255E0,-1.4478E1));
#8474=DIRECTION('',(0.E0,0.E0,-1.E0));
#8475=DIRECTION('',(0.E0,1.E0,0.E0));
#8476=AXIS2_PLACEMENT_3D('',#8473,#8474,#8475);
#8477=PLANE('',#8476);
#8478=ORIENTED_EDGE('',*,*,#8439,.T.);
#8479=ORIENTED_EDGE('',*,*,#8468,.F.);
#8480=ORIENTED_EDGE('',*,*,#8406,.F.);
#8481=ORIENTED_EDGE('',*,*,#8420,.T.);
#8482=EDGE_LOOP('',(#8478,#8479,#8480,#8481));
#8483=FACE_OUTER_BOUND('',#8482,.F.);
#8484=ADVANCED_FACE('',(#8483),#8477,.T.);
#8485=CARTESIAN_POINT('',(5.2951E0,8.68E0,-1.52E0));
#8486=DIRECTION('',(1.E0,0.E0,0.E0));
#8487=DIRECTION('',(0.E0,0.E0,-1.E0));
#8488=AXIS2_PLACEMENT_3D('',#8485,#8486,#8487);
#8489=PLANE('',#8488);
#8491=ORIENTED_EDGE('',*,*,#8490,.T.);
#8493=ORIENTED_EDGE('',*,*,#8492,.T.);
#8494=ORIENTED_EDGE('',*,*,#5627,.F.);
#8496=ORIENTED_EDGE('',*,*,#8495,.T.);
#8497=EDGE_LOOP('',(#8491,#8493,#8494,#8496));
#8498=FACE_OUTER_BOUND('',#8497,.F.);
#8499=ADVANCED_FACE('',(#8498),#8489,.F.);
#8500=CARTESIAN_POINT('',(5.2951E0,5.255E0,-1.3718E1));
#8501=DIRECTION('',(8.944271909999E-1,0.E0,4.472135955E-1));
#8502=DIRECTION('',(4.472135955E-1,0.E0,-8.944271909999E-1));
#8503=AXIS2_PLACEMENT_3D('',#8500,#8501,#8502);
#8504=PLANE('',#8503);
#8505=ORIENTED_EDGE('',*,*,#8490,.F.);
#8507=ORIENTED_EDGE('',*,*,#8506,.T.);
#8509=ORIENTED_EDGE('',*,*,#8508,.T.);
#8511=ORIENTED_EDGE('',*,*,#8510,.F.);
#8512=EDGE_LOOP('',(#8505,#8507,#8509,#8511));
#8513=FACE_OUTER_BOUND('',#8512,.F.);
#8514=ADVANCED_FACE('',(#8513),#8504,.F.);
#8515=CARTESIAN_POINT('',(5.2951E0,5.255E0,-1.820327295514E0));
#8516=DIRECTION('',(0.E0,-1.E0,0.E0));
#8517=DIRECTION('',(0.E0,0.E0,-1.E0));
#8518=AXIS2_PLACEMENT_3D('',#8515,#8516,#8517);
#8519=PLANE('',#8518);
#8521=ORIENTED_EDGE('',*,*,#8520,.F.);
#8523=ORIENTED_EDGE('',*,*,#8522,.F.);
#8524=ORIENTED_EDGE('',*,*,#8506,.F.);
#8525=ORIENTED_EDGE('',*,*,#8495,.F.);
#8526=ORIENTED_EDGE('',*,*,#5633,.T.);
#8528=ORIENTED_EDGE('',*,*,#8527,.T.);
#8529=EDGE_LOOP('',(#8521,#8523,#8524,#8525,#8526,#8528));
#8530=FACE_OUTER_BOUND('',#8529,.F.);
#8531=ADVANCED_FACE('',(#8530),#8519,.T.);
#8532=CARTESIAN_POINT('',(6.1851E0,5.255E0,-1.4478E1));
#8533=DIRECTION('',(-8.944271909999E-1,0.E0,4.472135955E-1));
#8534=DIRECTION('',(4.472135955E-1,0.E0,8.944271909999E-1));
#8535=AXIS2_PLACEMENT_3D('',#8532,#8533,#8534);
#8536=PLANE('',#8535);
#8538=ORIENTED_EDGE('',*,*,#8537,.T.);
#8540=ORIENTED_EDGE('',*,*,#8539,.F.);
#8542=ORIENTED_EDGE('',*,*,#8541,.F.);
#8543=ORIENTED_EDGE('',*,*,#8520,.T.);
#8544=EDGE_LOOP('',(#8538,#8540,#8542,#8543));
#8545=FACE_OUTER_BOUND('',#8544,.F.);
#8546=ADVANCED_FACE('',(#8545),#8536,.F.);
#8547=CARTESIAN_POINT('',(6.5651E0,8.68E0,-1.52E0));
#8548=DIRECTION('',(1.E0,0.E0,0.E0));
#8549=DIRECTION('',(0.E0,0.E0,-1.E0));
#8550=AXIS2_PLACEMENT_3D('',#8547,#8548,#8549);
#8551=PLANE('',#8550);
#8552=ORIENTED_EDGE('',*,*,#8537,.F.);
#8553=ORIENTED_EDGE('',*,*,#8527,.F.);
#8554=ORIENTED_EDGE('',*,*,#5631,.T.);
#8556=ORIENTED_EDGE('',*,*,#8555,.F.);
#8557=EDGE_LOOP('',(#8552,#8553,#8554,#8556));
#8558=FACE_OUTER_BOUND('',#8557,.F.);
#8559=ADVANCED_FACE('',(#8558),#8551,.T.);
#8560=CARTESIAN_POINT('',(5.2951E0,5.765E0,-1.4478E1));
#8561=DIRECTION('',(0.E0,1.E0,0.E0));
#8562=DIRECTION('',(0.E0,0.E0,1.E0));
#8563=AXIS2_PLACEMENT_3D('',#8560,#8561,#8562);
#8564=PLANE('',#8563);
#8565=ORIENTED_EDGE('',*,*,#8539,.T.);
#8566=ORIENTED_EDGE('',*,*,#8555,.T.);
#8567=ORIENTED_EDGE('',*,*,#5629,.F.);
#8568=ORIENTED_EDGE('',*,*,#8492,.F.);
#8569=ORIENTED_EDGE('',*,*,#8510,.T.);
#8571=ORIENTED_EDGE('',*,*,#8570,.T.);
#8572=EDGE_LOOP('',(#8565,#8566,#8567,#8568,#8569,#8571));
#8573=FACE_OUTER_BOUND('',#8572,.F.);
#8574=ADVANCED_FACE('',(#8573),#8564,.T.);
#8575=CARTESIAN_POINT('',(5.2951E0,5.255E0,-1.4478E1));
#8576=DIRECTION('',(0.E0,0.E0,-1.E0));
#8577=DIRECTION('',(0.E0,1.E0,0.E0));
#8578=AXIS2_PLACEMENT_3D('',#8575,#8576,#8577);
#8579=PLANE('',#8578);
#8580=ORIENTED_EDGE('',*,*,#8541,.T.);
#8581=ORIENTED_EDGE('',*,*,#8570,.F.);
#8582=ORIENTED_EDGE('',*,*,#8508,.F.);
#8583=ORIENTED_EDGE('',*,*,#8522,.T.);
#8584=EDGE_LOOP('',(#8580,#8581,#8582,#8583));
#8585=FACE_OUTER_BOUND('',#8584,.F.);
#8586=ADVANCED_FACE('',(#8585),#8579,.T.);
#8587=CARTESIAN_POINT('',(9.2551E0,8.68E0,-1.52E0));
#8588=DIRECTION('',(1.E0,0.E0,0.E0));
#8589=DIRECTION('',(0.E0,0.E0,-1.E0));
#8590=AXIS2_PLACEMENT_3D('',#8587,#8588,#8589);
#8591=PLANE('',#8590);
#8593=ORIENTED_EDGE('',*,*,#8592,.T.);
#8595=ORIENTED_EDGE('',*,*,#8594,.T.);
#8596=ORIENTED_EDGE('',*,*,#5637,.F.);
#8598=ORIENTED_EDGE('',*,*,#8597,.T.);
#8599=EDGE_LOOP('',(#8593,#8595,#8596,#8598));
#8600=FACE_OUTER_BOUND('',#8599,.F.);
#8601=ADVANCED_FACE('',(#8600),#8591,.F.);
#8602=CARTESIAN_POINT('',(9.2551E0,5.255E0,-1.3718E1));
#8603=DIRECTION('',(8.944271909999E-1,0.E0,4.472135955E-1));
#8604=DIRECTION('',(4.472135955E-1,0.E0,-8.944271909999E-1));
#8605=AXIS2_PLACEMENT_3D('',#8602,#8603,#8604);
#8606=PLANE('',#8605);
#8607=ORIENTED_EDGE('',*,*,#8592,.F.);
#8609=ORIENTED_EDGE('',*,*,#8608,.T.);
#8611=ORIENTED_EDGE('',*,*,#8610,.T.);
#8613=ORIENTED_EDGE('',*,*,#8612,.F.);
#8614=EDGE_LOOP('',(#8607,#8609,#8611,#8613));
#8615=FACE_OUTER_BOUND('',#8614,.F.);
#8616=ADVANCED_FACE('',(#8615),#8606,.F.);
#8617=CARTESIAN_POINT('',(9.2551E0,5.255E0,-1.820327295514E0));
#8618=DIRECTION('',(0.E0,-1.E0,0.E0));
#8619=DIRECTION('',(0.E0,0.E0,-1.E0));
#8620=AXIS2_PLACEMENT_3D('',#8617,#8618,#8619);
#8621=PLANE('',#8620);
#8623=ORIENTED_EDGE('',*,*,#8622,.F.);
#8625=ORIENTED_EDGE('',*,*,#8624,.F.);
#8626=ORIENTED_EDGE('',*,*,#8608,.F.);
#8627=ORIENTED_EDGE('',*,*,#8597,.F.);
#8628=ORIENTED_EDGE('',*,*,#5643,.T.);
#8630=ORIENTED_EDGE('',*,*,#8629,.T.);
#8631=EDGE_LOOP('',(#8623,#8625,#8626,#8627,#8628,#8630));
#8632=FACE_OUTER_BOUND('',#8631,.F.);
#8633=ADVANCED_FACE('',(#8632),#8621,.T.);
#8634=CARTESIAN_POINT('',(1.01451E1,5.255E0,-1.4478E1));
#8635=DIRECTION('',(-8.944271909999E-1,0.E0,4.472135955E-1));
#8636=DIRECTION('',(4.472135955E-1,0.E0,8.944271909999E-1));
#8637=AXIS2_PLACEMENT_3D('',#8634,#8635,#8636);
#8638=PLANE('',#8637);
#8640=ORIENTED_EDGE('',*,*,#8639,.T.);
#8642=ORIENTED_EDGE('',*,*,#8641,.F.);
#8644=ORIENTED_EDGE('',*,*,#8643,.F.);
#8645=ORIENTED_EDGE('',*,*,#8622,.T.);
#8646=EDGE_LOOP('',(#8640,#8642,#8644,#8645));
#8647=FACE_OUTER_BOUND('',#8646,.F.);
#8648=ADVANCED_FACE('',(#8647),#8638,.F.);
#8649=CARTESIAN_POINT('',(1.05251E1,8.68E0,-1.52E0));
#8650=DIRECTION('',(1.E0,0.E0,0.E0));
#8651=DIRECTION('',(0.E0,0.E0,-1.E0));
#8652=AXIS2_PLACEMENT_3D('',#8649,#8650,#8651);
#8653=PLANE('',#8652);
#8654=ORIENTED_EDGE('',*,*,#8639,.F.);
#8655=ORIENTED_EDGE('',*,*,#8629,.F.);
#8656=ORIENTED_EDGE('',*,*,#5641,.T.);
#8658=ORIENTED_EDGE('',*,*,#8657,.F.);
#8659=EDGE_LOOP('',(#8654,#8655,#8656,#8658));
#8660=FACE_OUTER_BOUND('',#8659,.F.);
#8661=ADVANCED_FACE('',(#8660),#8653,.T.);
#8662=CARTESIAN_POINT('',(9.2551E0,5.765E0,-1.4478E1));
#8663=DIRECTION('',(0.E0,1.E0,0.E0));
#8664=DIRECTION('',(0.E0,0.E0,1.E0));
#8665=AXIS2_PLACEMENT_3D('',#8662,#8663,#8664);
#8666=PLANE('',#8665);
#8667=ORIENTED_EDGE('',*,*,#8641,.T.);
#8668=ORIENTED_EDGE('',*,*,#8657,.T.);
#8669=ORIENTED_EDGE('',*,*,#5639,.F.);
#8670=ORIENTED_EDGE('',*,*,#8594,.F.);
#8671=ORIENTED_EDGE('',*,*,#8612,.T.);
#8673=ORIENTED_EDGE('',*,*,#8672,.T.);
#8674=EDGE_LOOP('',(#8667,#8668,#8669,#8670,#8671,#8673));
#8675=FACE_OUTER_BOUND('',#8674,.F.);
#8676=ADVANCED_FACE('',(#8675),#8666,.T.);
#8677=CARTESIAN_POINT('',(9.2551E0,5.255E0,-1.4478E1));
#8678=DIRECTION('',(0.E0,0.E0,-1.E0));
#8679=DIRECTION('',(0.E0,1.E0,0.E0));
#8680=AXIS2_PLACEMENT_3D('',#8677,#8678,#8679);
#8681=PLANE('',#8680);
#8682=ORIENTED_EDGE('',*,*,#8643,.T.);
#8683=ORIENTED_EDGE('',*,*,#8672,.F.);
#8684=ORIENTED_EDGE('',*,*,#8610,.F.);
#8685=ORIENTED_EDGE('',*,*,#8624,.T.);
#8686=EDGE_LOOP('',(#8682,#8683,#8684,#8685));
#8687=FACE_OUTER_BOUND('',#8686,.F.);
#8688=ADVANCED_FACE('',(#8687),#8681,.T.);
#8689=CARTESIAN_POINT('',(1.32151E1,8.68E0,-1.52E0));
#8690=DIRECTION('',(1.E0,0.E0,0.E0));
#8691=DIRECTION('',(0.E0,0.E0,-1.E0));
#8692=AXIS2_PLACEMENT_3D('',#8689,#8690,#8691);
#8693=PLANE('',#8692);
#8695=ORIENTED_EDGE('',*,*,#8694,.T.);
#8697=ORIENTED_EDGE('',*,*,#8696,.T.);
#8698=ORIENTED_EDGE('',*,*,#5647,.F.);
#8700=ORIENTED_EDGE('',*,*,#8699,.T.);
#8701=EDGE_LOOP('',(#8695,#8697,#8698,#8700));
#8702=FACE_OUTER_BOUND('',#8701,.F.);
#8703=ADVANCED_FACE('',(#8702),#8693,.F.);
#8704=CARTESIAN_POINT('',(1.32151E1,5.255E0,-1.3718E1));
#8705=DIRECTION('',(8.944271909999E-1,0.E0,4.472135955E-1));
#8706=DIRECTION('',(4.472135955E-1,0.E0,-8.944271909999E-1));
#8707=AXIS2_PLACEMENT_3D('',#8704,#8705,#8706);
#8708=PLANE('',#8707);
#8709=ORIENTED_EDGE('',*,*,#8694,.F.);
#8711=ORIENTED_EDGE('',*,*,#8710,.T.);
#8713=ORIENTED_EDGE('',*,*,#8712,.T.);
#8715=ORIENTED_EDGE('',*,*,#8714,.F.);
#8716=EDGE_LOOP('',(#8709,#8711,#8713,#8715));
#8717=FACE_OUTER_BOUND('',#8716,.F.);
#8718=ADVANCED_FACE('',(#8717),#8708,.F.);
#8719=CARTESIAN_POINT('',(1.32151E1,5.255E0,-1.820327295514E0));
#8720=DIRECTION('',(0.E0,-1.E0,0.E0));
#8721=DIRECTION('',(0.E0,0.E0,-1.E0));
#8722=AXIS2_PLACEMENT_3D('',#8719,#8720,#8721);
#8723=PLANE('',#8722);
#8725=ORIENTED_EDGE('',*,*,#8724,.F.);
#8727=ORIENTED_EDGE('',*,*,#8726,.F.);
#8728=ORIENTED_EDGE('',*,*,#8710,.F.);
#8729=ORIENTED_EDGE('',*,*,#8699,.F.);
#8730=ORIENTED_EDGE('',*,*,#5653,.T.);
#8732=ORIENTED_EDGE('',*,*,#8731,.T.);
#8733=EDGE_LOOP('',(#8725,#8727,#8728,#8729,#8730,#8732));
#8734=FACE_OUTER_BOUND('',#8733,.F.);
#8735=ADVANCED_FACE('',(#8734),#8723,.T.);
#8736=CARTESIAN_POINT('',(1.41051E1,5.255E0,-1.4478E1));
#8737=DIRECTION('',(-8.944271909999E-1,0.E0,4.472135955E-1));
#8738=DIRECTION('',(4.472135955E-1,0.E0,8.944271909999E-1));
#8739=AXIS2_PLACEMENT_3D('',#8736,#8737,#8738);
#8740=PLANE('',#8739);
#8742=ORIENTED_EDGE('',*,*,#8741,.T.);
#8744=ORIENTED_EDGE('',*,*,#8743,.F.);
#8746=ORIENTED_EDGE('',*,*,#8745,.F.);
#8747=ORIENTED_EDGE('',*,*,#8724,.T.);
#8748=EDGE_LOOP('',(#8742,#8744,#8746,#8747));
#8749=FACE_OUTER_BOUND('',#8748,.F.);
#8750=ADVANCED_FACE('',(#8749),#8740,.F.);
#8751=CARTESIAN_POINT('',(1.44851E1,8.68E0,-1.52E0));
#8752=DIRECTION('',(1.E0,0.E0,0.E0));
#8753=DIRECTION('',(0.E0,0.E0,-1.E0));
#8754=AXIS2_PLACEMENT_3D('',#8751,#8752,#8753);
#8755=PLANE('',#8754);
#8756=ORIENTED_EDGE('',*,*,#8741,.F.);
#8757=ORIENTED_EDGE('',*,*,#8731,.F.);
#8758=ORIENTED_EDGE('',*,*,#5651,.T.);
#8760=ORIENTED_EDGE('',*,*,#8759,.F.);
#8761=EDGE_LOOP('',(#8756,#8757,#8758,#8760));
#8762=FACE_OUTER_BOUND('',#8761,.F.);
#8763=ADVANCED_FACE('',(#8762),#8755,.T.);
#8764=CARTESIAN_POINT('',(1.32151E1,5.765E0,-1.4478E1));
#8765=DIRECTION('',(0.E0,1.E0,0.E0));
#8766=DIRECTION('',(0.E0,0.E0,1.E0));
#8767=AXIS2_PLACEMENT_3D('',#8764,#8765,#8766);
#8768=PLANE('',#8767);
#8769=ORIENTED_EDGE('',*,*,#8743,.T.);
#8770=ORIENTED_EDGE('',*,*,#8759,.T.);
#8771=ORIENTED_EDGE('',*,*,#5649,.F.);
#8772=ORIENTED_EDGE('',*,*,#8696,.F.);
#8773=ORIENTED_EDGE('',*,*,#8714,.T.);
#8775=ORIENTED_EDGE('',*,*,#8774,.T.);
#8776=EDGE_LOOP('',(#8769,#8770,#8771,#8772,#8773,#8775));
#8777=FACE_OUTER_BOUND('',#8776,.F.);
#8778=ADVANCED_FACE('',(#8777),#8768,.T.);
#8779=CARTESIAN_POINT('',(1.32151E1,5.255E0,-1.4478E1));
#8780=DIRECTION('',(0.E0,0.E0,-1.E0));
#8781=DIRECTION('',(0.E0,1.E0,0.E0));
#8782=AXIS2_PLACEMENT_3D('',#8779,#8780,#8781);
#8783=PLANE('',#8782);
#8784=ORIENTED_EDGE('',*,*,#8745,.T.);
#8785=ORIENTED_EDGE('',*,*,#8774,.F.);
#8786=ORIENTED_EDGE('',*,*,#8712,.F.);
#8787=ORIENTED_EDGE('',*,*,#8726,.T.);
#8788=EDGE_LOOP('',(#8784,#8785,#8786,#8787));
#8789=FACE_OUTER_BOUND('',#8788,.F.);
#8790=ADVANCED_FACE('',(#8789),#8783,.T.);
#8791=CARTESIAN_POINT('',(-1.18388E1,1.041E1,0.E0));
#8792=DIRECTION('',(0.E0,8.655040394939E-1,5.009019441165E-1));
#8793=DIRECTION('',(0.E0,5.009019441165E-1,-8.655040394939E-1));
#8794=AXIS2_PLACEMENT_3D('',#8791,#8792,#8793);
#8795=PLANE('',#8794);
#8796=ORIENTED_EDGE('',*,*,#4345,.F.);
#8797=ORIENTED_EDGE('',*,*,#4140,.T.);
#8799=ORIENTED_EDGE('',*,*,#8798,.F.);
#8801=ORIENTED_EDGE('',*,*,#8800,.F.);
#8802=EDGE_LOOP('',(#8796,#8797,#8799,#8801));
#8803=FACE_OUTER_BOUND('',#8802,.F.);
#8804=ADVANCED_FACE('',(#8803),#8795,.T.);
#8805=CARTESIAN_POINT('',(-1.18388E1,1.188E1,-2.54E0));
#8806=DIRECTION('',(0.E0,0.E0,-1.E0));
#8807=DIRECTION('',(0.E0,-1.E0,0.E0));
#8808=AXIS2_PLACEMENT_3D('',#8805,#8806,#8807);
#8809=PLANE('',#8808);
#8810=ORIENTED_EDGE('',*,*,#4180,.T.);
#8812=ORIENTED_EDGE('',*,*,#8811,.F.);
#8813=ORIENTED_EDGE('',*,*,#8798,.T.);
#8814=ORIENTED_EDGE('',*,*,#4138,.T.);
#8815=EDGE_LOOP('',(#8810,#8812,#8813,#8814));
#8816=FACE_OUTER_BOUND('',#8815,.F.);
#8817=ADVANCED_FACE('',(#8816),#8809,.T.);
#8818=CARTESIAN_POINT('',(-1.18388E1,0.E0,0.E0));
#8819=DIRECTION('',(-1.E0,0.E0,0.E0));
#8820=DIRECTION('',(0.E0,0.E0,1.E0));
#8821=AXIS2_PLACEMENT_3D('',#8818,#8819,#8820);
#8822=PLANE('',#8821);
#8823=ORIENTED_EDGE('',*,*,#4178,.F.);
#8824=ORIENTED_EDGE('',*,*,#8800,.T.);
#8825=ORIENTED_EDGE('',*,*,#8811,.T.);
#8826=EDGE_LOOP('',(#8823,#8824,#8825));
#8827=FACE_OUTER_BOUND('',#8826,.F.);
#8828=ADVANCED_FACE('',(#8827),#8822,.F.);
#8829=CARTESIAN_POINT('',(-3.914E0,1.041E1,0.E0));
#8830=DIRECTION('',(0.E0,8.655040394939E-1,5.009019441165E-1));
#8831=DIRECTION('',(0.E0,5.009019441165E-1,-8.655040394939E-1));
#8832=AXIS2_PLACEMENT_3D('',#8829,#8830,#8831);
#8833=PLANE('',#8832);
#8834=ORIENTED_EDGE('',*,*,#4348,.T.);
#8836=ORIENTED_EDGE('',*,*,#8835,.T.);
#8838=ORIENTED_EDGE('',*,*,#8837,.F.);
#8840=ORIENTED_EDGE('',*,*,#8839,.F.);
#8841=EDGE_LOOP('',(#8834,#8836,#8838,#8840));
#8842=FACE_OUTER_BOUND('',#8841,.F.);
#8843=ADVANCED_FACE('',(#8842),#8833,.T.);
#8844=CARTESIAN_POINT('',(-7.874E0,0.E0,0.E0));
#8845=DIRECTION('',(-1.E0,0.E0,0.E0));
#8846=DIRECTION('',(0.E0,0.E0,1.E0));
#8847=AXIS2_PLACEMENT_3D('',#8844,#8845,#8846);
#8848=PLANE('',#8847);
#8849=ORIENTED_EDGE('',*,*,#4174,.T.);
#8851=ORIENTED_EDGE('',*,*,#8850,.F.);
#8852=ORIENTED_EDGE('',*,*,#8835,.F.);
#8853=EDGE_LOOP('',(#8849,#8851,#8852));
#8854=FACE_OUTER_BOUND('',#8853,.F.);
#8855=ADVANCED_FACE('',(#8854),#8848,.T.);
#8856=CARTESIAN_POINT('',(-3.914E0,1.188E1,-2.54E0));
#8857=DIRECTION('',(0.E0,0.E0,-1.E0));
#8858=DIRECTION('',(0.E0,-1.E0,0.E0));
#8859=AXIS2_PLACEMENT_3D('',#8856,#8857,#8858);
#8860=PLANE('',#8859);
#8861=ORIENTED_EDGE('',*,*,#4172,.F.);
#8863=ORIENTED_EDGE('',*,*,#8862,.F.);
#8864=ORIENTED_EDGE('',*,*,#8837,.T.);
#8865=ORIENTED_EDGE('',*,*,#8850,.T.);
#8866=EDGE_LOOP('',(#8861,#8863,#8864,#8865));
#8867=FACE_OUTER_BOUND('',#8866,.F.);
#8868=ADVANCED_FACE('',(#8867),#8860,.T.);
#8869=CARTESIAN_POINT('',(-3.914E0,0.E0,0.E0));
#8870=DIRECTION('',(-1.E0,0.E0,0.E0));
#8871=DIRECTION('',(0.E0,0.E0,1.E0));
#8872=AXIS2_PLACEMENT_3D('',#8869,#8870,#8871);
#8873=PLANE('',#8872);
#8874=ORIENTED_EDGE('',*,*,#4170,.F.);
#8875=ORIENTED_EDGE('',*,*,#8839,.T.);
#8876=ORIENTED_EDGE('',*,*,#8862,.T.);
#8877=EDGE_LOOP('',(#8874,#8875,#8876));
#8878=FACE_OUTER_BOUND('',#8877,.F.);
#8879=ADVANCED_FACE('',(#8878),#8873,.F.);
#8880=CLOSED_SHELL('',(#4160,#4199,#4212,#4226,#4238,#4251,#4434,#4449,#4463,
#4477,#4490,#4505,#4520,#4533,#4546,#4558,#4573,#4587,#4601,#4614,#4629,#4644,
#4657,#4670,#4682,#4697,#4711,#4725,#4738,#4753,#4768,#4781,#4794,#4806,#4821,
#4835,#4849,#4862,#4877,#4892,#4905,#4918,#4930,#4945,#4959,#4973,#4986,#5001,
#5016,#5029,#5042,#5054,#5069,#5083,#5097,#5110,#5125,#5140,#5153,#5166,#5178,
#5193,#5207,#5221,#5234,#5249,#5264,#5277,#5290,#5302,#5317,#5331,#5345,#5358,
#5373,#5388,#5401,#5414,#5426,#5441,#5453,#5466,#5492,#5657,#5672,#5687,#5702,
#5717,#5732,#5747,#5762,#5777,#5791,#6004,#6019,#6034,#6049,#6063,#6077,#6090,
#6102,#6117,#6131,#6145,#6158,#6170,#6185,#6199,#6213,#6226,#6238,#6253,#6267,
#6281,#6294,#6306,#6321,#6335,#6349,#6362,#6374,#6389,#6403,#6417,#6430,#6442,
#6457,#6471,#6485,#6498,#6510,#6525,#6539,#6553,#6566,#6578,#6600,#6622,#6634,
#6654,#6669,#6682,#6697,#6710,#6731,#6743,#6762,#6778,#6790,#6809,#6824,#6837,
#6851,#6864,#6884,#6897,#6914,#6928,#6941,#6958,#6970,#6982,#6994,#7006,#7024,
#7039,#7056,#7069,#7081,#7093,#7111,#7126,#7143,#7156,#7168,#7180,#7198,#7213,
#7230,#7243,#7255,#7267,#7283,#7297,#7312,#7325,#7337,#7355,#7370,#7387,#7400,
#7412,#7424,#7442,#7457,#7474,#7487,#7499,#7511,#7529,#7544,#7561,#7574,#7586,
#7598,#7616,#7629,#7643,#7657,#7671,#7685,#7699,#7713,#7730,#7744,#7756,#7769,
#7781,#7794,#7806,#7818,#7830,#7842,#7854,#7866,#7878,#7890,#7902,#7914,#7926,
#7938,#7950,#7962,#7974,#7989,#8004,#8021,#8036,#8049,#8064,#8076,#8091,#8106,
#8123,#8138,#8151,#8166,#8178,#8193,#8208,#8225,#8240,#8253,#8268,#8280,#8295,
#8310,#8327,#8342,#8355,#8370,#8382,#8397,#8412,#8429,#8444,#8457,#8472,#8484,
#8499,#8514,#8531,#8546,#8559,#8574,#8586,#8601,#8616,#8633,#8648,#8661,#8676,
#8688,#8703,#8718,#8735,#8750,#8763,#8778,#8790,#8804,#8817,#8828,#8843,#8855,
#8868,#8879));
#8881=MANIFOLD_SOLID_BREP('',#8880);
#8882=CARTESIAN_POINT('',(0.E0,0.E0,0.E0));
#8883=DIRECTION('',(0.E0,0.E0,1.E0));
#8884=DIRECTION('',(1.E0,0.E0,0.E0));
#8885=AXIS2_PLACEMENT_3D('CSYS',#8882,#8883,#8884);
#8886=CARTESIAN_POINT('',(-1.39349E1,5.515E0,-1.143E1));
#8887=DIRECTION('',(0.E0,0.E0,-1.E0));
#8888=DIRECTION('',(-1.E0,0.E0,0.E0));
#8889=AXIS2_PLACEMENT_3D('',#8886,#8887,#8888);
#8893=CARTESIAN_POINT('',(-1.39349E1,5.515E0,-1.143E1));
#8894=DIRECTION('',(0.E0,0.E0,-1.E0));
#8895=DIRECTION('',(1.E0,0.E0,0.E0));
#8896=AXIS2_PLACEMENT_3D('',#8893,#8894,#8895);
#8902=CARTESIAN_POINT('',(-9.9749E0,5.515E0,-1.143E1));
#8903=DIRECTION('',(0.E0,0.E0,-1.E0));
#8904=DIRECTION('',(-1.E0,0.E0,0.E0));
#8905=AXIS2_PLACEMENT_3D('',#8902,#8903,#8904);
#8909=CARTESIAN_POINT('',(-9.9749E0,5.515E0,-1.143E1));
#8910=DIRECTION('',(0.E0,0.E0,-1.E0));
#8911=DIRECTION('',(1.E0,0.E0,0.E0));
#8912=AXIS2_PLACEMENT_3D('',#8909,#8910,#8911);
#8917=CARTESIAN_POINT('',(-6.0149E0,5.515E0,-1.143E1));
#8918=DIRECTION('',(0.E0,0.E0,-1.E0));
#8919=DIRECTION('',(-1.E0,0.E0,0.E0));
#8920=AXIS2_PLACEMENT_3D('',#8917,#8918,#8919);
#8924=CARTESIAN_POINT('',(-6.0149E0,5.515E0,-1.143E1));
#8925=DIRECTION('',(0.E0,0.E0,-1.E0));
#8926=DIRECTION('',(1.E0,0.E0,0.E0));
#8927=AXIS2_PLACEMENT_3D('',#8924,#8925,#8926);
#8932=CARTESIAN_POINT('',(-2.0549E0,5.515E0,-1.143E1));
#8933=DIRECTION('',(0.E0,0.E0,-1.E0));
#8934=DIRECTION('',(-1.E0,0.E0,0.E0));
#8935=AXIS2_PLACEMENT_3D('',#8932,#8933,#8934);
#8939=CARTESIAN_POINT('',(-2.0549E0,5.515E0,-1.143E1));
#8940=DIRECTION('',(0.E0,0.E0,-1.E0));
#8941=DIRECTION('',(1.E0,0.E0,0.E0));
#8942=AXIS2_PLACEMENT_3D('',#8939,#8940,#8941);
#8947=CARTESIAN_POINT('',(1.9051E0,5.515E0,-1.143E1));
#8948=DIRECTION('',(0.E0,0.E0,-1.E0));
#8949=DIRECTION('',(-1.E0,0.E0,0.E0));
#8950=AXIS2_PLACEMENT_3D('',#8947,#8948,#8949);
#8954=CARTESIAN_POINT('',(1.9051E0,5.515E0,-1.143E1));
#8955=DIRECTION('',(0.E0,0.E0,-1.E0));
#8956=DIRECTION('',(1.E0,0.E0,0.E0));
#8957=AXIS2_PLACEMENT_3D('',#8954,#8955,#8956);
#8962=CARTESIAN_POINT('',(5.8651E0,5.515E0,-1.143E1));
#8963=DIRECTION('',(0.E0,0.E0,-1.E0));
#8964=DIRECTION('',(-1.E0,0.E0,0.E0));
#8965=AXIS2_PLACEMENT_3D('',#8962,#8963,#8964);
#8969=CARTESIAN_POINT('',(5.8651E0,5.515E0,-1.143E1));
#8970=DIRECTION('',(0.E0,0.E0,-1.E0));
#8971=DIRECTION('',(1.E0,0.E0,0.E0));
#8972=AXIS2_PLACEMENT_3D('',#8969,#8970,#8971);
#8977=CARTESIAN_POINT('',(9.8251E0,5.515E0,-1.143E1));
#8978=DIRECTION('',(0.E0,0.E0,-1.E0));
#8979=DIRECTION('',(-1.E0,0.E0,0.E0));
#8980=AXIS2_PLACEMENT_3D('',#8977,#8978,#8979);
#8984=CARTESIAN_POINT('',(9.8251E0,5.515E0,-1.143E1));
#8985=DIRECTION('',(0.E0,0.E0,-1.E0));
#8986=DIRECTION('',(1.E0,0.E0,0.E0));
#8987=AXIS2_PLACEMENT_3D('',#8984,#8985,#8986);
#8992=CARTESIAN_POINT('',(1.37851E1,5.515E0,-1.143E1));
#8993=DIRECTION('',(0.E0,0.E0,-1.E0));
#8994=DIRECTION('',(-1.E0,0.E0,0.E0));
#8995=AXIS2_PLACEMENT_3D('',#8992,#8993,#8994);
#8999=CARTESIAN_POINT('',(1.37851E1,5.515E0,-1.143E1));
#9000=DIRECTION('',(0.E0,0.E0,-1.E0));
#9001=DIRECTION('',(1.E0,0.E0,0.E0));
#9002=AXIS2_PLACEMENT_3D('',#8999,#9000,#9001);
#9007=DIRECTION('',(1.E0,0.E0,0.E0));
#9008=VECTOR('',#9007,3.31216E1);
#9009=CARTESIAN_POINT('',(-1.65608E1,4.045E0,-1.143E1));
#9010=LINE('',#9009,#9008);
#9014=DIRECTION('',(1.E0,0.E0,0.E0));
#9015=VECTOR('',#9014,3.31216E1);
#9016=CARTESIAN_POINT('',(-1.65608E1,8.665E0,-1.143E1));
#9017=LINE('',#9016,#9015);
#9021=DIRECTION('',(0.E0,1.E0,0.E0));
#9022=VECTOR('',#9021,8.240546051244E-1);
#9023=CARTESIAN_POINT('',(-1.502456697373E1,4.318E0,0.E0));
#9024=LINE('',#9023,#9022);
#9026=DIRECTION('',(-1.E0,0.E0,0.E0));
#9027=VECTOR('',#9026,1.331165131355E-1);
#9028=CARTESIAN_POINT('',(-1.502456697373E1,5.142054605124E0,0.E0));
#9029=LINE('',#9028,#9027);
#9031=DIRECTION('',(-7.352031686112E-1,-6.778468122401E-1,0.E0));
#9032=VECTOR('',#9031,1.810608534059E-1);
#9033=CARTESIAN_POINT('',(-1.515768348686E1,5.142054605124E0,0.E0));
#9034=LINE('',#9033,#9032);
#9036=DIRECTION('',(0.E0,-1.E0,0.E0));
#9037=VECTOR('',#9036,1.402646460348E-1);
#9038=CARTESIAN_POINT('',(-1.52908E1,5.019323082822E0,0.E0));
#9039=LINE('',#9038,#9037);
#9041=DIRECTION('',(7.352030334193E-1,6.778469588712E-1,0.E0));
#9042=VECTOR('',#9041,1.810608867001E-1);
#9043=CARTESIAN_POINT('',(-1.52908E1,4.879058436787E0,0.E0));
#9044=LINE('',#9043,#9042);
#9046=DIRECTION('',(0.E0,-1.E0,0.E0));
#9047=VECTOR('',#9046,6.837900082070E-1);
#9048=CARTESIAN_POINT('',(-1.515768348686E1,5.001790008207E0,0.E0));
#9049=LINE('',#9048,#9047);
#9051=DIRECTION('',(1.E0,0.E0,0.E0));
#9052=VECTOR('',#9051,1.331165131355E-1);
#9053=CARTESIAN_POINT('',(-1.515768348686E1,4.318E0,0.E0));
#9054=LINE('',#9053,#9052);
#9057=DIMENSIONAL_EXPONENTS(0.E0,0.E0,0.E0,0.E0,0.E0,0.E0,0.E0);
#9059=PLANE_ANGLE_MEASURE_WITH_UNIT(PLANE_ANGLE_MEASURE(1.745329251994E-2),
#9058);
#9060=(CONVERSION_BASED_UNIT('DEGREE',#9059)NAMED_UNIT(*)PLANE_ANGLE_UNIT());
#9062=UNCERTAINTY_MEASURE_WITH_UNIT(LENGTH_MEASURE(3.804827788343E-3),#9056,
'closure',
'Maximum model space distance between geometric entities at asserted connectivities');
#9063=(GEOMETRIC_REPRESENTATION_CONTEXT(3)GLOBAL_UNCERTAINTY_ASSIGNED_CONTEXT((
#9062))GLOBAL_UNIT_ASSIGNED_CONTEXT((#9056,#9060,#9061))REPRESENTATION_CONTEXT(
'ID1','3'));
#8901=GEOMETRIC_SET('',(#8900,#8916,#8931,#8946,#8961,#8976,#8991,#9006,#9013,
#9020,#9025,#9030,#9035,#9040,#9045,#9050,#9055));
#9067=SHAPE_REPRESENTATION_RELATIONSHIP('','',#9066,#9064);
#9068=SHAPE_REPRESENTATION_RELATIONSHIP('','',#9066,#9065);
#9069=APPLICATION_CONTEXT(
'CONFIGURATION CONTROLLED 3D DESIGNS OF MECHANICAL PARTS AND ASSEMBLIES');
#9070=APPLICATION_PROTOCOL_DEFINITION('international standard',
'config_control_design',1994,#9069);
#9071=DESIGN_CONTEXT('',#9069,'design');
#9072=MECHANICAL_CONTEXT('',#9069,'mechanical');
#9073=PRODUCT('009483086','009483086','NOT SPECIFIED',(#9072));
#9074=PRODUCT_DEFINITION_FORMATION_WITH_SPECIFIED_SOURCE('1','LAST_VERSION',
#9073,.MADE.);
#9078=PRODUCT_CATEGORY('part','');
#9079=PRODUCT_RELATED_PRODUCT_CATEGORY('detail','',(#9073));
#9080=PRODUCT_CATEGORY_RELATIONSHIP('','',#9078,#9079);
#9081=SECURITY_CLASSIFICATION_LEVEL('unclassified');
#9082=SECURITY_CLASSIFICATION('','',#9081);
#9083=CC_DESIGN_SECURITY_CLASSIFICATION(#9082,(#9074));
#9084=APPROVAL_STATUS('approved');
#9085=APPROVAL(#9084,'');
#9086=CC_DESIGN_APPROVAL(#9085,(#9082,#9074,#9075));
#9087=CALENDAR_DATE(117,24,5);
#9088=COORDINATED_UNIVERSAL_TIME_OFFSET(5,30,.AHEAD.);
#9089=LOCAL_TIME(14,23,1.2E1,#9088);
#9090=DATE_AND_TIME(#9087,#9089);
#9091=APPROVAL_DATE_TIME(#9090,#9085);
#9092=DATE_TIME_ROLE('creation_date');
#9093=CC_DESIGN_DATE_AND_TIME_ASSIGNMENT(#9090,#9092,(#9075));
#9094=DATE_TIME_ROLE('classification_date');
#9095=CC_DESIGN_DATE_AND_TIME_ASSIGNMENT(#9090,#9094,(#9082));
#9096=PERSON('UNSPECIFIED','UNSPECIFIED',$,$,$,$);
#9097=ORGANIZATION('UNSPECIFIED','UNSPECIFIED','UNSPECIFIED');
#9098=PERSON_AND_ORGANIZATION(#9096,#9097);
#9099=APPROVAL_ROLE('approver');
#9100=APPROVAL_PERSON_ORGANIZATION(#9098,#9085,#9099);
#9101=PERSON_AND_ORGANIZATION_ROLE('creator');
#9102=CC_DESIGN_PERSON_AND_ORGANIZATION_ASSIGNMENT(#9098,#9101,(#9074,#9075));
#9103=PERSON_AND_ORGANIZATION_ROLE('design_supplier');
#9104=CC_DESIGN_PERSON_AND_ORGANIZATION_ASSIGNMENT(#9098,#9103,(#9074));
#9105=PERSON_AND_ORGANIZATION_ROLE('classification_officer');
#9106=CC_DESIGN_PERSON_AND_ORGANIZATION_ASSIGNMENT(#9098,#9105,(#9082));
#9107=PERSON_AND_ORGANIZATION_ROLE('design_owner');
#9108=CC_DESIGN_PERSON_AND_ORGANIZATION_ASSIGNMENT(#9098,#9107,(#9073));
#25=CIRCLE('',#24,3.3E0);
#974=CIRCLE('',#973,3.3E0);
#1903=CIRCLE('',#1902,5.553272955143E-1);
#1948=CIRCLE('',#1947,5.553272955143E-1);
#1997=CIRCLE('',#1996,5.553272955143E-1);
#2038=CIRCLE('',#2037,5.553272955143E-1);
#2063=CIRCLE('',#2062,3.3E0);
#2084=CIRCLE('',#2083,3.3E0);
#2113=CIRCLE('',#2112,5.553272955143E-1);
#2130=CIRCLE('',#2129,5.553272955143E-1);
#2159=CIRCLE('',#2158,5.553272955143E-1);
#2176=CIRCLE('',#2175,5.553272955143E-1);
#2205=CIRCLE('',#2204,5.553272955143E-1);
#2222=CIRCLE('',#2221,5.553272955143E-1);
#2259=CIRCLE('',#2258,3.3E0);
#2276=CIRCLE('',#2275,3.3E0);
#2297=CIRCLE('',#2296,5.553272955143E-1);
#2314=CIRCLE('',#2313,5.553272955143E-1);
#2343=CIRCLE('',#2342,5.553272955142E-1);
#2360=CIRCLE('',#2359,5.553272955142E-1);
#2389=CIRCLE('',#2388,5.553272955143E-1);
#2406=CIRCLE('',#2405,5.553272955143E-1);
#4136=EDGE_CURVE('',#3138,#3468,#4,.T.);
#4138=EDGE_CURVE('',#3486,#3468,#8,.T.);
#4140=EDGE_CURVE('',#3470,#3486,#12,.T.);
#4142=EDGE_CURVE('',#3470,#3125,#16,.T.);
#4144=EDGE_CURVE('',#3125,#3126,#20,.T.);
#4146=EDGE_CURVE('',#3126,#3129,#25,.T.);
#4148=EDGE_CURVE('',#3129,#3130,#29,.T.);
#4150=EDGE_CURVE('',#3130,#3132,#33,.T.);
#4152=EDGE_CURVE('',#3132,#3134,#37,.T.);
#4154=EDGE_CURVE('',#3134,#3136,#41,.T.);
#4156=EDGE_CURVE('',#3136,#3138,#45,.T.);
#4166=EDGE_CURVE('',#3505,#3506,#49,.T.);
#4168=EDGE_CURVE('',#3493,#3505,#405,.T.);
#4170=EDGE_CURVE('',#3493,#3494,#53,.T.);
#4172=EDGE_CURVE('',#3494,#3498,#57,.T.);
#4174=EDGE_CURVE('',#3497,#3498,#61,.T.);
#4176=EDGE_CURVE('',#3465,#3497,#397,.T.);
#4178=EDGE_CURVE('',#3465,#3466,#65,.T.);
#4180=EDGE_CURVE('',#3468,#3466,#69,.T.);
#4183=EDGE_CURVE('',#3138,#3154,#73,.T.);
#4185=EDGE_CURVE('',#3154,#3480,#949,.T.);
#4187=EDGE_CURVE('',#3480,#3478,#77,.T.);
#4189=EDGE_CURVE('',#3477,#3478,#81,.T.);
#4191=EDGE_CURVE('',#3509,#3477,#241,.T.);
#4193=EDGE_CURVE('',#3509,#3510,#85,.T.);
#4195=EDGE_CURVE('',#3506,#3510,#89,.T.);
#4206=EDGE_CURVE('',#3506,#3501,#93,.T.);
#4208=EDGE_CURVE('',#3501,#3505,#97,.T.);
#4219=EDGE_CURVE('',#3510,#3502,#105,.T.);
#4221=EDGE_CURVE('',#3501,#3502,#109,.T.);
#4233=EDGE_CURVE('',#3502,#3509,#101,.T.);
#4244=EDGE_CURVE('',#3505,#3509,#409,.T.);
#4258=EDGE_CURVE('',#3482,#3477,#245,.T.);
#4260=EDGE_CURVE('',#3482,#3141,#937,.T.);
#4262=EDGE_CURVE('',#3193,#3141,#2096,.T.);
#4264=EDGE_CURVE('',#3193,#3200,#249,.T.);
#4266=EDGE_CURVE('',#3659,#3200,#253,.T.);
#4268=EDGE_CURVE('',#3659,#3660,#257,.T.);
#4270=EDGE_CURVE('',#3662,#3660,#261,.T.);
#4272=EDGE_CURVE('',#3653,#3662,#265,.T.);
#4274=EDGE_CURVE('',#3637,#3653,#269,.T.);
#4276=EDGE_CURVE('',#3637,#3644,#273,.T.);
#4278=EDGE_CURVE('',#3646,#3644,#277,.T.);
#4280=EDGE_CURVE('',#3641,#3646,#281,.T.);
#4282=EDGE_CURVE('',#3621,#3641,#285,.T.);
#4284=EDGE_CURVE('',#3621,#3628,#289,.T.);
#4286=EDGE_CURVE('',#3630,#3628,#293,.T.);
#4288=EDGE_CURVE('',#3625,#3630,#297,.T.);
#4290=EDGE_CURVE('',#3605,#3625,#301,.T.);
#4292=EDGE_CURVE('',#3605,#3612,#305,.T.);
#4294=EDGE_CURVE('',#3614,#3612,#309,.T.);
#4296=EDGE_CURVE('',#3609,#3614,#313,.T.);
#4298=EDGE_CURVE('',#3425,#3609,#317,.T.);
#4300=EDGE_CURVE('',#3425,#3415,#2284,.T.);
#4302=EDGE_CURVE('',#3409,#3415,#2267,.T.);
#4304=EDGE_CURVE('',#3421,#3409,#2250,.T.);
#4306=EDGE_CURVE('',#3589,#3421,#321,.T.);
#4308=EDGE_CURVE('',#3589,#3596,#325,.T.);
#4310=EDGE_CURVE('',#3598,#3596,#329,.T.);
#4312=EDGE_CURVE('',#3593,#3598,#333,.T.);
#4314=EDGE_CURVE('',#3573,#3593,#337,.T.);
#4316=EDGE_CURVE('',#3573,#3580,#341,.T.);
#4318=EDGE_CURVE('',#3582,#3580,#345,.T.);
#4320=EDGE_CURVE('',#3577,#3582,#349,.T.);
#4322=EDGE_CURVE('',#3557,#3577,#353,.T.);
#4324=EDGE_CURVE('',#3557,#3564,#357,.T.);
#4326=EDGE_CURVE('',#3566,#3564,#361,.T.);
#4328=EDGE_CURVE('',#3561,#3566,#365,.T.);
#4330=EDGE_CURVE('',#3229,#3561,#369,.T.);
#4332=EDGE_CURVE('',#3229,#3234,#373,.T.);
#4334=EDGE_CURVE('',#3236,#3234,#377,.T.);
#4336=EDGE_CURVE('',#3238,#3236,#381,.T.);
#4338=EDGE_CURVE('',#3202,#3238,#385,.T.);
#4340=EDGE_CURVE('',#3197,#3202,#389,.T.);
#4342=EDGE_CURVE('',#3125,#3197,#2104,.T.);
#4345=EDGE_CURVE('',#3470,#3465,#393,.T.);
#4348=EDGE_CURVE('',#3493,#3497,#401,.T.);
#4354=EDGE_CURVE('',#3257,#3258,#129,.T.);
#4356=EDGE_CURVE('',#3258,#3260,#133,.T.);
#4358=EDGE_CURVE('',#3260,#3262,#137,.T.);
#4360=EDGE_CURVE('',#3262,#3257,#141,.T.);
#4364=EDGE_CURVE('',#3281,#3282,#145,.T.);
#4366=EDGE_CURVE('',#3282,#3284,#149,.T.);
#4368=EDGE_CURVE('',#3284,#3286,#153,.T.);
#4370=EDGE_CURVE('',#3286,#3281,#157,.T.);
#4374=EDGE_CURVE('',#3305,#3306,#161,.T.);
#4376=EDGE_CURVE('',#3306,#3308,#165,.T.);
#4378=EDGE_CURVE('',#3308,#3310,#169,.T.);
#4380=EDGE_CURVE('',#3310,#3305,#173,.T.);
#4384=EDGE_CURVE('',#3329,#3330,#177,.T.);
#4386=EDGE_CURVE('',#3330,#3332,#181,.T.);
#4388=EDGE_CURVE('',#3332,#3334,#185,.T.);
#4390=EDGE_CURVE('',#3334,#3329,#189,.T.);
#4394=EDGE_CURVE('',#3353,#3354,#193,.T.);
#4396=EDGE_CURVE('',#3354,#3356,#197,.T.);
#4398=EDGE_CURVE('',#3356,#3358,#201,.T.);
#4400=EDGE_CURVE('',#3358,#3353,#205,.T.);
#4404=EDGE_CURVE('',#3377,#3378,#209,.T.);
#4406=EDGE_CURVE('',#3378,#3380,#213,.T.);
#4408=EDGE_CURVE('',#3380,#3382,#217,.T.);
#4410=EDGE_CURVE('',#3382,#3377,#221,.T.);
#4414=EDGE_CURVE('',#3401,#3402,#225,.T.);
#4416=EDGE_CURVE('',#3402,#3404,#229,.T.);
#4418=EDGE_CURVE('',#3404,#3406,#233,.T.);
#4420=EDGE_CURVE('',#3406,#3401,#237,.T.);
#4424=EDGE_CURVE('',#3185,#3186,#113,.T.);
#4426=EDGE_CURVE('',#3186,#3188,#117,.T.);
#4428=EDGE_CURVE('',#3188,#3190,#121,.T.);
#4430=EDGE_CURVE('',#3190,#3185,#125,.T.);
#4441=EDGE_CURVE('',#3177,#3185,#413,.T.);
#4443=EDGE_CURVE('',#3177,#3178,#417,.T.);
#4445=EDGE_CURVE('',#3178,#3186,#437,.T.);
#4456=EDGE_CURVE('',#3182,#3190,#421,.T.);
#4458=EDGE_CURVE('',#3182,#3177,#425,.T.);
#4470=EDGE_CURVE('',#3180,#3188,#429,.T.);
#4472=EDGE_CURVE('',#3180,#3182,#433,.T.);
#4485=EDGE_CURVE('',#3178,#3180,#441,.T.);
#4496=EDGE_CURVE('',#3170,#3172,#461,.T.);
#4498=EDGE_CURVE('',#3172,#3180,#473,.T.);
#4501=EDGE_CURVE('',#3170,#3178,#445,.T.);
#4511=EDGE_CURVE('',#3169,#3170,#449,.T.);
#4513=EDGE_CURVE('',#3174,#3169,#453,.T.);
#4515=EDGE_CURVE('',#3172,#3174,#457,.T.);
#4529=EDGE_CURVE('',#3169,#3177,#465,.T.);
#4542=EDGE_CURVE('',#3174,#3182,#469,.T.);
#4565=EDGE_CURVE('',#3249,#3257,#477,.T.);
#4567=EDGE_CURVE('',#3249,#3250,#481,.T.);
#4569=EDGE_CURVE('',#3250,#3258,#501,.T.);
#4580=EDGE_CURVE('',#3254,#3262,#485,.T.);
#4582=EDGE_CURVE('',#3254,#3249,#489,.T.);
#4594=EDGE_CURVE('',#3252,#3260,#493,.T.);
#4596=EDGE_CURVE('',#3252,#3254,#497,.T.);
#4609=EDGE_CURVE('',#3250,#3252,#505,.T.);
#4620=EDGE_CURVE('',#3242,#3244,#525,.T.);
#4622=EDGE_CURVE('',#3244,#3252,#537,.T.);
#4625=EDGE_CURVE('',#3242,#3250,#509,.T.);
#4635=EDGE_CURVE('',#3241,#3242,#513,.T.);
#4637=EDGE_CURVE('',#3246,#3241,#517,.T.);
#4639=EDGE_CURVE('',#3244,#3246,#521,.T.);
#4653=EDGE_CURVE('',#3241,#3249,#529,.T.);
#4666=EDGE_CURVE('',#3246,#3254,#533,.T.);
#4689=EDGE_CURVE('',#3273,#3281,#541,.T.);
#4691=EDGE_CURVE('',#3273,#3274,#545,.T.);
#4693=EDGE_CURVE('',#3274,#3282,#565,.T.);
#4704=EDGE_CURVE('',#3278,#3286,#549,.T.);
#4706=EDGE_CURVE('',#3278,#3273,#553,.T.);
#4718=EDGE_CURVE('',#3276,#3284,#557,.T.);
#4720=EDGE_CURVE('',#3276,#3278,#561,.T.);
#4733=EDGE_CURVE('',#3274,#3276,#569,.T.);
#4744=EDGE_CURVE('',#3266,#3268,#589,.T.);
#4746=EDGE_CURVE('',#3268,#3276,#601,.T.);
#4749=EDGE_CURVE('',#3266,#3274,#573,.T.);
#4759=EDGE_CURVE('',#3265,#3266,#577,.T.);
#4761=EDGE_CURVE('',#3270,#3265,#581,.T.);
#4763=EDGE_CURVE('',#3268,#3270,#585,.T.);
#4777=EDGE_CURVE('',#3265,#3273,#593,.T.);
#4790=EDGE_CURVE('',#3270,#3278,#597,.T.);
#4813=EDGE_CURVE('',#3297,#3305,#605,.T.);
#4815=EDGE_CURVE('',#3297,#3298,#609,.T.);
#4817=EDGE_CURVE('',#3298,#3306,#629,.T.);
#4828=EDGE_CURVE('',#3302,#3310,#613,.T.);
#4830=EDGE_CURVE('',#3302,#3297,#617,.T.);
#4842=EDGE_CURVE('',#3300,#3308,#621,.T.);
#4844=EDGE_CURVE('',#3300,#3302,#625,.T.);
#4857=EDGE_CURVE('',#3298,#3300,#633,.T.);
#4868=EDGE_CURVE('',#3290,#3292,#653,.T.);
#4870=EDGE_CURVE('',#3292,#3300,#665,.T.);
#4873=EDGE_CURVE('',#3290,#3298,#637,.T.);
#4883=EDGE_CURVE('',#3289,#3290,#641,.T.);
#4885=EDGE_CURVE('',#3294,#3289,#645,.T.);
#4887=EDGE_CURVE('',#3292,#3294,#649,.T.);
#4901=EDGE_CURVE('',#3289,#3297,#657,.T.);
#4914=EDGE_CURVE('',#3294,#3302,#661,.T.);
#4937=EDGE_CURVE('',#3321,#3329,#669,.T.);
#4939=EDGE_CURVE('',#3321,#3322,#673,.T.);
#4941=EDGE_CURVE('',#3322,#3330,#693,.T.);
#4952=EDGE_CURVE('',#3326,#3334,#677,.T.);
#4954=EDGE_CURVE('',#3326,#3321,#681,.T.);
#4966=EDGE_CURVE('',#3324,#3332,#685,.T.);
#4968=EDGE_CURVE('',#3324,#3326,#689,.T.);
#4981=EDGE_CURVE('',#3322,#3324,#697,.T.);
#4992=EDGE_CURVE('',#3314,#3316,#717,.T.);
#4994=EDGE_CURVE('',#3316,#3324,#729,.T.);
#4997=EDGE_CURVE('',#3314,#3322,#701,.T.);
#5007=EDGE_CURVE('',#3313,#3314,#705,.T.);
#5009=EDGE_CURVE('',#3318,#3313,#709,.T.);
#5011=EDGE_CURVE('',#3316,#3318,#713,.T.);
#5025=EDGE_CURVE('',#3313,#3321,#721,.T.);
#5038=EDGE_CURVE('',#3318,#3326,#725,.T.);
#5061=EDGE_CURVE('',#3345,#3353,#733,.T.);
#5063=EDGE_CURVE('',#3345,#3346,#737,.T.);
#5065=EDGE_CURVE('',#3346,#3354,#757,.T.);
#5076=EDGE_CURVE('',#3350,#3358,#741,.T.);
#5078=EDGE_CURVE('',#3350,#3345,#745,.T.);
#5090=EDGE_CURVE('',#3348,#3356,#749,.T.);
#5092=EDGE_CURVE('',#3348,#3350,#753,.T.);
#5105=EDGE_CURVE('',#3346,#3348,#761,.T.);
#5116=EDGE_CURVE('',#3338,#3340,#781,.T.);
#5118=EDGE_CURVE('',#3340,#3348,#793,.T.);
#5121=EDGE_CURVE('',#3338,#3346,#765,.T.);
#5131=EDGE_CURVE('',#3337,#3338,#769,.T.);
#5133=EDGE_CURVE('',#3342,#3337,#773,.T.);
#5135=EDGE_CURVE('',#3340,#3342,#777,.T.);
#5149=EDGE_CURVE('',#3337,#3345,#785,.T.);
#5162=EDGE_CURVE('',#3342,#3350,#789,.T.);
#5185=EDGE_CURVE('',#3369,#3377,#797,.T.);
#5187=EDGE_CURVE('',#3369,#3370,#801,.T.);
#5189=EDGE_CURVE('',#3370,#3378,#821,.T.);
#5200=EDGE_CURVE('',#3374,#3382,#805,.T.);
#5202=EDGE_CURVE('',#3374,#3369,#809,.T.);
#5214=EDGE_CURVE('',#3372,#3380,#813,.T.);
#5216=EDGE_CURVE('',#3372,#3374,#817,.T.);
#5229=EDGE_CURVE('',#3370,#3372,#825,.T.);
#5240=EDGE_CURVE('',#3362,#3364,#845,.T.);
#5242=EDGE_CURVE('',#3364,#3372,#857,.T.);
#5245=EDGE_CURVE('',#3362,#3370,#829,.T.);
#5255=EDGE_CURVE('',#3361,#3362,#833,.T.);
#5257=EDGE_CURVE('',#3366,#3361,#837,.T.);
#5259=EDGE_CURVE('',#3364,#3366,#841,.T.);
#5273=EDGE_CURVE('',#3361,#3369,#849,.T.);
#5286=EDGE_CURVE('',#3366,#3374,#853,.T.);
#5309=EDGE_CURVE('',#3393,#3401,#861,.T.);
#5311=EDGE_CURVE('',#3393,#3394,#865,.T.);
#5313=EDGE_CURVE('',#3394,#3402,#885,.T.);
#5324=EDGE_CURVE('',#3398,#3406,#869,.T.);
#5326=EDGE_CURVE('',#3398,#3393,#873,.T.);
#5338=EDGE_CURVE('',#3396,#3404,#877,.T.);
#5340=EDGE_CURVE('',#3396,#3398,#881,.T.);
#5353=EDGE_CURVE('',#3394,#3396,#889,.T.);
#5364=EDGE_CURVE('',#3386,#3388,#909,.T.);
#5366=EDGE_CURVE('',#3388,#3396,#921,.T.);
#5369=EDGE_CURVE('',#3386,#3394,#893,.T.);
#5379=EDGE_CURVE('',#3385,#3386,#897,.T.);
#5381=EDGE_CURVE('',#3390,#3385,#901,.T.);
#5383=EDGE_CURVE('',#3388,#3390,#905,.T.);
#5397=EDGE_CURVE('',#3385,#3393,#913,.T.);
#5410=EDGE_CURVE('',#3390,#3398,#917,.T.);
#5433=EDGE_CURVE('',#3473,#3477,#933,.T.);
#5435=EDGE_CURVE('',#3473,#3474,#925,.T.);
#5437=EDGE_CURVE('',#3474,#3482,#941,.T.);
#5448=EDGE_CURVE('',#3478,#3473,#929,.T.);
#5460=EDGE_CURVE('',#3480,#3474,#945,.T.);
#5476=EDGE_CURVE('',#3152,#3154,#953,.T.);
#5478=EDGE_CURVE('',#3150,#3152,#957,.T.);
#5480=EDGE_CURVE('',#3148,#3150,#961,.T.);
#5482=EDGE_CURVE('',#3146,#3148,#965,.T.);
#5484=EDGE_CURVE('',#3145,#3146,#969,.T.);
#5486=EDGE_CURVE('',#3142,#3145,#974,.T.);
#5488=EDGE_CURVE('',#3141,#3142,#978,.T.);
#5498=EDGE_CURVE('',#3885,#3866,#1234,.T.);
#5500=EDGE_CURVE('',#3876,#3885,#2642,.T.);
#5502=EDGE_CURVE('',#3874,#3876,#1486,.T.);
#5504=EDGE_CURVE('',#3874,#3882,#982,.T.);
#5506=EDGE_CURVE('',#3165,#3882,#1226,.T.);
#5508=EDGE_CURVE('',#3162,#3165,#2618,.T.);
#5510=EDGE_CURVE('',#3162,#3152,#986,.T.);
#5515=EDGE_CURVE('',#3136,#3160,#990,.T.);
#5517=EDGE_CURVE('',#3160,#3528,#2594,.T.);
#5519=EDGE_CURVE('',#3528,#3530,#2582,.T.);
#5521=EDGE_CURVE('',#3516,#3530,#2586,.T.);
#5523=EDGE_CURVE('',#3514,#3516,#1570,.T.);
#5525=EDGE_CURVE('',#3514,#3526,#994,.T.);
#5527=EDGE_CURVE('',#3789,#3526,#1154,.T.);
#5529=EDGE_CURVE('',#3780,#3789,#1242,.T.);
#5531=EDGE_CURVE('',#3778,#3780,#1558,.T.);
#5533=EDGE_CURVE('',#3778,#3786,#998,.T.);
#5535=EDGE_CURVE('',#3805,#3786,#1166,.T.);
#5537=EDGE_CURVE('',#3796,#3805,#2622,.T.);
#5539=EDGE_CURVE('',#3794,#3796,#1546,.T.);
#5541=EDGE_CURVE('',#3794,#3802,#1002,.T.);
#5543=EDGE_CURVE('',#3821,#3802,#1178,.T.);
#5545=EDGE_CURVE('',#3812,#3821,#2626,.T.);
#5547=EDGE_CURVE('',#3810,#3812,#1534,.T.);
#5549=EDGE_CURVE('',#3810,#3818,#1006,.T.);
#5551=EDGE_CURVE('',#3837,#3818,#1190,.T.);
#5553=EDGE_CURVE('',#3828,#3837,#2630,.T.);
#5555=EDGE_CURVE('',#3826,#3828,#1522,.T.);
#5557=EDGE_CURVE('',#3826,#3834,#1010,.T.);
#5559=EDGE_CURVE('',#3853,#3834,#1202,.T.);
#5561=EDGE_CURVE('',#3844,#3853,#2634,.T.);
#5563=EDGE_CURVE('',#3842,#3844,#1510,.T.);
#5565=EDGE_CURVE('',#3842,#3850,#1014,.T.);
#5567=EDGE_CURVE('',#3869,#3850,#1214,.T.);
#5569=EDGE_CURVE('',#3860,#3869,#2638,.T.);
#5571=EDGE_CURVE('',#3858,#3860,#1498,.T.);
#5573=EDGE_CURVE('',#3858,#3866,#1018,.T.);
#5577=EDGE_CURVE('',#3550,#4072,#1022,.T.);
#5579=EDGE_CURVE('',#4072,#4074,#1026,.T.);
#5581=EDGE_CURVE('',#3548,#4074,#1030,.T.);
#5583=EDGE_CURVE('',#3550,#3548,#1034,.T.);
#5587=EDGE_CURVE('',#4077,#4078,#1038,.T.);
#5589=EDGE_CURVE('',#4078,#4082,#1042,.T.);
#5591=EDGE_CURVE('',#4081,#4082,#1046,.T.);
#5593=EDGE_CURVE('',#4077,#4081,#1050,.T.);
#5597=EDGE_CURVE('',#4085,#4086,#1054,.T.);
#5599=EDGE_CURVE('',#4086,#4090,#1058,.T.);
#5601=EDGE_CURVE('',#4089,#4090,#1062,.T.);
#5603=EDGE_CURVE('',#4085,#4089,#1066,.T.);
#5607=EDGE_CURVE('',#4093,#4094,#1070,.T.);
#5609=EDGE_CURVE('',#4094,#4098,#1074,.T.);
#5611=EDGE_CURVE('',#4097,#4098,#1078,.T.);
#5613=EDGE_CURVE('',#4093,#4097,#1082,.T.);
#5617=EDGE_CURVE('',#4101,#4102,#1086,.T.);
#5619=EDGE_CURVE('',#4102,#4106,#1090,.T.);
#5621=EDGE_CURVE('',#4105,#4106,#1094,.T.);
#5623=EDGE_CURVE('',#4101,#4105,#1098,.T.);
#5627=EDGE_CURVE('',#4109,#4110,#1102,.T.);
#5629=EDGE_CURVE('',#4110,#4114,#1106,.T.);
#5631=EDGE_CURVE('',#4113,#4114,#1110,.T.);
#5633=EDGE_CURVE('',#4109,#4113,#1114,.T.);
#5637=EDGE_CURVE('',#4117,#4118,#1118,.T.);
#5639=EDGE_CURVE('',#4118,#4122,#1122,.T.);
#5641=EDGE_CURVE('',#4121,#4122,#1126,.T.);
#5643=EDGE_CURVE('',#4117,#4121,#1130,.T.);
#5647=EDGE_CURVE('',#4125,#4126,#1134,.T.);
#5649=EDGE_CURVE('',#4126,#4130,#1138,.T.);
#5651=EDGE_CURVE('',#4129,#4130,#1142,.T.);
#5653=EDGE_CURVE('',#4125,#4129,#1146,.T.);
#5663=EDGE_CURVE('',#3789,#3790,#1150,.T.);
#5666=EDGE_CURVE('',#3525,#3526,#1158,.T.);
#5668=EDGE_CURVE('',#3525,#3790,#2458,.T.);
#5678=EDGE_CURVE('',#3805,#3806,#1162,.T.);
#5681=EDGE_CURVE('',#3785,#3786,#1170,.T.);
#5683=EDGE_CURVE('',#3785,#3806,#2474,.T.);
#5693=EDGE_CURVE('',#3821,#3822,#1174,.T.);
#5696=EDGE_CURVE('',#3801,#3802,#1182,.T.);
#5698=EDGE_CURVE('',#3801,#3822,#2490,.T.);
#5708=EDGE_CURVE('',#3837,#3838,#1186,.T.);
#5711=EDGE_CURVE('',#3817,#3818,#1194,.T.);
#5713=EDGE_CURVE('',#3817,#3838,#2506,.T.);
#5723=EDGE_CURVE('',#3853,#3854,#1198,.T.);
#5726=EDGE_CURVE('',#3833,#3834,#1206,.T.);
#5728=EDGE_CURVE('',#3833,#3854,#2522,.T.);
#5738=EDGE_CURVE('',#3869,#3870,#1210,.T.);
#5741=EDGE_CURVE('',#3849,#3850,#1218,.T.);
#5743=EDGE_CURVE('',#3849,#3870,#2538,.T.);
#5753=EDGE_CURVE('',#3881,#3882,#1222,.T.);
#5755=EDGE_CURVE('',#3881,#3166,#2570,.T.);
#5757=EDGE_CURVE('',#3165,#3166,#2614,.T.);
#5768=EDGE_CURVE('',#3885,#3886,#1230,.T.);
#5771=EDGE_CURVE('',#3865,#3866,#1238,.T.);
#5773=EDGE_CURVE('',#3865,#3886,#2554,.T.);
#5783=EDGE_CURVE('',#3780,#3782,#1562,.T.);
#5787=EDGE_CURVE('',#3782,#3790,#2454,.T.);
#5797=EDGE_CURVE('',#3453,#3130,#1878,.T.);
#5799=EDGE_CURVE('',#3453,#3232,#1374,.T.);
#5801=EDGE_CURVE('',#3232,#3230,#1378,.T.);
#5803=EDGE_CURVE('',#3229,#3230,#1382,.T.);
#5806=EDGE_CURVE('',#3561,#3562,#1386,.T.);
#5808=EDGE_CURVE('',#3562,#3558,#1390,.T.);
#5810=EDGE_CURVE('',#3557,#3558,#1394,.T.);
#5813=EDGE_CURVE('',#3577,#3578,#1398,.T.);
#5815=EDGE_CURVE('',#3578,#3574,#1402,.T.);
#5817=EDGE_CURVE('',#3573,#3574,#1406,.T.);
#5820=EDGE_CURVE('',#3593,#3594,#1410,.T.);
#5822=EDGE_CURVE('',#3594,#3590,#1414,.T.);
#5824=EDGE_CURVE('',#3589,#3590,#1418,.T.);
#5827=EDGE_CURVE('',#3421,#3422,#1422,.T.);
#5829=EDGE_CURVE('',#3422,#3426,#1426,.T.);
#5831=EDGE_CURVE('',#3425,#3426,#1430,.T.);
#5834=EDGE_CURVE('',#3609,#3610,#1434,.T.);
#5836=EDGE_CURVE('',#3610,#3606,#1438,.T.);
#5838=EDGE_CURVE('',#3605,#3606,#1442,.T.);
#5841=EDGE_CURVE('',#3625,#3626,#1446,.T.);
#5843=EDGE_CURVE('',#3626,#3622,#1450,.T.);
#5845=EDGE_CURVE('',#3621,#3622,#1454,.T.);
#5848=EDGE_CURVE('',#3641,#3642,#1458,.T.);
#5850=EDGE_CURVE('',#3642,#3638,#1462,.T.);
#5852=EDGE_CURVE('',#3637,#3638,#1466,.T.);
#5855=EDGE_CURVE('',#3653,#3654,#1470,.T.);
#5857=EDGE_CURVE('',#3654,#3656,#1474,.T.);
#5859=EDGE_CURVE('',#3462,#3656,#1478,.T.);
#5861=EDGE_CURVE('',#3146,#3462,#1854,.T.);
#5864=EDGE_CURVE('',#3873,#3148,#2562,.T.);
#5866=EDGE_CURVE('',#3873,#3874,#1482,.T.);
#5869=EDGE_CURVE('',#3876,#3878,#1490,.T.);
#5871=EDGE_CURVE('',#3857,#3878,#2546,.T.);
#5873=EDGE_CURVE('',#3857,#3858,#1494,.T.);
#5876=EDGE_CURVE('',#3860,#3862,#1502,.T.);
#5878=EDGE_CURVE('',#3841,#3862,#2530,.T.);
#5880=EDGE_CURVE('',#3841,#3842,#1506,.T.);
#5883=EDGE_CURVE('',#3844,#3846,#1514,.T.);
#5885=EDGE_CURVE('',#3825,#3846,#2514,.T.);
#5887=EDGE_CURVE('',#3825,#3826,#1518,.T.);
#5890=EDGE_CURVE('',#3828,#3830,#1526,.T.);
#5892=EDGE_CURVE('',#3809,#3830,#2498,.T.);
#5894=EDGE_CURVE('',#3809,#3810,#1530,.T.);
#5897=EDGE_CURVE('',#3812,#3814,#1538,.T.);
#5899=EDGE_CURVE('',#3793,#3814,#2482,.T.);
#5901=EDGE_CURVE('',#3793,#3794,#1542,.T.);
#5904=EDGE_CURVE('',#3796,#3798,#1550,.T.);
#5906=EDGE_CURVE('',#3777,#3798,#2466,.T.);
#5908=EDGE_CURVE('',#3777,#3778,#1554,.T.);
#5912=EDGE_CURVE('',#3513,#3782,#2450,.T.);
#5914=EDGE_CURVE('',#3513,#3514,#1566,.T.);
#5917=EDGE_CURVE('',#3516,#3518,#1574,.T.);
#5919=EDGE_CURVE('',#3132,#3518,#2442,.T.);
#5924=EDGE_CURVE('',#3217,#3218,#1246,.T.);
#5926=EDGE_CURVE('',#3218,#3222,#1250,.T.);
#5928=EDGE_CURVE('',#3220,#3222,#1254,.T.);
#5930=EDGE_CURVE('',#3220,#3217,#1258,.T.);
#5934=EDGE_CURVE('',#3673,#3674,#1262,.T.);
#5936=EDGE_CURVE('',#3674,#3676,#1266,.T.);
#5938=EDGE_CURVE('',#3676,#3678,#1270,.T.);
#5940=EDGE_CURVE('',#3678,#3673,#1274,.T.);
#5944=EDGE_CURVE('',#3689,#3690,#1278,.T.);
#5946=EDGE_CURVE('',#3690,#3692,#1282,.T.);
#5948=EDGE_CURVE('',#3692,#3694,#1286,.T.);
#5950=EDGE_CURVE('',#3694,#3689,#1290,.T.);
#5954=EDGE_CURVE('',#3705,#3706,#1294,.T.);
#5956=EDGE_CURVE('',#3706,#3708,#1298,.T.);
#5958=EDGE_CURVE('',#3708,#3710,#1302,.T.);
#5960=EDGE_CURVE('',#3710,#3705,#1306,.T.);
#5964=EDGE_CURVE('',#3721,#3722,#1310,.T.);
#5966=EDGE_CURVE('',#3722,#3724,#1314,.T.);
#5968=EDGE_CURVE('',#3724,#3726,#1318,.T.);
#5970=EDGE_CURVE('',#3726,#3721,#1322,.T.);
#5974=EDGE_CURVE('',#3737,#3738,#1326,.T.);
#5976=EDGE_CURVE('',#3738,#3740,#1330,.T.);
#5978=EDGE_CURVE('',#3740,#3742,#1334,.T.);
#5980=EDGE_CURVE('',#3742,#3737,#1338,.T.);
#5984=EDGE_CURVE('',#3753,#3754,#1342,.T.);
#5986=EDGE_CURVE('',#3754,#3756,#1346,.T.);
#5988=EDGE_CURVE('',#3756,#3758,#1350,.T.);
#5990=EDGE_CURVE('',#3758,#3753,#1354,.T.);
#5994=EDGE_CURVE('',#3769,#3770,#1358,.T.);
#5996=EDGE_CURVE('',#3770,#3772,#1362,.T.);
#5998=EDGE_CURVE('',#3772,#3774,#1366,.T.);
#6000=EDGE_CURVE('',#3774,#3769,#1370,.T.);
#6010=EDGE_CURVE('',#3429,#3430,#1578,.T.);
#6012=EDGE_CURVE('',#3202,#3429,#1582,.T.);
#6015=EDGE_CURVE('',#3238,#3430,#1586,.T.);
#6025=EDGE_CURVE('',#3433,#3434,#1590,.T.);
#6027=EDGE_CURVE('',#3659,#3433,#1594,.T.);
#6030=EDGE_CURVE('',#3200,#3434,#2079,.T.);
#6041=EDGE_CURVE('',#3217,#3209,#1598,.T.);
#6043=EDGE_CURVE('',#3209,#3210,#1614,.T.);
#6045=EDGE_CURVE('',#3218,#3210,#1610,.T.);
#6056=EDGE_CURVE('',#3220,#3212,#1602,.T.);
#6058=EDGE_CURVE('',#3212,#3209,#1618,.T.);
#6070=EDGE_CURVE('',#3222,#3214,#1606,.T.);
#6072=EDGE_CURVE('',#3214,#3212,#1622,.T.);
#6085=EDGE_CURVE('',#3210,#3214,#1626,.T.);
#6109=EDGE_CURVE('',#3673,#3665,#1630,.T.);
#6111=EDGE_CURVE('',#3665,#3666,#1646,.T.);
#6113=EDGE_CURVE('',#3674,#3666,#1642,.T.);
#6124=EDGE_CURVE('',#3678,#3670,#1634,.T.);
#6126=EDGE_CURVE('',#3670,#3665,#1650,.T.);
#6138=EDGE_CURVE('',#3676,#3668,#1638,.T.);
#6140=EDGE_CURVE('',#3668,#3670,#1654,.T.);
#6153=EDGE_CURVE('',#3666,#3668,#1658,.T.);
#6177=EDGE_CURVE('',#3689,#3681,#1662,.T.);
#6179=EDGE_CURVE('',#3681,#3682,#1678,.T.);
#6181=EDGE_CURVE('',#3690,#3682,#1674,.T.);
#6192=EDGE_CURVE('',#3694,#3686,#1666,.T.);
#6194=EDGE_CURVE('',#3686,#3681,#1682,.T.);
#6206=EDGE_CURVE('',#3692,#3684,#1670,.T.);
#6208=EDGE_CURVE('',#3684,#3686,#1686,.T.);
#6221=EDGE_CURVE('',#3682,#3684,#1690,.T.);
#6245=EDGE_CURVE('',#3705,#3697,#1694,.T.);
#6247=EDGE_CURVE('',#3697,#3698,#1710,.T.);
#6249=EDGE_CURVE('',#3706,#3698,#1706,.T.);
#6260=EDGE_CURVE('',#3710,#3702,#1698,.T.);
#6262=EDGE_CURVE('',#3702,#3697,#1714,.T.);
#6274=EDGE_CURVE('',#3708,#3700,#1702,.T.);
#6276=EDGE_CURVE('',#3700,#3702,#1718,.T.);
#6289=EDGE_CURVE('',#3698,#3700,#1722,.T.);
#6313=EDGE_CURVE('',#3721,#3713,#1726,.T.);
#6315=EDGE_CURVE('',#3713,#3714,#1742,.T.);
#6317=EDGE_CURVE('',#3722,#3714,#1738,.T.);
#6328=EDGE_CURVE('',#3726,#3718,#1730,.T.);
#6330=EDGE_CURVE('',#3718,#3713,#1746,.T.);
#6342=EDGE_CURVE('',#3724,#3716,#1734,.T.);
#6344=EDGE_CURVE('',#3716,#3718,#1750,.T.);
#6357=EDGE_CURVE('',#3714,#3716,#1754,.T.);
#6381=EDGE_CURVE('',#3737,#3729,#1758,.T.);
#6383=EDGE_CURVE('',#3729,#3730,#1774,.T.);
#6385=EDGE_CURVE('',#3738,#3730,#1770,.T.);
#6396=EDGE_CURVE('',#3742,#3734,#1762,.T.);
#6398=EDGE_CURVE('',#3734,#3729,#1778,.T.);
#6410=EDGE_CURVE('',#3740,#3732,#1766,.T.);
#6412=EDGE_CURVE('',#3732,#3734,#1782,.T.);
#6425=EDGE_CURVE('',#3730,#3732,#1786,.T.);
#6449=EDGE_CURVE('',#3753,#3745,#1790,.T.);
#6451=EDGE_CURVE('',#3745,#3746,#1806,.T.);
#6453=EDGE_CURVE('',#3754,#3746,#1802,.T.);
#6464=EDGE_CURVE('',#3758,#3750,#1794,.T.);
#6466=EDGE_CURVE('',#3750,#3745,#1810,.T.);
#6478=EDGE_CURVE('',#3756,#3748,#1798,.T.);
#6480=EDGE_CURVE('',#3748,#3750,#1814,.T.);
#6493=EDGE_CURVE('',#3746,#3748,#1818,.T.);
#6517=EDGE_CURVE('',#3769,#3761,#1822,.T.);
#6519=EDGE_CURVE('',#3761,#3762,#1838,.T.);
#6521=EDGE_CURVE('',#3770,#3762,#1834,.T.);
#6532=EDGE_CURVE('',#3774,#3766,#1826,.T.);
#6534=EDGE_CURVE('',#3766,#3761,#1842,.T.);
#6546=EDGE_CURVE('',#3772,#3764,#1830,.T.);
#6548=EDGE_CURVE('',#3764,#3766,#1846,.T.);
#6561=EDGE_CURVE('',#3762,#3764,#1850,.T.);
#6585=EDGE_CURVE('',#3462,#3888,#1886,.T.);
#6587=EDGE_CURVE('',#3892,#3888,#1919,.T.);
#6589=EDGE_CURVE('',#3458,#3892,#1931,.T.);
#6591=EDGE_CURVE('',#3438,#3458,#1858,.T.);
#6593=EDGE_CURVE('',#3204,#3438,#1862,.T.);
#6595=EDGE_CURVE('',#3204,#3145,#1866,.T.);
#6606=EDGE_CURVE('',#3206,#3442,#1870,.T.);
#6608=EDGE_CURVE('',#3445,#3442,#1874,.T.);
#6610=EDGE_CURVE('',#3445,#3446,#2021,.T.);
#6612=EDGE_CURVE('',#3454,#3446,#2009,.T.);
#6614=EDGE_CURVE('',#3453,#3454,#1976,.T.);
#6618=EDGE_CURVE('',#3129,#3206,#1882,.T.);
#6630=EDGE_CURVE('',#3656,#3888,#1890,.T.);
#6640=EDGE_CURVE('',#3433,#3890,#1894,.T.);
#6642=EDGE_CURVE('',#3890,#3954,#1898,.T.);
#6644=EDGE_CURVE('',#3953,#3954,#1903,.T.);
#6646=EDGE_CURVE('',#3953,#3649,#1907,.T.);
#6648=EDGE_CURVE('',#3649,#3660,#1911,.T.);
#6660=EDGE_CURVE('',#3957,#3953,#1915,.T.);
#6662=EDGE_CURVE('',#3957,#3650,#1943,.T.);
#6664=EDGE_CURVE('',#3649,#3650,#1964,.T.);
#6678=EDGE_CURVE('',#3654,#3892,#1935,.T.);
#6689=EDGE_CURVE('',#3894,#3890,#1923,.T.);
#6691=EDGE_CURVE('',#3894,#3958,#1952,.T.);
#6693=EDGE_CURVE('',#3958,#3954,#1927,.T.);
#6705=EDGE_CURVE('',#3957,#3958,#1948,.T.);
#6720=EDGE_CURVE('',#3650,#3662,#1939,.T.);
#6725=EDGE_CURVE('',#3460,#3894,#1956,.T.);
#6727=EDGE_CURVE('',#3460,#3458,#1960,.T.);
#6750=EDGE_CURVE('',#3430,#3456,#1984,.T.);
#6752=EDGE_CURVE('',#3456,#3450,#2013,.T.);
#6754=EDGE_CURVE('',#3449,#3450,#2029,.T.);
#6756=EDGE_CURVE('',#3449,#3440,#1968,.T.);
#6758=EDGE_CURVE('',#3429,#3440,#2054,.T.);
#6769=EDGE_CURVE('',#3434,#3436,#2075,.T.);
#6771=EDGE_CURVE('',#3436,#3460,#1972,.T.);
#6785=EDGE_CURVE('',#3232,#3454,#1980,.T.);
#6799=EDGE_CURVE('',#3226,#3236,#1988,.T.);
#6801=EDGE_CURVE('',#3901,#3226,#1992,.T.);
#6803=EDGE_CURVE('',#3901,#3902,#1997,.T.);
#6805=EDGE_CURVE('',#3456,#3902,#2001,.T.);
#6815=EDGE_CURVE('',#3901,#3897,#2005,.T.);
#6818=EDGE_CURVE('',#3225,#3226,#2108,.T.);
#6820=EDGE_CURVE('',#3897,#3225,#2042,.T.);
#6831=EDGE_CURVE('',#3230,#3446,#2050,.T.);
#6843=EDGE_CURVE('',#3450,#3898,#2033,.T.);
#6847=EDGE_CURVE('',#3902,#3898,#2017,.T.);
#6857=EDGE_CURVE('',#3897,#3898,#2038,.T.);
#6871=EDGE_CURVE('',#3449,#3445,#2025,.T.);
#6877=EDGE_CURVE('',#3225,#3234,#2046,.T.);
#6890=EDGE_CURVE('',#3440,#3442,#2058,.T.);
#6906=EDGE_CURVE('',#3198,#3206,#2063,.T.);
#6908=EDGE_CURVE('',#3197,#3198,#2100,.T.);
#6920=EDGE_CURVE('',#3194,#3204,#2084,.T.);
#6922=EDGE_CURVE('',#3194,#3142,#2067,.T.);
#6937=EDGE_CURVE('',#3126,#3198,#2071,.T.);
#6950=EDGE_CURVE('',#3193,#3194,#2092,.T.);
#6954=EDGE_CURVE('',#3436,#3438,#2088,.T.);
#7012=EDGE_CURVE('',#3909,#3910,#2113,.T.);
#7014=EDGE_CURVE('',#3562,#3910,#2117,.T.);
#7018=EDGE_CURVE('',#3554,#3566,#2121,.T.);
#7020=EDGE_CURVE('',#3909,#3554,#2125,.T.);
#7030=EDGE_CURVE('',#3905,#3906,#2130,.T.);
#7032=EDGE_CURVE('',#3910,#3906,#2150,.T.);
#7035=EDGE_CURVE('',#3909,#3905,#2146,.T.);
#7046=EDGE_CURVE('',#3905,#3553,#2134,.T.);
#7048=EDGE_CURVE('',#3553,#3564,#2138,.T.);
#7052=EDGE_CURVE('',#3558,#3906,#2142,.T.);
#7064=EDGE_CURVE('',#3553,#3554,#2154,.T.);
#7099=EDGE_CURVE('',#3917,#3918,#2159,.T.);
#7101=EDGE_CURVE('',#3578,#3918,#2163,.T.);
#7105=EDGE_CURVE('',#3570,#3582,#2167,.T.);
#7107=EDGE_CURVE('',#3917,#3570,#2171,.T.);
#7117=EDGE_CURVE('',#3913,#3914,#2176,.T.);
#7119=EDGE_CURVE('',#3918,#3914,#2196,.T.);
#7122=EDGE_CURVE('',#3917,#3913,#2192,.T.);
#7133=EDGE_CURVE('',#3913,#3569,#2180,.T.);
#7135=EDGE_CURVE('',#3569,#3580,#2184,.T.);
#7139=EDGE_CURVE('',#3574,#3914,#2188,.T.);
#7151=EDGE_CURVE('',#3569,#3570,#2200,.T.);
#7186=EDGE_CURVE('',#3925,#3926,#2205,.T.);
#7188=EDGE_CURVE('',#3594,#3926,#2209,.T.);
#7192=EDGE_CURVE('',#3586,#3598,#2213,.T.);
#7194=EDGE_CURVE('',#3925,#3586,#2217,.T.);
#7204=EDGE_CURVE('',#3921,#3922,#2222,.T.);
#7206=EDGE_CURVE('',#3926,#3922,#2242,.T.);
#7209=EDGE_CURVE('',#3925,#3921,#2238,.T.);
#7220=EDGE_CURVE('',#3921,#3585,#2226,.T.);
#7222=EDGE_CURVE('',#3585,#3596,#2230,.T.);
#7226=EDGE_CURVE('',#3590,#3922,#2234,.T.);
#7238=EDGE_CURVE('',#3585,#3586,#2246,.T.);
#7275=EDGE_CURVE('',#3409,#3410,#2254,.T.);
#7277=EDGE_CURVE('',#3410,#3412,#2259,.T.);
#7279=EDGE_CURVE('',#3412,#3422,#2263,.T.);
#7291=EDGE_CURVE('',#3415,#3416,#2280,.T.);
#7293=EDGE_CURVE('',#3410,#3416,#2292,.T.);
#7304=EDGE_CURVE('',#3418,#3426,#2271,.T.);
#7306=EDGE_CURVE('',#3416,#3418,#2276,.T.);
#7320=EDGE_CURVE('',#3412,#3418,#2288,.T.);
#7343=EDGE_CURVE('',#3933,#3934,#2297,.T.);
#7345=EDGE_CURVE('',#3610,#3934,#2301,.T.);
#7349=EDGE_CURVE('',#3602,#3614,#2305,.T.);
#7351=EDGE_CURVE('',#3933,#3602,#2309,.T.);
#7361=EDGE_CURVE('',#3929,#3930,#2314,.T.);
#7363=EDGE_CURVE('',#3934,#3930,#2334,.T.);
#7366=EDGE_CURVE('',#3933,#3929,#2330,.T.);
#7377=EDGE_CURVE('',#3929,#3601,#2318,.T.);
#7379=EDGE_CURVE('',#3601,#3612,#2322,.T.);
#7383=EDGE_CURVE('',#3606,#3930,#2326,.T.);
#7395=EDGE_CURVE('',#3601,#3602,#2338,.T.);
#7430=EDGE_CURVE('',#3941,#3942,#2343,.T.);
#7432=EDGE_CURVE('',#3626,#3942,#2347,.T.);
#7436=EDGE_CURVE('',#3618,#3630,#2351,.T.);
#7438=EDGE_CURVE('',#3941,#3618,#2355,.T.);
#7448=EDGE_CURVE('',#3937,#3938,#2360,.T.);
#7450=EDGE_CURVE('',#3942,#3938,#2380,.T.);
#7453=EDGE_CURVE('',#3941,#3937,#2376,.T.);
#7464=EDGE_CURVE('',#3937,#3617,#2364,.T.);
#7466=EDGE_CURVE('',#3617,#3628,#2368,.T.);
#7470=EDGE_CURVE('',#3622,#3938,#2372,.T.);
#7482=EDGE_CURVE('',#3617,#3618,#2384,.T.);
#7517=EDGE_CURVE('',#3949,#3950,#2389,.T.);
#7519=EDGE_CURVE('',#3642,#3950,#2393,.T.);
#7523=EDGE_CURVE('',#3634,#3646,#2397,.T.);
#7525=EDGE_CURVE('',#3949,#3634,#2401,.T.);
#7535=EDGE_CURVE('',#3945,#3946,#2406,.T.);
#7537=EDGE_CURVE('',#3950,#3946,#2426,.T.);
#7540=EDGE_CURVE('',#3949,#3945,#2422,.T.);
#7551=EDGE_CURVE('',#3945,#3633,#2410,.T.);
#7553=EDGE_CURVE('',#3633,#3644,#2414,.T.);
#7557=EDGE_CURVE('',#3638,#3946,#2418,.T.);
#7569=EDGE_CURVE('',#3633,#3634,#2430,.T.);
#7604=EDGE_CURVE('',#3521,#3522,#2434,.T.);
#7606=EDGE_CURVE('',#3156,#3522,#2438,.T.);
#7608=EDGE_CURVE('',#3134,#3156,#2598,.T.);
#7612=EDGE_CURVE('',#3518,#3521,#2446,.T.);
#7625=EDGE_CURVE('',#3513,#3525,#2462,.T.);
#7636=EDGE_CURVE('',#3798,#3806,#2470,.T.);
#7639=EDGE_CURVE('',#3777,#3785,#2478,.T.);
#7650=EDGE_CURVE('',#3814,#3822,#2486,.T.);
#7653=EDGE_CURVE('',#3793,#3801,#2494,.T.);
#7664=EDGE_CURVE('',#3830,#3838,#2502,.T.);
#7667=EDGE_CURVE('',#3809,#3817,#2510,.T.);
#7678=EDGE_CURVE('',#3846,#3854,#2518,.T.);
#7681=EDGE_CURVE('',#3825,#3833,#2526,.T.);
#7692=EDGE_CURVE('',#3862,#3870,#2534,.T.);
#7695=EDGE_CURVE('',#3841,#3849,#2542,.T.);
#7706=EDGE_CURVE('',#3878,#3886,#2550,.T.);
#7709=EDGE_CURVE('',#3857,#3865,#2558,.T.);
#7721=EDGE_CURVE('',#3158,#3150,#2606,.T.);
#7723=EDGE_CURVE('',#3158,#3166,#2566,.T.);
#7726=EDGE_CURVE('',#3873,#3881,#2574,.T.);
#7737=EDGE_CURVE('',#3530,#3521,#2578,.T.);
#7740=EDGE_CURVE('',#3522,#3528,#2590,.T.);
#7764=EDGE_CURVE('',#3156,#3160,#2602,.T.);
#7790=EDGE_CURVE('',#3158,#3162,#2610,.T.);
#7980=EDGE_CURVE('',#3533,#3534,#2646,.T.);
#7982=EDGE_CURVE('',#3534,#4072,#2650,.T.);
#7985=EDGE_CURVE('',#3550,#3533,#2654,.T.);
#7996=EDGE_CURVE('',#3533,#3542,#2662,.T.);
#7998=EDGE_CURVE('',#3542,#3546,#2694,.T.);
#8000=EDGE_CURVE('',#3534,#3546,#2682,.T.);
#8010=EDGE_CURVE('',#3540,#3537,#2658,.T.);
#8012=EDGE_CURVE('',#3542,#3540,#2698,.T.);
#8017=EDGE_CURVE('',#3548,#3537,#2670,.T.);
#8027=EDGE_CURVE('',#3537,#3538,#2666,.T.);
#8029=EDGE_CURVE('',#3544,#3538,#2678,.T.);
#8031=EDGE_CURVE('',#3540,#3544,#2690,.T.);
#8045=EDGE_CURVE('',#3538,#4074,#2674,.T.);
#8060=EDGE_CURVE('',#3546,#3544,#2686,.T.);
#8082=EDGE_CURVE('',#3961,#3962,#2702,.T.);
#8084=EDGE_CURVE('',#3962,#4078,#2706,.T.);
#8087=EDGE_CURVE('',#4077,#3961,#2710,.T.);
#8098=EDGE_CURVE('',#3961,#3970,#2718,.T.);
#8100=EDGE_CURVE('',#3970,#3974,#2750,.T.);
#8102=EDGE_CURVE('',#3962,#3974,#2738,.T.);
#8112=EDGE_CURVE('',#3968,#3965,#2714,.T.);
#8114=EDGE_CURVE('',#3970,#3968,#2754,.T.);
#8119=EDGE_CURVE('',#4081,#3965,#2726,.T.);
#8129=EDGE_CURVE('',#3965,#3966,#2722,.T.);
#8131=EDGE_CURVE('',#3972,#3966,#2734,.T.);
#8133=EDGE_CURVE('',#3968,#3972,#2746,.T.);
#8147=EDGE_CURVE('',#3966,#4082,#2730,.T.);
#8162=EDGE_CURVE('',#3974,#3972,#2742,.T.);
#8184=EDGE_CURVE('',#3977,#3978,#2758,.T.);
#8186=EDGE_CURVE('',#3978,#4086,#2762,.T.);
#8189=EDGE_CURVE('',#4085,#3977,#2766,.T.);
#8200=EDGE_CURVE('',#3977,#3986,#2774,.T.);
#8202=EDGE_CURVE('',#3986,#3990,#2806,.T.);
#8204=EDGE_CURVE('',#3978,#3990,#2794,.T.);
#8214=EDGE_CURVE('',#3984,#3981,#2770,.T.);
#8216=EDGE_CURVE('',#3986,#3984,#2810,.T.);
#8221=EDGE_CURVE('',#4089,#3981,#2782,.T.);
#8231=EDGE_CURVE('',#3981,#3982,#2778,.T.);
#8233=EDGE_CURVE('',#3988,#3982,#2790,.T.);
#8235=EDGE_CURVE('',#3984,#3988,#2802,.T.);
#8249=EDGE_CURVE('',#3982,#4090,#2786,.T.);
#8264=EDGE_CURVE('',#3990,#3988,#2798,.T.);
#8286=EDGE_CURVE('',#3993,#3994,#2814,.T.);
#8288=EDGE_CURVE('',#3994,#4094,#2818,.T.);
#8291=EDGE_CURVE('',#4093,#3993,#2822,.T.);
#8302=EDGE_CURVE('',#3993,#4002,#2830,.T.);
#8304=EDGE_CURVE('',#4002,#4006,#2862,.T.);
#8306=EDGE_CURVE('',#3994,#4006,#2850,.T.);
#8316=EDGE_CURVE('',#4000,#3997,#2826,.T.);
#8318=EDGE_CURVE('',#4002,#4000,#2866,.T.);
#8323=EDGE_CURVE('',#4097,#3997,#2838,.T.);
#8333=EDGE_CURVE('',#3997,#3998,#2834,.T.);
#8335=EDGE_CURVE('',#4004,#3998,#2846,.T.);
#8337=EDGE_CURVE('',#4000,#4004,#2858,.T.);
#8351=EDGE_CURVE('',#3998,#4098,#2842,.T.);
#8366=EDGE_CURVE('',#4006,#4004,#2854,.T.);
#8388=EDGE_CURVE('',#4009,#4010,#2870,.T.);
#8390=EDGE_CURVE('',#4010,#4102,#2874,.T.);
#8393=EDGE_CURVE('',#4101,#4009,#2878,.T.);
#8404=EDGE_CURVE('',#4009,#4018,#2886,.T.);
#8406=EDGE_CURVE('',#4018,#4022,#2918,.T.);
#8408=EDGE_CURVE('',#4010,#4022,#2906,.T.);
#8418=EDGE_CURVE('',#4016,#4013,#2882,.T.);
#8420=EDGE_CURVE('',#4018,#4016,#2922,.T.);
#8425=EDGE_CURVE('',#4105,#4013,#2894,.T.);
#8435=EDGE_CURVE('',#4013,#4014,#2890,.T.);
#8437=EDGE_CURVE('',#4020,#4014,#2902,.T.);
#8439=EDGE_CURVE('',#4016,#4020,#2914,.T.);
#8453=EDGE_CURVE('',#4014,#4106,#2898,.T.);
#8468=EDGE_CURVE('',#4022,#4020,#2910,.T.);
#8490=EDGE_CURVE('',#4025,#4026,#2926,.T.);
#8492=EDGE_CURVE('',#4026,#4110,#2930,.T.);
#8495=EDGE_CURVE('',#4109,#4025,#2934,.T.);
#8506=EDGE_CURVE('',#4025,#4034,#2942,.T.);
#8508=EDGE_CURVE('',#4034,#4038,#2974,.T.);
#8510=EDGE_CURVE('',#4026,#4038,#2962,.T.);
#8520=EDGE_CURVE('',#4032,#4029,#2938,.T.);
#8522=EDGE_CURVE('',#4034,#4032,#2978,.T.);
#8527=EDGE_CURVE('',#4113,#4029,#2950,.T.);
#8537=EDGE_CURVE('',#4029,#4030,#2946,.T.);
#8539=EDGE_CURVE('',#4036,#4030,#2958,.T.);
#8541=EDGE_CURVE('',#4032,#4036,#2970,.T.);
#8555=EDGE_CURVE('',#4030,#4114,#2954,.T.);
#8570=EDGE_CURVE('',#4038,#4036,#2966,.T.);
#8592=EDGE_CURVE('',#4041,#4042,#2982,.T.);
#8594=EDGE_CURVE('',#4042,#4118,#2986,.T.);
#8597=EDGE_CURVE('',#4117,#4041,#2990,.T.);
#8608=EDGE_CURVE('',#4041,#4050,#2998,.T.);
#8610=EDGE_CURVE('',#4050,#4054,#3030,.T.);
#8612=EDGE_CURVE('',#4042,#4054,#3018,.T.);
#8622=EDGE_CURVE('',#4048,#4045,#2994,.T.);
#8624=EDGE_CURVE('',#4050,#4048,#3034,.T.);
#8629=EDGE_CURVE('',#4121,#4045,#3006,.T.);
#8639=EDGE_CURVE('',#4045,#4046,#3002,.T.);
#8641=EDGE_CURVE('',#4052,#4046,#3014,.T.);
#8643=EDGE_CURVE('',#4048,#4052,#3026,.T.);
#8657=EDGE_CURVE('',#4046,#4122,#3010,.T.);
#8672=EDGE_CURVE('',#4054,#4052,#3022,.T.);
#8694=EDGE_CURVE('',#4057,#4058,#3038,.T.);
#8696=EDGE_CURVE('',#4058,#4126,#3042,.T.);
#8699=EDGE_CURVE('',#4125,#4057,#3046,.T.);
#8710=EDGE_CURVE('',#4057,#4066,#3054,.T.);
#8712=EDGE_CURVE('',#4066,#4070,#3086,.T.);
#8714=EDGE_CURVE('',#4058,#4070,#3074,.T.);
#8724=EDGE_CURVE('',#4064,#4061,#3050,.T.);
#8726=EDGE_CURVE('',#4066,#4064,#3090,.T.);
#8731=EDGE_CURVE('',#4129,#4061,#3062,.T.);
#8741=EDGE_CURVE('',#4061,#4062,#3058,.T.);
#8743=EDGE_CURVE('',#4068,#4062,#3070,.T.);
#8745=EDGE_CURVE('',#4064,#4068,#3082,.T.);
#8759=EDGE_CURVE('',#4062,#4130,#3066,.T.);
#8774=EDGE_CURVE('',#4070,#4068,#3078,.T.);
#8798=EDGE_CURVE('',#3485,#3486,#3094,.T.);
#8800=EDGE_CURVE('',#3465,#3485,#3098,.T.);
#8811=EDGE_CURVE('',#3485,#3466,#3102,.T.);
#8835=EDGE_CURVE('',#3497,#3490,#3110,.T.);
#8837=EDGE_CURVE('',#3489,#3490,#3114,.T.);
#8839=EDGE_CURVE('',#3493,#3489,#3118,.T.);
#8850=EDGE_CURVE('',#3490,#3498,#3106,.T.);
#8862=EDGE_CURVE('',#3489,#3494,#3122,.T.);
#8890=CIRCLE('',#8889,7.6E-1);
#8891=TRIMMED_CURVE('',#8890,(PARAMETER_VALUE(0.E0)),(PARAMETER_VALUE(1.8E2)),
.T.,.UNSPECIFIED.);
#8892=COMPOSITE_CURVE_SEGMENT(.CONTINUOUS.,.T.,#8891);
#8897=CIRCLE('',#8896,7.6E-1);
#8898=TRIMMED_CURVE('',#8897,(PARAMETER_VALUE(0.E0)),(PARAMETER_VALUE(1.8E2)),
.T.,.UNSPECIFIED.);
#8899=COMPOSITE_CURVE_SEGMENT(.CONTINUOUS.,.T.,#8898);
#8900=COMPOSITE_CURVE('',(#8892,#8899),.F.);
#8906=CIRCLE('',#8905,7.6E-1);
#8907=TRIMMED_CURVE('',#8906,(PARAMETER_VALUE(0.E0)),(PARAMETER_VALUE(1.8E2)),
.T.,.UNSPECIFIED.);
#8908=COMPOSITE_CURVE_SEGMENT(.CONTINUOUS.,.T.,#8907);
#8913=CIRCLE('',#8912,7.6E-1);
#8914=TRIMMED_CURVE('',#8913,(PARAMETER_VALUE(0.E0)),(PARAMETER_VALUE(1.8E2)),
.T.,.UNSPECIFIED.);
#8915=COMPOSITE_CURVE_SEGMENT(.CONTINUOUS.,.T.,#8914);
#8916=COMPOSITE_CURVE('',(#8908,#8915),.F.);
#8921=CIRCLE('',#8920,7.6E-1);
#8922=TRIMMED_CURVE('',#8921,(PARAMETER_VALUE(0.E0)),(PARAMETER_VALUE(1.8E2)),
.T.,.UNSPECIFIED.);
#8923=COMPOSITE_CURVE_SEGMENT(.CONTINUOUS.,.T.,#8922);
#8928=CIRCLE('',#8927,7.6E-1);
#8929=TRIMMED_CURVE('',#8928,(PARAMETER_VALUE(0.E0)),(PARAMETER_VALUE(1.8E2)),
.T.,.UNSPECIFIED.);
#8930=COMPOSITE_CURVE_SEGMENT(.CONTINUOUS.,.T.,#8929);
#8931=COMPOSITE_CURVE('',(#8923,#8930),.F.);
#8936=CIRCLE('',#8935,7.6E-1);
#8937=TRIMMED_CURVE('',#8936,(PARAMETER_VALUE(0.E0)),(PARAMETER_VALUE(1.8E2)),
.T.,.UNSPECIFIED.);
#8938=COMPOSITE_CURVE_SEGMENT(.CONTINUOUS.,.T.,#8937);
#8943=CIRCLE('',#8942,7.6E-1);
#8944=TRIMMED_CURVE('',#8943,(PARAMETER_VALUE(0.E0)),(PARAMETER_VALUE(1.8E2)),
.T.,.UNSPECIFIED.);
#8945=COMPOSITE_CURVE_SEGMENT(.CONTINUOUS.,.T.,#8944);
#8946=COMPOSITE_CURVE('',(#8938,#8945),.F.);
#8951=CIRCLE('',#8950,7.6E-1);
#8952=TRIMMED_CURVE('',#8951,(PARAMETER_VALUE(0.E0)),(PARAMETER_VALUE(1.8E2)),
.T.,.UNSPECIFIED.);
#8953=COMPOSITE_CURVE_SEGMENT(.CONTINUOUS.,.T.,#8952);
#8958=CIRCLE('',#8957,7.6E-1);
#8959=TRIMMED_CURVE('',#8958,(PARAMETER_VALUE(0.E0)),(PARAMETER_VALUE(1.8E2)),
.T.,.UNSPECIFIED.);
#8960=COMPOSITE_CURVE_SEGMENT(.CONTINUOUS.,.T.,#8959);
#8961=COMPOSITE_CURVE('',(#8953,#8960),.F.);
#8966=CIRCLE('',#8965,7.6E-1);
#8967=TRIMMED_CURVE('',#8966,(PARAMETER_VALUE(0.E0)),(PARAMETER_VALUE(1.8E2)),
.T.,.UNSPECIFIED.);
#8968=COMPOSITE_CURVE_SEGMENT(.CONTINUOUS.,.T.,#8967);
#8973=CIRCLE('',#8972,7.6E-1);
#8974=TRIMMED_CURVE('',#8973,(PARAMETER_VALUE(0.E0)),(PARAMETER_VALUE(1.8E2)),
.T.,.UNSPECIFIED.);
#8975=COMPOSITE_CURVE_SEGMENT(.CONTINUOUS.,.T.,#8974);
#8976=COMPOSITE_CURVE('',(#8968,#8975),.F.);
#8981=CIRCLE('',#8980,7.6E-1);
#8982=TRIMMED_CURVE('',#8981,(PARAMETER_VALUE(0.E0)),(PARAMETER_VALUE(1.8E2)),
.T.,.UNSPECIFIED.);
#8983=COMPOSITE_CURVE_SEGMENT(.CONTINUOUS.,.T.,#8982);
#8988=CIRCLE('',#8987,7.6E-1);
#8989=TRIMMED_CURVE('',#8988,(PARAMETER_VALUE(0.E0)),(PARAMETER_VALUE(1.8E2)),
.T.,.UNSPECIFIED.);
#8990=COMPOSITE_CURVE_SEGMENT(.CONTINUOUS.,.T.,#8989);
#8991=COMPOSITE_CURVE('',(#8983,#8990),.F.);
#8996=CIRCLE('',#8995,7.6E-1);
#8997=TRIMMED_CURVE('',#8996,(PARAMETER_VALUE(0.E0)),(PARAMETER_VALUE(1.8E2)),
.T.,.UNSPECIFIED.);
#8998=COMPOSITE_CURVE_SEGMENT(.CONTINUOUS.,.T.,#8997);
#9003=CIRCLE('',#9002,7.6E-1);
#9004=TRIMMED_CURVE('',#9003,(PARAMETER_VALUE(0.E0)),(PARAMETER_VALUE(1.8E2)),
.T.,.UNSPECIFIED.);
#9005=COMPOSITE_CURVE_SEGMENT(.CONTINUOUS.,.T.,#9004);
#9006=COMPOSITE_CURVE('',(#8998,#9005),.F.);
#9011=TRIMMED_CURVE('',#9010,(PARAMETER_VALUE(0.E0)),(PARAMETER_VALUE(1.E0)),
.T.,.UNSPECIFIED.);
#9012=COMPOSITE_CURVE_SEGMENT(.CONTINUOUS.,.T.,#9011);
#9013=COMPOSITE_CURVE('',(#9012),.F.);
#9018=TRIMMED_CURVE('',#9017,(PARAMETER_VALUE(0.E0)),(PARAMETER_VALUE(1.E0)),
.T.,.UNSPECIFIED.);
#9019=COMPOSITE_CURVE_SEGMENT(.CONTINUOUS.,.T.,#9018);
#9020=COMPOSITE_CURVE('',(#9019),.F.);
#9025=TRIMMED_CURVE('',#9024,(PARAMETER_VALUE(0.E0)),(PARAMETER_VALUE(1.E0)),
.T.,.UNSPECIFIED.);
#9030=TRIMMED_CURVE('',#9029,(PARAMETER_VALUE(0.E0)),(PARAMETER_VALUE(1.E0)),
.T.,.UNSPECIFIED.);
#9035=TRIMMED_CURVE('',#9034,(PARAMETER_VALUE(0.E0)),(PARAMETER_VALUE(1.E0)),
.T.,.UNSPECIFIED.);
#9040=TRIMMED_CURVE('',#9039,(PARAMETER_VALUE(0.E0)),(PARAMETER_VALUE(1.E0)),
.T.,.UNSPECIFIED.);
#9045=TRIMMED_CURVE('',#9044,(PARAMETER_VALUE(0.E0)),(PARAMETER_VALUE(1.E0)),
.T.,.UNSPECIFIED.);
#9050=TRIMMED_CURVE('',#9049,(PARAMETER_VALUE(0.E0)),(PARAMETER_VALUE(1.E0)),
.T.,.UNSPECIFIED.);
#9055=TRIMMED_CURVE('',#9054,(PARAMETER_VALUE(0.E0)),(PARAMETER_VALUE(1.E0)),
.T.,.UNSPECIFIED.);
#9056=(LENGTH_UNIT()NAMED_UNIT(*)SI_UNIT(.MILLI.,.METRE.));
#9058=(NAMED_UNIT(*)PLANE_ANGLE_UNIT()SI_UNIT($,.RADIAN.));
#9061=(NAMED_UNIT(*)SI_UNIT($,.STERADIAN.)SOLID_ANGLE_UNIT());
#9064=ADVANCED_BREP_SHAPE_REPRESENTATION('',(#8881),#9063);
#9065=GEOMETRICALLY_BOUNDED_SURFACE_SHAPE_REPRESENTATION('',(#8901),#9063);
#9066=SHAPE_REPRESENTATION('',(#8885),#9063);
#9075=PRODUCT_DEFINITION('design','',#9074,#9071);
#9076=PRODUCT_DEFINITION_SHAPE('','SHAPE FOR 009483086.',#9075);
#9077=SHAPE_DEFINITION_REPRESENTATION(#9076,#9066);
ENDSEC;
END-ISO-10303-21;
